frame,timestamp_seconds,track_id,replay_fighter_label,replay_score,replay_reject_reason,id_reset_side_score,id_red_wrist_score,id_blue_glove_score,id_blue_torso_score,id_pose_reference_score,reference_match_score,id_exclude_reference_score,strike_candidate_type,strike_confirmed,estimated_action
1,0.0,3,fighter-3,0.4047,not_competition_fighter;red_gloves,0.0,0.2576,0.0,0.001,0.8463,0.4875,0.8892,,False,
1,0.0,2,fighter-2,0.4881,red_gloves,0.0,0.2882,0.0,0.0328,0.8772,0.7909,0.7625,,False,
1,0.0,1,Ben,0.6675,,1.0,0.0,0.1146,0.0313,0.8808,0.9501,0.8201,,False,
2,0.033,3,fighter-3,0.5159,not_competition_fighter;red_gloves,0.0,0.2626,0.0,0.0072,0.8327,0.4953,0.8985,,False,
2,0.033,2,fighter-2,0.6598,red_gloves,0.0,0.1732,0.0,0.0729,0.8866,0.7631,0.7401,,False,
2,0.033,1,Ben,0.8681,,1.0,0.0,0.1285,0.0281,0.875,0.961,0.827,,False,
3,0.067,3,fighter-3,0.5070,not_competition_fighter;red_gloves,0.0,0.3502,0.0,0.0101,0.8304,0.4563,0.8919,,False,
3,0.067,2,fighter-2,0.6575,red_gloves,0.0,0.1979,0.0,0.1202,0.8891,0.7531,0.7127,,False,
3,0.067,1,Ben,0.8712,,1.0,0.0,0.1076,0.068,0.8792,0.9678,0.8116,,False,
4,0.1,3,fighter-3,0.5107,not_competition_fighter;red_gloves,0.0,0.349,0.0,0.0169,0.8204,0.471,0.8961,,False,
4,0.1,2,fighter-2,0.6507,red_gloves,0.0,0.1354,0.0,0.0717,0.8791,0.7399,0.7054,,False,
4,0.1,1,Ben,0.8686,,1.0,0.0,0.1111,0.0852,0.8771,0.96,0.8287,,False,
5,0.133,3,fighter-3,0.5135,not_competition_fighter;red_gloves,0.0,0.3502,0.0,0.024,0.8234,0.4774,0.8988,,False,
5,0.133,2,fighter-2,0.6462,red_gloves,0.0,0.1076,0.0,0.1179,0.8795,0.7254,0.6873,,False,
5,0.133,1,Ben,0.8670,,1.0,0.0,0.125,0.1218,0.8773,0.9528,0.8121,,False,
6,0.167,3,fighter-3,0.5048,not_competition_fighter;red_gloves,0.0,0.353,0.0,0.0215,0.8092,0.457,0.8897,,False,
6,0.167,2,fighter-2,0.6430,red_gloves,0.0,0.0903,0.0,0.0901,0.8735,0.7211,0.6999,,False,
6,0.167,1,Ben,0.8663,,1.0,0.0,0.1076,0.1469,0.8771,0.9503,0.8302,,False,
7,0.2,3,fighter-3,0.5019,not_competition_fighter;red_gloves,0.0,0.3571,0.0,0.0327,0.8004,0.4577,0.8843,,False,
7,0.2,2,fighter-2,0.6382,red_gloves,0.0,0.0868,0.0,0.0843,0.8733,0.7038,0.7013,,False,
7,0.2,1,Ben,0.8626,,1.0,0.0,0.1181,0.1791,0.8721,0.9422,0.8206,,False,
8,0.233,3,fighter-3,0.4964,not_competition_fighter;red_gloves,0.0,0.1449,0.0,0.0441,0.7907,0.4613,0.8906,punch,False,
8,0.233,2,fighter-2,0.6288,red_gloves,0.0,0.1528,0.0,0.0929,0.8597,0.6834,0.6757,,False,
8,0.233,1,fighter-1,0.8656,blue_torso,1.0,0.0,0.0833,0.1835,0.8715,0.9555,0.8048,,False,
9,0.267,3,fighter-3,0.4989,not_competition_fighter;red_gloves,0.0,0.2846,0.0,0.0424,0.7935,0.4586,0.8875,,False,
9,0.267,2,fighter-2,0.6222,red_gloves,0.0,0.1146,0.0,0.0672,0.8462,0.6826,0.6797,,False,
9,0.267,1,fighter-1,0.7154,blue_torso,1.0,0.0,0.0486,0.1832,0.863,0.9512,0.8065,,False,
10,0.3,3,fighter-3,0.5055,not_competition_fighter;red_gloves,0.0,0.3128,0.0,0.0478,0.8055,0.469,0.8969,,False,
10,0.3,2,fighter-2,0.6300,red_gloves,0.0,0.1354,0.0,0.0,0.8159,0.7856,0.8039,,False,
10,0.3,1,fighter-1,0.7167,blue_torso,1.0,0.0,0.059,0.1915,0.8686,0.9539,0.8064,,False,
11,0.333,3,fighter-3,0.4990,not_competition_fighter;red_gloves;exclude_reference,0.0,0.3575,0.0,0.0451,0.8096,0.4675,0.9021,,False,
11,0.333,1,fighter-1,0.7160,blue_torso,1.0,0.0,0.0694,0.1821,0.8783,0.956,0.814,,False,
12,0.367,3,fighter-3,0.4959,not_competition_fighter;red_gloves;exclude_reference,0.0,0.3555,0.0,0.0376,0.807,0.4619,0.9062,,False,
12,0.367,1,Ben,0.7184,,1.0,0.0,0.059,0.1589,0.8784,0.9603,0.8096,,False,
13,0.4,3,fighter-3,0.4951,not_competition_fighter;red_gloves;exclude_reference,0.0,0.3557,0.0,0.034,0.8064,0.4591,0.9121,,False,
13,0.4,1,Ben,0.8705,,1.0,0.0,0.0521,0.1451,0.8783,0.9661,0.8083,,False,
14,0.433,3,fighter-3,0.5024,not_competition_fighter;red_gloves;exclude_reference,0.0,0.3614,0.0,0.0338,0.8179,0.4684,0.916,,False,
14,0.433,1,Ben,0.8674,,1.0,0.0,0.0312,0.1223,0.878,0.9537,0.801,,False,
15,0.467,3,fighter-3,0.5021,not_competition_fighter;red_gloves;exclude_reference,0.0,0.3642,0.0,0.0333,0.8086,0.4799,0.9167,,False,
15,0.467,1,Ben,0.8656,,1.0,0.0,0.0,0.09,0.8725,0.954,0.81,,False,
16,0.5,3,fighter-3,0.4951,not_competition_fighter;red_gloves;exclude_reference,0.0,0.3638,0.0,0.0301,0.7947,0.473,0.9174,,False,
16,0.5,1,Ben,0.8659,,1.0,0.0,0.0104,0.0713,0.8754,0.951,0.8017,,False,
17,0.534,3,fighter-3,0.4987,not_competition_fighter;red_gloves;exclude_reference,0.0,0.3648,0.0,0.0297,0.7852,0.4967,0.927,,False,
17,0.534,1,Ben,0.8672,,1.0,0.0,0.0243,0.0412,0.8758,0.956,0.8155,,False,
18,0.567,3,fighter-3,0.5054,not_competition_fighter;red_gloves;exclude_reference,0.0,0.3397,0.0,0.0357,0.8014,0.4988,0.9232,,False,
18,0.567,1,Ben,0.8703,,1.0,0.0,0.0451,0.0529,0.8836,0.9579,0.8145,,False,
19,0.6,4,fighter-4,0.5709,not_competition_fighter;blue_torso,0.0,0.0757,0.0,0.2851,0.9092,0.645,0.8547,,False,
19,0.6,3,fighter-3,0.4996,not_competition_fighter;red_gloves;exclude_reference,0.0,0.3645,0.0,0.0351,0.7824,0.5017,0.9264,,False,
19,0.6,1,Ben,0.8753,,1.0,0.0521,0.0347,0.06,0.9004,0.955,0.83,,False,
20,0.634,4,fighter-4,0.5635,not_competition_fighter;blue_torso,0.0,0.064,0.0,0.2846,0.8902,0.6434,0.8619,,False,
20,0.634,3,fighter-3,0.5014,not_competition_fighter;red_gloves;exclude_reference,0.0,0.3659,0.0,0.0358,0.7818,0.5071,0.9268,,False,
20,0.634,1,Ben,0.8773,,1.0,0.069,0.0174,0.0503,0.9075,0.953,0.8331,,False,
21,0.667,4,fighter-4,0.5634,not_competition_fighter;blue_torso,0.0,0.0742,0.0,0.2826,0.8978,0.6346,0.8569,,False,
21,0.667,3,fighter-3,0.5023,not_competition_fighter;red_gloves;exclude_reference,0.0,0.3671,0.0,0.0366,0.7841,0.5065,0.9289,,False,
21,0.667,1,Ben,0.8722,,1.0,0.0378,0.0,0.0672,0.9041,0.9367,0.8702,,False,
22,0.7,4,fighter-4,0.5613,not_competition_fighter;blue_torso;red_gloves,0.0,0.0817,0.0,0.2429,0.9008,0.6249,0.8446,,False,
22,0.7,3,fighter-3,0.4987,not_competition_fighter;red_gloves;exclude_reference,0.0,0.361,0.0,0.0255,0.7732,0.5109,0.9334,,False,
22,0.7,1,Ben,0.8742,,1.0,0.0129,0.0,0.0752,0.913,0.9326,0.8808,,False,
23,0.734,4,fighter-4,0.5702,not_competition_fighter;blue_torso,0.0,0.0673,0.0,0.2454,0.9063,0.6518,0.8581,,False,
23,0.734,3,fighter-3,0.5035,not_competition_fighter;red_gloves;exclude_reference,0.0,0.3581,0.0,0.0255,0.7828,0.5153,0.9412,,False,
23,0.734,1,Ben,0.8765,,1.0,0.0153,0.0,0.062,0.9208,0.9311,0.8771,,False,
24,0.767,3,fighter-3,0.5093,not_competition_fighter;red_gloves;exclude_reference,0.0,0.3299,0.0,0.0108,0.8012,0.5148,0.9343,,False,
24,0.767,1,Ben,0.8785,,1.0,0.0284,0.0,0.062,0.9224,0.9371,0.8621,,False,
25,0.8,3,fighter-3,0.4638,not_competition_fighter;red_gloves;exclude_reference;face_mismatch,0.0,0.3478,0.0,0.0082,0.7946,0.5091,0.9393,,False,
25,0.8,1,Ben,0.8814,,1.0,0.0236,0.0,0.043,0.9267,0.9432,0.8413,,False,
26,0.834,3,fighter-3,0.4560,not_competition_fighter;red_gloves;exclude_reference;face_mismatch,0.0,0.3408,0.0,0.007,0.7819,0.4993,0.9399,,False,
26,0.834,1,Ben,0.8818,,1.0,0.0516,0.0104,0.0469,0.9264,0.9451,0.8293,,False,
27,0.867,4,fighter-4,0.5647,not_competition_fighter;blue_torso,0.0,0.0763,0.0,0.1897,0.9184,0.6174,0.8392,,False,
27,0.867,3,fighter-3,0.4546,not_competition_fighter;red_gloves;exclude_reference;face_mismatch,0.0,0.3199,0.0,0.004,0.7822,0.4956,0.93,,False,
27,0.867,1,Ben,0.8782,,1.0,0.0324,0.0486,0.0448,0.9213,0.9372,0.8105,,False,
28,0.9,4,fighter-4,0.5600,not_competition_fighter;blue_torso;red_gloves,0.0,0.0804,0.0,0.1873,0.9166,0.6038,0.8239,,False,
28,0.9,3,fighter-3,0.4514,not_competition_fighter;red_gloves;exclude_reference;face_mismatch,0.0,0.3057,0.0,0.0026,0.7774,0.4938,0.9336,,False,
28,0.9,1,Ben,0.8743,,1.0,0.0067,0.059,0.0414,0.9188,0.9248,0.8195,,False,
29,0.934,3,fighter-3,0.4913,not_competition_fighter;red_gloves;exclude_reference,0.0,0.3233,0.0,0.0014,0.7785,0.4829,0.9323,,False,
29,0.934,1,Ben,0.8740,,1.0,0.0447,0.0382,0.0465,0.9217,0.9191,0.8041,,False,
30,0.967,3,fighter-3,0.4462,not_competition_fighter;red_gloves;exclude_reference;face_mismatch,0.0,0.3413,0.0,0.0019,0.7808,0.4774,0.9377,,False,
30,0.967,1,Ben,0.8746,,1.0,0.0388,0.0382,0.0552,0.9217,0.9217,0.7968,,False,
31,1.0,3,fighter-3,0.4911,not_competition_fighter;red_gloves;exclude_reference,0.0,0.3337,0.0,0.0016,0.7718,0.4889,0.9322,,False,
31,1.0,1,Ben,0.8719,,1.0,0.0196,0.0382,0.0521,0.9219,0.9103,0.7925,,False,
32,1.034,3,fighter-3,0.4889,not_competition_fighter;red_gloves;exclude_reference,0.0,0.3514,0.0,0.0007,0.7679,0.4851,0.923,,False,
32,1.034,1,Ben,0.8693,,1.0,0.0165,0.0451,0.0533,0.9228,0.8983,0.7837,,False,
33,1.067,3,fighter-3,0.4833,not_competition_fighter;red_gloves;exclude_reference,0.0,0.3552,0.0,0.0036,0.7573,0.4804,0.9296,,False,
33,1.067,1,Ben,0.8646,,1.0,0.0197,0.0174,0.0817,0.9155,0.8889,0.7562,,False,
34,1.1,3,fighter-3,0.4793,not_competition_fighter;red_gloves;exclude_reference,0.0,0.3543,0.0,0.0078,0.7588,0.4664,0.9345,,False,
34,1.1,1,Ben,0.8637,,1.0,0.014,0.0035,0.1062,0.9125,0.8893,0.749,,False,
35,1.134,3,fighter-3,0.4808,not_competition_fighter;red_gloves;exclude_reference,0.0,0.3566,0.0,0.0131,0.7572,0.4736,0.9327,,False,
35,1.134,1,Ben,0.8649,,1.0,0.0558,0.0,0.1361,0.9091,0.8992,0.7582,,False,
36,1.167,3,fighter-3,0.4785,not_competition_fighter;red_gloves;exclude_reference,0.0,0.3476,0.0,0.0171,0.7621,0.4618,0.9311,,False,
36,1.167,1,Ben,0.8701,,1.0,0.048,0.0,0.1383,0.9138,0.9142,0.7751,,False,
37,1.2,3,fighter-3,0.4886,not_competition_fighter;red_gloves;exclude_reference,0.0,0.3542,0.0,0.0069,0.7744,0.4786,0.937,,False,
37,1.2,1,Ben,0.8702,,1.0,0.0363,0.0,0.1471,0.9067,0.9247,0.7778,,False,
38,1.234,3,fighter-3,0.4929,not_competition_fighter;red_gloves;exclude_reference,0.0,0.349,0.0,0.0031,0.7947,0.4673,0.922,,False,
38,1.234,1,Ben,0.8659,,1.0,0.0274,0.0,0.1545,0.8992,0.9175,0.7594,,False,
39,1.267,3,fighter-3,0.4760,not_competition_fighter;red_gloves;exclude_reference,0.0,0.3447,0.0,0.0042,0.7521,0.4633,0.923,,False,
39,1.267,1,Ben,0.8670,,1.0,0.0187,0.0,0.1403,0.8974,0.9246,0.7884,,False,
40,1.3,3,fighter-3,0.4808,not_competition_fighter;red_gloves;exclude_reference,0.0,0.3264,0.0,0.0043,0.7686,0.4615,0.9232,,False,
40,1.3,1,Ben,0.8713,,1.0,0.0222,0.0,0.1167,0.8969,0.9432,0.8001,,False,
41,1.334,3,fighter-3,0.4850,not_competition_fighter;red_gloves;exclude_reference,0.0,0.3254,0.0,0.0022,0.7778,0.4638,0.9334,,False,
41,1.334,2,fighter-2,0.6383,red_gloves,0.0,0.1376,0.0,0.102,0.8698,0.8847,0.8653,,False,
41,1.334,1,Ben,0.8685,,1.0,0.0181,0.0,0.1109,0.8925,0.9375,0.8067,,False,
42,1.367,3,fighter-3,0.4753,not_competition_fighter;red_gloves;exclude_reference,0.0,0.3275,0.0,0.0022,0.7806,0.4639,0.9321,,False,
42,1.367,2,fighter-2,0.6617,red_gloves,0.0,0.1354,0.0035,0.0894,0.9214,0.7917,0.6558,,False,
42,1.367,1,Ben,0.8677,,1.0,0.0195,0.0,0.101,0.8906,0.937,0.8015,,False,
43,1.401,3,fighter-3,0.4982,not_competition_fighter;red_gloves;exclude_reference,0.0,0.3269,0.0,0.0022,0.8042,0.4826,0.9349,,False,
43,1.401,2,fighter-2,0.6856,red_gloves,0.0,0.2042,0.0312,0.0604,0.8974,0.876,0.7013,,False,
43,1.401,1,Ben,0.8691,,1.0,0.0088,0.0,0.0896,0.889,0.9453,0.7963,,False,
44,1.434,3,fighter-3,0.4831,not_competition_fighter;red_gloves;exclude_reference,0.0,0.3217,0.0,0.0023,0.7753,0.4779,0.9336,,False,
44,1.434,2,fighter-2,0.6903,red_gloves,0.0,0.1908,0.0179,0.0593,0.8925,0.8954,0.7204,,False,
44,1.434,1,Ben,0.8687,,1.0,0.0164,0.0,0.0904,0.8886,0.9442,0.8034,,False,
45,1.467,3,fighter-3,0.4805,not_competition_fighter;red_gloves;exclude_reference,0.0,0.3189,0.0,0.0023,0.7664,0.4817,0.9405,,False,
45,1.467,2,fighter-2,0.7001,red_gloves,0.0,0.2011,0.0408,0.0516,0.8893,0.9288,0.7294,,False,
45,1.467,1,Ben,0.8693,,1.0,0.0166,0.0,0.0746,0.8887,0.9466,0.7941,,False,
46,1.501,3,fighter-3,0.4828,not_competition_fighter;red_gloves;exclude_reference,0.0,0.3372,0.0,0.0022,0.7716,0.4854,0.9389,,False,
46,1.501,2,fighter-2,0.7017,red_gloves,0.0,0.1616,0.0117,0.044,0.8853,0.9377,0.7171,,False,
46,1.501,1,Ben,0.8704,,1.0,0.0099,0.0,0.0692,0.8923,0.9459,0.8025,,False,
47,1.534,3,fighter-3,0.4882,not_competition_fighter;red_gloves;exclude_reference,0.0,0.344,0.0,0.0024,0.7884,0.4844,0.9441,,False,
47,1.534,2,fighter-2,0.7036,red_gloves,0.0,0.2406,0.0026,0.0472,0.8814,0.9449,0.7112,,False,
47,1.534,1,Ben,0.8724,,1.0,0.053,0.0,0.0698,0.8941,0.9515,0.7964,,False,
48,1.567,3,fighter-3,0.4877,not_competition_fighter;red_gloves;exclude_reference,0.0,0.3374,0.0,0.0037,0.7806,0.4951,0.9506,,False,
48,1.567,2,fighter-2,0.7029,red_gloves,0.0,0.1795,0.0,0.0626,0.8822,0.9403,0.7038,,False,
48,1.567,1,Ben,0.8732,,1.0,0.0781,0.0,0.0663,0.8995,0.9473,0.7948,,False,
49,1.601,3,fighter-3,0.4866,not_competition_fighter;red_gloves;exclude_reference,0.0,0.3265,0.0,0.0086,0.7778,0.4984,0.9542,,False,
49,1.601,2,fighter-2,0.7020,red_gloves,0.0,0.1393,0.0,0.069,0.887,0.9343,0.6975,,False,
49,1.601,1,fighter-1,0.8742,red_gloves,1.0,0.1265,0.0,0.0727,0.9069,0.941,0.7986,,False,
50,1.634,3,fighter-3,0.4823,not_competition_fighter;red_gloves;exclude_reference,0.0,0.313,0.0,0.0135,0.7838,0.4733,0.9419,,False,
50,1.634,2,fighter-2,0.7028,red_gloves,0.0,0.1207,0.0,0.0733,0.8944,0.9245,0.679,,False,
50,1.634,1,fighter-1,0.8188,red_gloves,1.0,0.1583,0.0,0.0784,0.907,0.9422,0.7914,,False,
51,1.667,3,fighter-3,0.4787,not_competition_fighter;red_gloves;exclude_reference,0.0,0.3162,0.0,0.0174,0.7752,0.4693,0.9441,,False,
51,1.667,2,fighter-2,0.7045,red_gloves,0.0,0.1444,0.0026,0.0794,0.8974,0.9207,0.6705,,False,
51,1.667,1,fighter-1,0.8211,red_gloves,1.0,0.1641,0.0,0.0766,0.9164,0.9381,0.7853,,False,
52,1.701,3,fighter-3,0.4815,not_competition_fighter;red_gloves;exclude_reference,0.0,0.3297,0.0,0.0191,0.7881,0.4626,0.9362,,False,
52,1.701,2,fighter-2,0.7048,red_gloves,0.0,0.1837,0.0,0.1007,0.8958,0.9252,0.6526,,False,
52,1.701,1,fighter-1,0.8252,red_gloves,1.0,0.1706,0.0,0.0701,0.9204,0.9428,0.7786,,False,
53,1.734,3,fighter-3,0.4371,not_competition_fighter;red_gloves;exclude_reference;face_mismatch,0.0,0.1746,0.0038,0.0207,0.787,0.4638,0.9381,punch,False,
53,1.734,2,fighter-2,0.6905,red_gloves,0.0,0.1354,0.0312,0.125,0.8913,0.875,0.6489,,False,
53,1.734,1,fighter-1,0.8198,red_gloves,1.0,0.1174,0.0,0.0741,0.9219,0.9288,0.7869,,False,
54,1.767,3,fighter-3,0.4785,not_competition_fighter;red_gloves;exclude_reference,0.0,0.2784,0.055,0.0196,0.7868,0.4539,0.9319,,False,
54,1.767,2,fighter-2,0.6914,red_gloves,0.0,0.0966,0.0278,0.1405,0.8877,0.8863,0.6349,,False,
54,1.767,1,Ben,0.8185,,1.0,0.0767,0.0035,0.0682,0.9165,0.9339,0.7858,,False,
55,1.801,3,fighter-3,0.4807,not_competition_fighter;red_gloves;exclude_reference,0.0,0.3363,0.0,0.0208,0.7935,0.4517,0.9302,,False,
55,1.801,2,fighter-2,0.6902,red_gloves,0.0,0.0922,0.059,0.1422,0.8898,0.8783,0.6312,,False,
55,1.801,1,fighter-1,0.8672,red_gloves,1.0,0.1429,0.0,0.0694,0.8981,0.9243,0.7867,,False,
56,1.834,3,fighter-3,0.4744,not_competition_fighter;red_gloves;exclude_reference,0.0,0.341,0.0,0.0213,0.784,0.4439,0.9272,,False,
56,1.834,2,Ben,0.6929,,0.0,0.05,0.0382,0.1307,0.8948,0.8816,0.6284,,False,
56,1.834,1,fighter-1,0.8052,red_gloves,1.0,0.0835,0.0174,0.0882,0.8861,0.9233,0.7763,,False,
57,1.867,3,fighter-3,0.4730,not_competition_fighter;red_gloves;exclude_reference,0.0,0.3547,0.0,0.0247,0.7836,0.438,0.9242,,False,
57,1.867,2,Ben,0.7216,face_mismatch,0.0,0.0798,0.0,0.1318,0.8935,0.8836,0.622,,False,
57,1.867,1,fighter-1,0.8014,,1.0,0.0148,0.0,0.0948,0.8667,0.9376,0.7706,,False,
58,1.901,3,fighter-3,0.4696,not_competition_fighter;red_gloves;exclude_reference,0.0,0.3083,0.0175,0.0251,0.7729,0.446,0.9259,,False,
58,1.901,2,Ben,0.7216,,0.0,0.0592,0.0,0.1259,0.8904,0.9121,0.6429,,False,
58,1.901,1,fighter-1,0.8053,,1.0,0.0083,0.0,0.1048,0.8681,0.9445,0.7666,,False,
59,1.934,3,fighter-3,0.4698,not_competition_fighter;red_gloves;exclude_reference,0.0,0.3575,0.0,0.0267,0.7824,0.4421,0.9275,,False,
59,1.934,2,Ben,0.7158,,0.0,0.0317,0.0026,0.1194,0.8777,0.9058,0.6424,,False,
59,1.934,1,fighter-1,0.7997,,1.0,0.0,0.0,0.1106,0.8595,0.9292,0.7663,,False,
60,1.967,3,fighter-3,0.4685,not_competition_fighter;red_gloves;exclude_reference,0.0,0.3526,0.0,0.0216,0.7784,0.4444,0.9294,,False,
60,1.967,2,Ben,0.7172,,0.0,0.071,0.0026,0.1343,0.8751,0.9151,0.6484,,False,
60,1.967,1,fighter-1,0.8004,blue_torso,1.0,0.0,0.0,0.1808,0.8593,0.9303,0.7806,,False,
61,2.001,3,fighter-3,0.4719,not_competition_fighter;red_gloves;exclude_reference,0.0,0.3544,0.0,0.0232,0.787,0.4457,0.928,,False,
61,2.001,2,Ben,0.7234,red_gloves,0.0,0.0811,0.0293,0.1323,0.883,0.9298,0.6577,,False,
61,2.001,1,fighter-1,0.7997,,1.0,0.0,0.0,0.1785,0.8597,0.9258,0.7734,,False,
62,2.034,3,fighter-3,0.4699,not_competition_fighter;red_gloves;exclude_reference,0.0,0.3568,0.0,0.0282,0.7845,0.452,0.932,,False,
62,2.034,2,fighter-2,0.7263,red_gloves,0.0,0.0944,0.0547,0.1392,0.8889,0.9338,0.6628,,False,
62,2.034,1,fighter-1,0.8003,blue_torso;red_gloves,1.0,0.1337,0.0174,0.2057,0.8443,0.9256,0.7787,,False,
63,2.067,3,fighter-3,0.4644,not_competition_fighter;red_gloves;exclude_reference,0.0,0.3677,0.0,0.0281,0.7685,0.4578,0.9364,,False,
63,2.067,2,Ben,0.7098,,0.0,0.0717,0.0679,0.159,0.8948,0.9443,0.676,,False,
63,2.067,1,fighter-1,0.7971,blue_torso,1.0,0.0,0.0521,0.2388,0.8332,0.9311,0.7995,,False,
64,2.101,3,fighter-3,0.4616,not_competition_fighter;red_gloves;exclude_reference,0.0,0.3663,0.0,0.0262,0.7636,0.4579,0.9364,,False,
64,2.101,2,fighter-2,0.7315,red_gloves,0.0,0.0869,0.0312,0.1751,0.8952,0.9462,0.6924,,False,
64,2.101,1,fighter-1,0.7990,blue_torso,1.0,0.0,0.0,0.2722,0.8307,0.9411,0.8015,,False,
65,2.134,3,fighter-3,0.4579,not_competition_fighter;red_gloves;exclude_reference,0.0,0.3656,0.0,0.0217,0.7581,0.4506,0.9303,,False,
65,2.134,2,fighter-2,0.7079,blue_torso,0.0,0.055,0.0602,0.1983,0.8949,0.9369,0.6964,,False,
65,2.134,1,fighter-1,0.7968,blue_torso,1.0,0.0,0.0,0.3162,0.843,0.9183,0.8092,,False,
66,2.167,3,fighter-3,0.4598,not_competition_fighter;red_gloves;exclude_reference,0.0,0.3587,0.0,0.0198,0.7687,0.4463,0.9311,,False,
66,2.167,2,fighter-2,0.7088,blue_torso,0.0,0.0619,0.0469,0.1897,0.8963,0.9425,0.6806,,False,
66,2.167,1,fighter-1,0.7935,blue_torso,1.0,0.0,0.0,0.3192,0.8417,0.9037,0.7913,,False,
67,2.201,3,fighter-3,0.4627,not_competition_fighter;red_gloves;exclude_reference,0.0,0.3462,0.0,0.0147,0.7659,0.4589,0.9421,,False,
67,2.201,2,fighter-2,0.7083,blue_torso;red_gloves,0.0,0.0953,0.0679,0.1908,0.8933,0.9401,0.6914,,False,
67,2.201,1,fighter-1,0.7920,blue_torso;red_gloves,1.0,0.1354,0.0035,0.3287,0.8414,0.896,0.7913,,False,
68,2.234,3,fighter-3,0.4620,not_competition_fighter;red_gloves;exclude_reference,0.0,0.3467,0.0,0.0096,0.761,0.4618,0.941,,False,
68,2.234,2,fighter-2,0.7009,blue_torso,0.0,0.0787,0.0633,0.2002,0.8814,0.9302,0.6752,,False,
68,2.234,1,fighter-1,0.7967,blue_torso;red_gloves,1.0,0.1121,0.0139,0.3385,0.8487,0.9025,0.7927,,False,
69,2.267,3,fighter-3,0.4649,not_competition_fighter;red_gloves;exclude_reference,0.0,0.3448,0.0,0.0096,0.7629,0.4695,0.9454,,False,
69,2.267,2,fighter-2,0.6932,blue_torso;red_gloves,0.0,0.088,0.0972,0.204,0.8676,0.9197,0.6831,,False,
69,2.267,1,fighter-1,0.7963,blue_torso;red_gloves,1.0,0.0987,0.0243,0.3325,0.8511,0.8987,0.7934,punch,False,
70,2.301,3,fighter-3,0.4673,not_competition_fighter;red_gloves;exclude_reference,0.0,0.342,0.0,0.0087,0.7681,0.471,0.9478,,False,
70,2.301,2,fighter-2,0.7017,blue_torso;red_gloves,0.0,0.0802,0.0772,0.2066,0.891,0.9195,0.6827,,False,
70,2.301,1,fighter-1,0.7948,blue_torso;red_gloves,1.0,0.1218,0.0208,0.3372,0.849,0.8935,0.8093,punch,False,
71,2.334,3,fighter-3,0.4702,not_competition_fighter;red_gloves;exclude_reference,0.0,0.3532,0.0,0.0088,0.7791,0.4656,0.9415,,False,
71,2.334,2,fighter-2,0.7022,blue_torso;red_gloves,0.0,0.0988,0.0756,0.2101,0.8951,0.9146,0.6803,,False,
71,2.334,1,fighter-1,0.7934,blue_torso,1.0,0.0,0.0,0.3246,0.8505,0.8945,0.8051,,False,
72,2.368,3,fighter-3,0.4289,not_competition_fighter;red_gloves;exclude_reference;face_mismatch,0.0,0.3513,0.0,0.0086,0.7869,0.4663,0.9406,,False,
72,2.368,2,fighter-2,0.7039,blue_torso;red_gloves,0.0,0.0988,0.0756,0.1956,0.8973,0.9204,0.6941,,False,
72,2.368,1,fighter-1,0.7938,blue_torso;red_gloves,1.0,0.1369,0.0347,0.3211,0.8524,0.8837,0.8141,,False,
73,2.401,3,fighter-3,0.4681,not_competition_fighter;red_gloves;exclude_reference,0.0,0.334,0.0,0.004,0.7708,0.4668,0.9348,,False,
73,2.401,2,fighter-2,0.7029,blue_torso,0.0,0.0527,0.0527,0.1806,0.8986,0.9182,0.6934,,False,
73,2.401,1,fighter-1,0.7950,blue_torso;red_gloves,1.0,0.1397,0.0069,0.2996,0.8562,0.8869,0.8145,,False,
74,2.434,3,fighter-3,0.4722,not_competition_fighter;red_gloves;exclude_reference,0.0,0.3498,0.0,0.0076,0.7789,0.4665,0.932,,False,
74,2.434,2,Ben,0.7119,,0.0,0.0741,0.0195,0.1763,0.911,0.9304,0.6921,,False,
74,2.434,1,fighter-1,0.8058,blue_torso;red_gloves,1.0,0.1558,0.0104,0.2581,0.8651,0.9187,0.8107,,False,
75,2.468,3,fighter-3,0.4718,not_competition_fighter;red_gloves;exclude_reference,0.0,0.3364,0.0,0.0066,0.7786,0.4663,0.9319,,False,
75,2.468,2,Ben,0.7245,,0.0,0.0497,0.0077,0.1613,0.8975,0.914,0.6754,,False,
75,2.468,1,fighter-1,0.8078,blue_torso;red_gloves,1.0,0.1598,0.0,0.2399,0.8655,0.9233,0.7966,,False,
76,2.501,3,fighter-3,0.4770,not_competition_fighter;red_gloves;exclude_reference,0.0,0.3341,0.0,0.0015,0.7881,0.4595,0.9372,,False,
76,2.501,2,Ben,0.7130,,0.0,0.0339,0.0051,0.1567,0.8701,0.9048,0.6484,,False,
76,2.501,1,fighter-1,0.8083,blue_torso,1.0,0.0,0.0,0.1971,0.8767,0.9357,0.7828,,False,
77,2.534,3,fighter-3,0.4739,not_competition_fighter;red_gloves;exclude_reference,0.0,0.3331,0.0,0.0007,0.776,0.4605,0.9346,,False,
77,2.534,2,Ben,0.7267,,0.0,0.078,0.0051,0.1146,0.9005,0.9189,0.6488,,False,
77,2.534,1,fighter-1,0.8125,red_gloves,1.0,0.1231,0.0104,0.1524,0.8857,0.9386,0.7841,,False,
78,2.568,3,fighter-3,0.4750,not_competition_fighter;red_gloves;exclude_reference,0.0,0.3311,0.0,0.0013,0.771,0.4693,0.9351,,False,
78,2.568,2,Ben,0.7066,,0.0,0.0089,0.0,0.1085,0.8504,0.9063,0.6141,,False,
78,2.568,1,fighter-1,0.8202,,1.0,0.0,0.0,0.1219,0.9024,0.9518,0.7674,,False,
79,2.601,3,fighter-3,0.4809,not_competition_fighter;red_gloves;exclude_reference,0.0,0.3373,0.0,0.0013,0.7857,0.466,0.9297,,False,
79,2.601,2,Ben,0.6728,red_gloves,0.0,0.2011,0.0,0.1012,0.7496,0.9079,0.629,,False,
79,2.601,1,fighter-1,0.8255,,1.0,0.0776,0.0,0.1179,0.9183,0.9548,0.7699,,False,
80,2.634,3,fighter-3,0.4808,not_competition_fighter;red_gloves;exclude_reference,0.0,0.3339,0.0,0.0015,0.7864,0.4725,0.9287,,False,
80,2.634,2,fighter-2,0.6949,red_gloves,0.0,0.1105,0.0,0.0898,0.805,0.9216,0.662,,False,
80,2.634,1,fighter-1,0.7889,red_gloves;face_mismatch,1.0,0.1998,0.0,0.0954,0.931,0.9516,0.7546,,False,
81,2.668,3,fighter-3,0.4726,not_competition_fighter;red_gloves;exclude_reference,0.0,0.3355,0.0,0.001,0.7721,0.4624,0.9246,,False,
81,2.668,2,fighter-2,0.7020,red_gloves,0.0,0.0984,0.0,0.0744,0.8764,0.939,0.6903,,False,
81,2.668,1,Ben,0.8287,,1.0,0.0127,0.0,0.0807,0.933,0.9474,0.7458,,False,
82,2.701,3,fighter-3,0.4888,not_competition_fighter;red_gloves;exclude_reference,0.0,0.3255,0.0,0.0003,0.7996,0.4805,0.9299,,False,
82,2.701,2,fighter-2,0.7125,,0.0,0.0471,0.0104,0.0792,0.9034,0.9474,0.7282,,False,
82,2.701,1,Ben,0.8816,,1.0,0.0,0.0,0.0563,0.9293,0.9401,0.7401,,False,
83,2.734,3,fighter-3,0.4861,not_competition_fighter;red_gloves;exclude_reference,0.0,0.3335,0.0,0.0005,0.7886,0.4828,0.9342,,False,
83,2.734,2,fighter-2,0.7173,,0.0,0.0402,0.0,0.1024,0.9017,0.9657,0.7162,,False,
83,2.734,1,Ben,0.8800,,1.0,0.0,0.0,0.0548,0.9282,0.9352,0.7165,,False,
84,2.768,3,fighter-3,0.4831,not_competition_fighter;red_gloves;exclude_reference,0.0,0.3246,0.0,0.0008,0.7932,0.4679,0.9327,,False,
84,2.768,2,fighter-2,0.7156,,0.0,0.0439,0.0,0.096,0.8967,0.9666,0.7357,,False,
84,2.768,1,Ben,0.8773,,1.0,0.0,0.0,0.0638,0.917,0.9395,0.7071,,False,
85,2.801,3,fighter-3,0.4874,not_competition_fighter;red_gloves;exclude_reference,0.0,0.3287,0.0,0.0015,0.7959,0.4791,0.9351,,False,
85,2.801,2,fighter-2,0.7110,,0.0,0.0592,0.0104,0.1012,0.8971,0.9513,0.7484,,False,
85,2.801,1,Ben,0.8710,,1.0,0.0,0.0069,0.0677,0.9047,0.9309,0.6898,,False,
86,2.834,3,fighter-3,0.4869,not_competition_fighter;red_gloves;exclude_reference,0.0,0.3302,0.0,0.0018,0.7913,0.4779,0.9302,,False,
86,2.834,1,Ben,0.8687,,1.0,0.0,0.0035,0.0527,0.9032,0.9234,0.6699,,False,
87,2.868,3,fighter-3,0.4925,not_competition_fighter;red_gloves;exclude_reference,0.0,0.3168,0.0,0.0013,0.8041,0.4813,0.9343,,False,
87,2.868,1,Ben,0.8692,,1.0,0.0,0.0035,0.0635,0.8988,0.9315,0.6861,,False,
88,2.901,3,fighter-3,0.4963,not_competition_fighter;red_gloves;exclude_reference,0.0,0.316,0.0,0.0018,0.8034,0.4957,0.9408,,False,
88,2.901,1,Ben,0.8673,,1.0,0.0,0.0104,0.0431,0.8963,0.9274,0.719,,False,
89,2.934,3,fighter-3,0.4933,not_competition_fighter;red_gloves;exclude_reference,0.0,0.3158,0.0,0.0015,0.7948,0.4957,0.9415,,False,
89,2.934,2,fighter-2,0.7122,red_gloves,0.0,0.1181,0.0,0.1321,0.9197,0.9326,0.759,,False,
89,2.934,1,Ben,0.8680,,1.0,0.0,0.0035,0.0439,0.8946,0.9325,0.7308,,False,
90,2.968,3,fighter-3,0.4983,not_competition_fighter;red_gloves;exclude_reference,0.0,0.2993,0.0,0.001,0.797,0.5005,0.9429,,False,
90,2.968,2,fighter-2,0.7147,red_gloves,0.0,0.1455,0.0,0.1123,0.9132,0.9443,0.7502,,False,
90,2.968,1,Ben,0.8705,,1.0,0.0,0.0035,0.0397,0.9028,0.9316,0.7581,,False,
91,3.001,1,Ben,0.8696,,1.0,0.0,0.0,0.0466,0.9023,0.9284,0.7494,,False,
92,3.034,1,Ben,0.8676,,1.0,0.0,0.0035,0.0484,0.9089,0.9108,0.7569,,False,
93,3.068,1,Ben,0.8679,,1.0,0.0,0.0035,0.047,0.9129,0.9065,0.7712,,False,
94,3.101,1,Ben,0.8703,,1.0,0.0,0.0035,0.0491,0.9061,0.926,0.7957,,False,
95,3.134,1,Ben,0.8690,,1.0,0.0,0.0035,0.0549,0.9055,0.9215,0.7791,,False,
96,3.168,2,fighter-2,0.6745,red_gloves,0.0,0.1289,0.0,0.087,0.8783,0.8369,0.6815,punch,True,punch
96,3.168,1,Ben,0.8669,,1.0,0.0,0.0,0.0694,0.9033,0.9156,0.7596,,False,
97,3.201,1,Ben,0.8644,,1.0,0.003,0.0,0.0712,0.8939,0.9187,0.7549,,False,
98,3.234,1,Ben,0.8577,,1.0,0.0,0.0104,0.0836,0.881,0.9089,0.7599,,False,
99,3.268,1,Ben,0.8608,,1.0,0.0,0.0521,0.0847,0.8836,0.9181,0.7736,,False,
100,3.301,1,Ben,0.8621,,1.0,0.0017,0.066,0.1118,0.8887,0.9163,0.7888,,False,
101,3.335,1,Ben,0.8620,,1.0,0.0,0.0903,0.1207,0.8829,0.9243,0.7933,,False,
102,3.368,1,Ben,0.8607,,1.0,0.0,0.0486,0.1051,0.8756,0.929,0.7964,,False,
103,3.401,1,Ben,0.8557,,1.0,0.0,0.0,0.0787,0.8652,0.9229,0.7998,,False,
104,3.435,1,Ben,0.8548,,1.0,0.0,0.0,0.0684,0.8548,0.9342,0.8081,,False,
105,3.468,1,Ben,0.8560,,1.0,0.0,0.0,0.0647,0.8553,0.9382,0.7966,,False,
106,3.501,1,Ben,0.8547,,1.0,0.0035,0.0,0.0499,0.8485,0.9427,0.7988,,False,
107,3.535,1,Ben,0.8546,,1.0,0.0081,0.0,0.045,0.8505,0.9391,0.7929,,False,
108,3.568,1,Ben,0.8557,,1.0,0.0,0.0035,0.0402,0.849,0.9461,0.7981,,False,
109,3.601,1,Ben,0.8551,,1.0,0.0,0.0035,0.0285,0.8463,0.9474,0.7915,,False,
110,3.635,1,Ben,0.8562,,1.0,0.0,0.0035,0.0395,0.8539,0.9412,0.7853,,False,
111,3.668,1,Ben,0.8568,,1.0,0.0,0.0,0.0363,0.8498,0.9493,0.7879,,False,
112,3.701,1,Ben,0.8569,,1.0,0.0044,0.0035,0.0424,0.8548,0.9426,0.8057,,False,
113,3.735,1,Ben,0.8608,,1.0,0.0146,0.0,0.0402,0.8576,0.955,0.8045,,False,
114,3.768,1,Ben,0.8582,,1.0,0.001,0.0,0.0318,0.8537,0.9499,0.8156,,False,
115,3.801,1,Ben,0.8574,,1.0,0.0,0.0069,0.0374,0.8548,0.9447,0.8053,,False,
116,3.835,1,Ben,0.8569,,1.0,0.0,0.0312,0.0407,0.8564,0.9407,0.7771,,False,
117,3.868,1,Ben,0.8572,,1.0,0.0,0.0208,0.0441,0.8592,0.938,0.7823,,False,
118,3.901,1,Ben,0.8561,,1.0,0.0063,0.0278,0.0424,0.8594,0.9329,0.7927,,False,
119,3.935,1,Ben,0.8574,,1.0,0.008,0.0382,0.0427,0.8618,0.935,0.8022,,False,
120,3.968,1,Ben,0.8598,,1.0,0.0035,0.0382,0.0504,0.866,0.9388,0.8019,,False,
121,4.001,1,Ben,0.8612,,1.0,0.0152,0.0451,0.0562,0.8668,0.9436,0.8012,,False,
122,4.035,1,Ben,0.8634,,1.0,0.0358,0.0451,0.0515,0.8705,0.9475,0.8036,,False,
123,4.068,1,Ben,0.8649,,1.0,0.0308,0.0833,0.0653,0.8725,0.9509,0.8049,,False,
124,4.101,1,Ben,0.8663,,1.0,0.0447,0.0938,0.0769,0.8757,0.9523,0.8053,,False,
125,4.135,1,Ben,0.8689,,1.0,0.0,0.0729,0.0729,0.8744,0.9652,0.8184,,False,
126,4.168,1,Ben,0.8644,,1.0,0.0,0.0139,0.0838,0.8635,0.9615,0.815,,False,
127,4.202,1,Ben,0.8643,,1.0,0.0,0.0069,0.077,0.8648,0.9593,0.8444,,False,
128,4.235,1,Ben,0.8685,,1.0,0.0,0.0104,0.0911,0.8771,0.9594,0.8531,,False,
129,4.268,1,Ben,0.8588,,1.0,0.0,0.0,0.0781,0.8527,0.9538,0.8541,,False,
130,4.302,1,Ben,0.8595,,1.0,0.0,0.0,0.0811,0.8477,0.9637,0.8605,,False,
131,4.335,1,Ben,0.8643,,1.0,0.0,0.0,0.0664,0.8557,0.9725,0.8659,,False,
132,4.368,1,Ben,0.8706,,1.0,0.0,0.0521,0.0711,0.8786,0.966,0.8658,,False,
133,4.402,1,Ben,0.8700,,1.0,0.0,0.066,0.0625,0.8798,0.962,0.8747,,False,
134,4.435,1,Ben,0.8683,,1.0,0.0124,0.0729,0.0612,0.8784,0.9567,0.8796,,False,
135,4.468,1,Ben,0.8715,,1.0,0.0319,0.0486,0.0541,0.8901,0.9537,0.8757,,False,
136,4.502,1,Ben,0.8710,,1.0,0.0084,0.0,0.0525,0.888,0.9545,0.8782,,False,
137,4.535,1,Ben,0.8735,,1.0,0.0,0.0833,0.061,0.8926,0.9586,0.8799,,False,
138,4.568,1,Ben,0.8749,,1.0,0.0153,0.0208,0.0725,0.8895,0.9685,0.8686,,False,
139,4.602,1,Ben,0.8757,,1.0,0.0,0.0451,0.0723,0.8896,0.972,0.8739,,False,
140,4.635,1,Ben,0.8762,,1.0,0.0,0.0,0.0655,0.8901,0.9733,0.8692,,False,
141,4.668,1,Ben,0.8746,,1.0,0.0,0.0,0.0718,0.8888,0.9682,0.8794,,False,
142,4.702,1,Ben,0.8755,,1.0,0.0,0.0,0.08,0.889,0.972,0.8693,,False,
143,4.735,1,Ben,0.8749,,1.0,0.0,0.0,0.0747,0.8889,0.9696,0.8718,,False,
144,4.768,1,Ben,0.8769,,1.0,0.0,0.0069,0.0919,0.8938,0.9707,0.8622,,False,
145,4.802,1,Ben,0.8771,,1.0,0.0,0.0035,0.0937,0.8936,0.9718,0.8541,,False,
146,4.835,1,Ben,0.8781,,1.0,0.0049,0.0,0.1031,0.8976,0.9706,0.8349,,False,
147,4.868,1,Ben,0.8790,,1.0,0.0,0.0,0.1031,0.8997,0.9713,0.8303,,False,
148,4.902,1,Ben,0.8806,,1.0,0.0,0.0035,0.1196,0.9011,0.976,0.8306,,False,
149,4.935,1,Ben,0.8801,,1.0,0.0,0.0,0.1125,0.8996,0.9761,0.8313,,False,
150,4.968,1,Ben,0.8789,,1.0,0.0,0.0,0.1022,0.8974,0.9739,0.8337,,False,
151,5.002,1,Ben,0.8776,,1.0,0.0,0.0,0.097,0.8956,0.9714,0.8362,,False,
152,5.035,1,Ben,0.8777,,1.0,0.0035,0.0,0.089,0.8968,0.9701,0.8408,,False,
153,5.068,1,Ben,0.8788,,1.0,0.0,0.1042,0.069,0.8973,0.9737,0.8471,,False,
154,5.102,1,Ben,0.8770,,1.0,0.0,0.1181,0.0581,0.895,0.9694,0.8334,,False,
155,5.135,1,Ben,0.8765,,1.0,0.0,0.066,0.0637,0.8995,0.9612,0.8349,,False,
156,5.169,1,Ben,0.8785,,1.0,0.0,0.0625,0.0609,0.8994,0.9694,0.8471,,False,
157,5.202,1,Ben,0.8789,,1.0,0.0,0.0,0.0533,0.9004,0.97,0.8533,,False,
158,5.235,1,Ben,0.8818,,1.0,0.0,0.0,0.0297,0.9163,0.9596,0.8677,,False,
159,5.269,1,Ben,0.8861,,1.0,0.0035,0.0,0.0214,0.9241,0.9661,0.8594,,False,
160,5.302,1,Ben,0.8881,,1.0,0.0,0.0,0.0208,0.9309,0.9649,0.8669,,False,
161,5.335,1,Ben,0.8866,,1.0,0.0029,0.0,0.0177,0.945,0.9388,0.8625,,False,
162,5.369,1,Ben,0.8888,,1.0,0.0,0.0,0.0192,0.9463,0.9459,0.8505,,False,
163,5.402,1,Ben,0.8938,,1.0,0.0,0.0,0.0211,0.9531,0.9574,0.8672,,False,
164,5.435,1,Ben,0.8934,,1.0,0.006,0.0,0.0266,0.9606,0.945,0.8649,,False,
165,5.469,1,Ben,0.8950,,1.0,0.0,0.0,0.0317,0.9617,0.9501,0.8516,,False,
166,5.502,1,Ben,0.8962,,1.0,0.0,0.0,0.0293,0.9641,0.9516,0.8384,,False,
167,5.535,1,Ben,0.8959,,1.0,0.0,0.0069,0.0304,0.9641,0.9503,0.8434,,False,
168,5.569,1,Ben,0.9000,,1.0,0.0028,0.0,0.0407,0.9621,0.9703,0.8474,,False,
169,5.602,1,Ben,0.9003,,1.0,0.0,0.0035,0.0316,0.9652,0.9672,0.8426,,False,
170,5.635,1,Ben,0.9007,,1.0,0.0035,0.0,0.0358,0.9657,0.968,0.8563,,False,
171,5.669,1,Ben,0.8982,,1.0,0.0208,0.0,0.029,0.9514,0.9782,0.8698,,False,
172,5.702,1,Ben,0.9014,,1.0,0.0615,0.0,0.0322,0.9595,0.9799,0.8762,,False,
173,5.735,1,Ben,0.8989,,1.0,0.0581,0.0035,0.0334,0.9554,0.9754,0.8753,,False,
174,5.769,1,Ben,0.8971,,1.0,0.0551,0.0035,0.0395,0.9519,0.9727,0.8734,,False,
175,5.802,1,Ben,0.8959,,1.0,0.0588,0.0,0.0328,0.9431,0.98,0.8803,,False,
176,5.835,1,Ben,0.8957,,1.0,0.0556,0.0,0.0322,0.942,0.9809,0.8787,,False,
177,5.869,1,Ben,0.8933,,1.0,0.0486,0.0035,0.0351,0.9389,0.9755,0.8948,,False,
178,5.902,1,Ben,0.8913,,1.0,0.0451,0.0,0.0386,0.9336,0.9743,0.8963,,False,
179,5.935,1,Ben,0.8914,,1.0,0.0521,0.0104,0.0432,0.9426,0.9623,0.8893,,False,
180,5.969,1,Ben,0.8925,,1.0,0.0729,0.0035,0.0422,0.9433,0.9659,0.8875,,False,
181,6.002,1,Ben,0.8931,,1.0,0.0486,0.0069,0.0395,0.9463,0.9638,0.8859,,False,
182,6.036,1,Ben,0.8927,,1.0,0.0486,0.0035,0.0461,0.9438,0.9658,0.8858,,False,
183,6.069,1,Ben,0.8930,,1.0,0.0382,0.0,0.0448,0.9444,0.9663,0.8879,,False,
184,6.102,1,Ben,0.8954,,1.0,0.0312,0.0035,0.0523,0.9487,0.9701,0.8892,,False,
185,6.136,1,Ben,0.8921,,1.0,0.0208,0.0035,0.0504,0.946,0.9602,0.8964,,False,
186,6.169,1,Ben,0.8980,,1.0,0.0104,0.0104,0.029,0.9529,0.9751,0.8912,,False,
187,6.202,1,Ben,0.8977,,1.0,0.0134,0.0069,0.0261,0.9542,0.9721,0.8839,,False,
188,6.236,1,Ben,0.8954,,1.0,0.0102,0.0,0.0237,0.9549,0.9616,0.8752,,False,
189,6.269,1,Ben,0.8933,,1.0,0.0132,0.0035,0.0217,0.9546,0.9531,0.8725,,False,
190,6.302,1,Ben,0.8955,,1.0,0.0032,0.0035,0.0204,0.9552,0.9612,0.8642,,False,
191,6.336,1,Ben,0.8955,,1.0,0.0065,0.0035,0.0209,0.955,0.9616,0.8619,,False,
192,6.369,1,Ben,0.8956,,1.0,0.0017,0.0035,0.0187,0.955,0.9619,0.8583,,False,
193,6.402,1,Ben,0.8938,,1.0,0.006,0.0,0.0232,0.9549,0.9546,0.8522,,False,
194,6.436,1,Ben,0.8942,,1.0,0.0056,0.0035,0.0288,0.9552,0.956,0.8483,,False,
195,6.469,1,Ben,0.8932,,1.0,0.0056,0.0,0.0269,0.954,0.9533,0.8478,,False,
196,6.502,1,Ben,0.8928,,1.0,0.0054,0.0,0.0283,0.9484,0.9598,0.8551,,False,
197,6.536,1,Ben,0.8923,,1.0,0.0056,0.0035,0.0277,0.9461,0.961,0.8545,,False,
198,6.569,1,Ben,0.8931,,1.0,0.0088,0.0035,0.0288,0.9465,0.9638,0.8551,,False,
199,6.602,1,Ben,0.8908,,1.0,0.009,0.0035,0.0258,0.9407,0.9623,0.8633,,False,
200,6.636,1,Ben,0.8915,,1.0,0.0199,0.0,0.0328,0.9434,0.9613,0.8562,,False,
201,6.669,1,Ben,0.8880,,1.0,0.0243,0.0,0.0369,0.9354,0.9583,0.8496,,False,
202,6.702,1,Ben,0.8868,,1.0,0.0347,0.0035,0.0358,0.932,0.9582,0.8552,,False,
203,6.736,1,Ben,0.8847,,1.0,0.0104,0.0035,0.0391,0.9268,0.9565,0.8581,,False,
204,6.769,1,Ben,0.8871,,1.0,0.0139,0.0035,0.0397,0.9299,0.9621,0.863,,False,
205,6.802,1,Ben,0.8874,,1.0,0.0174,0.0174,0.0416,0.9303,0.963,0.8652,,False,
206,6.836,1,Ben,0.8867,,1.0,0.0139,0.0104,0.0435,0.9318,0.9577,0.8581,,False,
207,6.869,1,Ben,0.8880,,1.0,0.0069,0.0139,0.0504,0.9318,0.9633,0.8464,,False,
208,6.902,1,Ben,0.8874,,1.0,0.0069,0.0069,0.0567,0.9311,0.9618,0.8493,,False,
209,6.936,1,Ben,0.8893,,1.0,0.0069,0.0069,0.0504,0.9376,0.9605,0.8447,,False,
210,6.969,1,Ben,0.8911,,1.0,0.0035,0.0069,0.0461,0.9385,0.9667,0.8564,,False,
211,7.003,1,Ben,0.8932,,1.0,0.0312,0.0069,0.0486,0.9427,0.9696,0.8508,,False,
212,7.036,1,Ben,0.8930,,1.0,0.0312,0.0069,0.0474,0.9424,0.9692,0.8516,,False,
213,7.069,1,Ben,0.8953,,1.0,0.0208,0.0104,0.039,0.9457,0.9742,0.865,,False,
214,7.103,1,Ben,0.8982,,1.0,0.0414,0.0069,0.0509,0.9479,0.983,0.8638,,False,
215,7.136,1,Ben,0.8976,,1.0,0.0312,0.0069,0.0577,0.9465,0.9825,0.8658,,False,
216,7.169,1,Ben,0.8946,,1.0,0.0312,0.0069,0.0582,0.9447,0.9726,0.8705,,False,
217,7.203,1,Ben,0.8964,,1.0,0.0382,0.0035,0.0577,0.945,0.9796,0.8762,,False,
218,7.236,1,Ben,0.8981,,1.0,0.0241,0.0104,0.0556,0.9492,0.9806,0.8657,,False,
219,7.269,1,Ben,0.8977,,1.0,0.0204,0.0104,0.058,0.9491,0.9791,0.864,,False,
220,7.303,1,Ben,0.8969,,1.0,0.0206,0.0104,0.0486,0.9478,0.9775,0.8614,,False,
221,7.336,1,Ben,0.8968,,1.0,0.0171,0.0139,0.0486,0.9478,0.9771,0.8609,,False,
222,7.369,1,Ben,0.8952,,1.0,0.0206,0.0139,0.0539,0.944,0.976,0.8603,,False,
223,7.403,1,Ben,0.8929,,1.0,0.0139,0.0139,0.0531,0.9361,0.9777,0.8629,,False,
224,7.436,1,Ben,0.8919,,1.0,0.0174,0.0035,0.0531,0.9334,0.9772,0.863,,False,
225,7.469,1,Ben,0.8894,,1.0,0.0171,0.0035,0.0497,0.933,0.9673,0.8614,,False,
226,7.503,1,Ben,0.8834,,1.0,0.0104,0.0069,0.0492,0.9206,0.96,0.8638,,False,
227,7.536,1,Ben,0.8814,,1.0,0.0208,0.0174,0.0486,0.9112,0.9649,0.865,,False,
228,7.569,1,Ben,0.8782,,1.0,0.0174,0.0069,0.0455,0.9061,0.9587,0.8591,,False,
229,7.603,1,Ben,0.8698,,1.0,0.0139,0.0139,0.0492,0.8841,0.9551,0.8596,,False,
230,7.636,1,Ben,0.8695,,1.0,0.0035,0.0139,0.0498,0.8793,0.9607,0.8544,,False,
231,7.669,1,Ben,0.8672,,1.0,0.0417,0.0,0.0466,0.8731,0.9598,0.8463,,False,
232,7.703,1,Ben,0.8673,,1.0,0.0382,0.0035,0.0538,0.873,0.9604,0.8326,,False,
233,7.736,1,Ben,0.8668,,1.0,0.0035,0.0243,0.0417,0.8652,0.9694,0.8443,,False,
234,7.769,1,Ben,0.8647,,1.0,0.0174,0.0069,0.0346,0.8658,0.9597,0.8299,,False,
235,7.803,1,Ben,0.8635,,1.0,0.0035,0.0208,0.0401,0.8682,0.9514,0.818,,False,
236,7.836,1,Ben,0.8589,,1.0,0.0,0.0208,0.0397,0.8536,0.9528,0.8144,,False,
237,7.87,1,Ben,0.8615,,1.0,0.0,0.0035,0.0308,0.8618,0.952,0.8084,,False,
238,7.903,1,Ben,0.8605,,1.0,0.0,0.0,0.0148,0.8593,0.9515,0.8268,,False,
239,7.936,1,Ben,0.8586,,1.0,0.0,0.0,0.0141,0.8587,0.9442,0.832,,False,
240,7.97,1,Ben,0.8595,,1.0,0.0,0.0139,0.0136,0.8625,0.9427,0.8463,,False,
241,8.003,1,Ben,0.8566,,1.0,0.0,0.0,0.0155,0.8633,0.9296,0.8692,,False,
242,8.036,1,Ben,0.8564,,1.0,0.0,0.0,0.0131,0.8734,0.9145,0.8723,,False,
243,8.07,1,Ben,0.8685,,1.0,0.0,0.0,0.0345,0.8905,0.9405,0.8551,,False,
244,8.103,1,Ben,0.8628,,1.0,0.0,0.0,0.1233,0.9068,0.8939,0.8411,,False,
245,8.136,1,Ben,0.8635,,1.0,0.0,0.0069,0.1517,0.9112,0.8902,0.857,,False,
246,8.17,1,Ben,0.8665,,1.0,0.0,0.0278,0.1516,0.9165,0.8954,0.8505,,False,
247,8.203,1,Ben,0.8692,,1.0,0.0,0.0278,0.1188,0.9165,0.9067,0.8355,,False,
248,8.236,1,Ben,0.8718,,1.0,0.0,0.0243,0.1025,0.9185,0.9147,0.8377,,False,
249,8.27,1,Ben,0.8701,,1.0,0.0,0.0139,0.0999,0.9097,0.9198,0.8319,,False,
250,8.303,1,Ben,0.8667,,1.0,0.0,0.0104,0.0693,0.9078,0.9087,0.8247,,False,
251,8.336,1,Ben,0.8681,,1.0,0.0,0.0,0.0481,0.9059,0.9172,0.8223,,False,
252,8.37,1,Ben,0.8672,,1.0,0.0,0.0035,0.0514,0.9036,0.9167,0.8269,,False,
253,8.403,1,Ben,0.8650,,1.0,0.0,0.0,0.0223,0.9047,0.9058,0.8161,,False,
254,8.436,1,Ben,0.8639,,1.0,0.0,0.0,0.0114,0.8984,0.91,0.8009,,False,
255,8.47,1,Ben,0.8655,,1.0,0.0,0.0,0.0074,0.8995,0.9151,0.8035,,False,
259,8.603,8,Ben,0.5931,,0.0,0.0476,0.0,0.1051,0.9198,0.7003,0.883,,False,
260,8.636,8,Ben,0.6876,,0.0,0.0532,0.0,0.1152,0.9196,0.7287,0.8954,,False,
266,8.837,1,Ben,0.7508,,1.0,0.0,0.0035,0.006,0.9162,0.8666,0.8053,,False,
267,8.87,1,Ben,0.8614,,1.0,0.0,0.0,0.0013,0.9269,0.8593,0.8339,,False,
268,8.903,1,Ben,0.8598,,1.0,0.0,0.0,0.0006,0.9252,0.8553,0.8208,,False,
269,8.937,1,Ben,0.8617,,1.0,0.0,0.0,0.0018,0.9254,0.8629,0.8148,,False,
270,8.97,1,Ben,0.8665,,1.0,0.0,0.0,0.0106,0.9285,0.8784,0.7992,,False,
271,9.003,1,Ben,0.8648,,1.0,0.0,0.0,0.0089,0.9138,0.8923,0.7978,,False,
272,9.037,1,Ben,0.8656,,1.0,0.0,0.0,0.008,0.9096,0.9014,0.8161,,False,
273,9.07,1,Ben,0.8681,,1.0,0.0,0.0,0.0119,0.8982,0.9281,0.8074,,False,
274,9.103,1,Ben,0.8683,,1.0,0.0,0.0,0.0041,0.8941,0.9346,0.7923,,False,
275,9.137,1,Ben,0.8597,,1.0,0.0,0.0,0.0022,0.888,0.9073,0.7615,,False,
276,9.17,1,Ben,0.8762,,1.0,0.0,0.0035,0.0179,0.9115,0.9429,0.7735,,False,
277,9.203,1,Ben,0.8813,,1.0,0.0,0.0,0.0152,0.9209,0.9508,0.7842,,False,
278,9.237,1,Ben,0.8825,,1.0,0.0,0.0,0.0114,0.9255,0.9491,0.7746,,False,
279,9.27,1,Ben,0.8816,,1.0,0.0,0.0139,0.015,0.9239,0.9478,0.7736,,False,
280,9.303,1,Ben,0.8808,,1.0,0.0,0.0208,0.0386,0.9243,0.9438,0.789,,False,
281,9.337,1,Ben,0.8821,,1.0,0.0,0.0243,0.0489,0.9305,0.9406,0.7729,,False,
282,9.37,1,Ben,0.8847,,1.0,0.0,0.0208,0.0622,0.9392,0.9389,0.7708,,False,
283,9.403,1,Ben,0.8860,,1.0,0.0,0.0077,0.0605,0.9432,0.939,0.7782,,False,
284,9.437,1,Ben,0.8906,,1.0,0.0,0.0204,0.0603,0.9529,0.9443,0.7686,,False,
285,9.47,1,Ben,0.8864,,1.0,0.0,0.0077,0.0516,0.9417,0.9424,0.7601,,False,
286,9.503,1,Ben,0.8960,,1.0,0.0,0.0128,0.045,0.9639,0.9512,0.7655,,False,
287,9.537,1,Ben,0.8988,,1.0,0.0,0.0,0.0311,0.9698,0.9546,0.7531,,False,
288,9.57,1,Ben,0.8968,,1.0,0.0,0.0,0.0271,0.9674,0.9496,0.7668,,False,
289,9.603,1,Ben,0.8983,,1.0,0.0,0.0,0.032,0.9685,0.954,0.7653,,False,
290,9.637,1,Ben,0.8988,,1.0,0.0,0.0,0.0284,0.9683,0.9566,0.7686,,False,
291,9.67,1,Ben,0.8979,,1.0,0.0,0.0,0.0293,0.9627,0.9606,0.7696,,False,
292,9.703,1,Ben,0.8967,,1.0,0.0,0.0,0.043,0.9613,0.9579,0.7646,,False,
293,9.737,1,Ben,0.8974,,1.0,0.0,0.0,0.035,0.962,0.9598,0.777,,False,
294,9.77,1,Ben,0.8981,,1.0,0.0,0.0,0.0415,0.9622,0.9621,0.7893,,False,
295,9.804,1,Ben,0.8993,,1.0,0.0,0.023,0.043,0.967,0.9606,0.7849,,False,
296,9.837,1,Ben,0.8979,,1.0,0.0,0.0,0.0399,0.9658,0.9562,0.7668,,False,
297,9.87,1,Ben,0.9007,,1.0,0.0,0.0,0.0302,0.9694,0.9631,0.7561,,False,
298,9.904,1,Ben,0.8988,,1.0,0.0,0.0,0.0286,0.9643,0.9622,0.7696,,False,
299,9.937,1,Ben,0.8975,,1.0,0.0,0.0,0.0311,0.9628,0.9588,0.7611,,False,
300,9.97,1,Ben,0.8997,,1.0,0.0,0.0,0.034,0.9645,0.9656,0.7667,,False,
301,10.004,1,Ben,0.8990,,1.0,0.0,0.0,0.0529,0.9602,0.969,0.7561,,False,
302,10.037,1,Ben,0.9006,,1.0,0.0,0.002,0.064,0.9612,0.9743,0.7706,,False,
303,10.07,1,Ben,0.8991,,1.0,0.0,0.0,0.0692,0.96,0.9697,0.7616,,False,
304,10.104,1,Ben,0.9013,,1.0,0.0,0.0,0.0758,0.9677,0.9677,0.7536,,False,
305,10.137,1,Ben,0.9017,,1.0,0.0,0.002,0.0718,0.9679,0.9694,0.7592,,False,
306,10.17,1,Ben,0.8987,,1.0,0.0,0.0,0.0569,0.9615,0.9658,0.7477,,False,
307,10.204,1,Ben,0.8993,,1.0,0.0,0.0,0.0445,0.963,0.9663,0.7454,,False,
308,10.237,1,Ben,0.9001,,1.0,0.0,0.0,0.0445,0.9634,0.969,0.7295,,False,
309,10.27,1,Ben,0.9029,,1.0,0.0,0.0,0.0286,0.9681,0.9739,0.7553,,False,
310,10.304,1,Ben,0.9017,,1.0,0.0,0.0,0.0295,0.9679,0.9693,0.7427,,False,
311,10.337,1,Ben,0.9025,,1.0,0.0,0.0,0.0223,0.9687,0.9713,0.7431,,False,
312,10.37,1,Ben,0.9019,,1.0,0.0,0.0,0.025,0.9673,0.9711,0.74,,False,
313,10.404,1,Ben,0.9021,,1.0,0.0,0.0,0.0279,0.9684,0.9701,0.735,,False,
314,10.437,1,Ben,0.9022,,1.0,0.0,0.0,0.0266,0.9691,0.9698,0.7345,,False,
315,10.47,1,Ben,0.9025,,1.0,0.0,0.0,0.034,0.9712,0.9678,0.7313,,False,
316,10.504,1,Ben,0.9002,,1.0,0.0,0.0,0.0206,0.9668,0.9645,0.7219,,False,
317,10.537,1,Ben,0.8966,,1.0,0.0,0.0,0.0327,0.9535,0.9682,0.73,,False,
318,10.57,1,Ben,0.8942,,1.0,0.0,0.0,0.0429,0.9507,0.9622,0.7261,,False,
319,10.604,1,Ben,0.8957,,1.0,0.0,0.002,0.0532,0.9531,0.9653,0.7297,,False,
320,10.637,1,Ben,0.9002,,1.0,0.0,0.0,0.0489,0.9639,0.9687,0.7343,,False,
321,10.671,1,Ben,0.9075,face_mismatch,1.0,0.0,0.0077,0.0409,0.9735,0.9635,0.7313,,False,
322,10.704,1,Ben,0.8985,,1.0,0.0,0.0,0.0208,0.9651,0.96,0.7155,,False,
323,10.737,1,Ben,0.8938,,1.0,0.0,0.0026,0.0175,0.9535,0.9567,0.7225,,False,
324,10.771,1,Ben,0.9031,face_mismatch,1.0,0.0,0.0,0.0163,0.9611,0.9579,0.724,,False,
326,10.837,1,Ben,0.7938,,1.0,0.0,0.0,0.0171,0.9636,0.9596,0.7355,,False,
327,10.871,1,Ben,0.8954,,1.0,0.0,0.0,0.0362,0.9562,0.9594,0.738,,False,
328,10.904,1,Ben,0.8932,,1.0,0.0,0.0,0.057,0.9494,0.9602,0.7487,,False,
329,10.937,1,Ben,0.8981,,1.0,0.0,0.0026,0.0796,0.9646,0.959,0.7473,,False,
330,10.971,1,Ben,0.8930,,1.0,0.0,0.002,0.0994,0.9506,0.9573,0.7542,,False,
331,11.004,1,Ben,0.8927,,1.0,0.0,0.0039,0.0998,0.9509,0.956,0.7359,,False,
332,11.037,1,Ben,0.8953,,1.0,0.0,0.0,0.0923,0.9621,0.9509,0.7138,,False,
333,11.071,1,Ben,0.8970,,1.0,0.0,0.0,0.0816,0.9669,0.9512,0.7036,,False,
334,11.104,1,Ben,0.8955,,1.0,0.0,0.0,0.0783,0.9586,0.9567,0.7174,,False,
335,11.137,1,Ben,0.8973,,1.0,0.0,0.0,0.0839,0.9592,0.9633,0.7212,,False,
336,11.171,1,Ben,0.8973,,1.0,0.0,0.0,0.072,0.9609,0.9609,0.7125,,False,
337,11.204,1,Ben,0.8955,,1.0,0.0,0.0,0.0665,0.9573,0.9583,0.7273,,False,
338,11.237,1,Ben,0.8954,,1.0,0.0,0.002,0.0633,0.9561,0.9595,0.7344,,False,
339,11.271,1,Ben,0.8962,,1.0,0.0,0.0254,0.0975,0.9617,0.9552,0.741,,False,
340,11.304,1,Ben,0.8945,,1.0,0.0,0.0137,0.0968,0.9544,0.9585,0.7638,,False,
341,11.337,1,Ben,0.8925,,1.0,0.0,0.0078,0.1077,0.9473,0.9599,0.7764,,False,
342,11.371,1,Ben,0.8902,,1.0,0.0,0.0078,0.1062,0.9402,0.9607,0.785,,False,
343,11.404,1,Ben,0.8924,,1.0,0.0,0.002,0.0969,0.9444,0.9639,0.7836,,False,
344,11.437,1,Ben,0.8912,,1.0,0.0,0.0,0.1064,0.9413,0.9632,0.7678,,False,
345,11.471,1,Ben,0.8899,,1.0,0.0,0.0,0.1217,0.9405,0.9587,0.7501,,False,
346,11.504,1,Ben,0.8935,,1.0,0.0,0.0,0.1331,0.9491,0.9616,0.7578,,False,
347,11.537,1,Ben,0.8912,,1.0,0.0,0.0,0.1303,0.9459,0.9566,0.747,,False,
348,11.571,1,Ben,0.8948,,1.0,0.0,0.0117,0.1109,0.9495,0.9664,0.7481,,False,
349,11.604,1,Ben,0.8909,,1.0,0.0,0.002,0.0749,0.95,0.9494,0.7222,,False,
350,11.638,1,Ben,0.8937,,1.0,0.0,0.0039,0.0655,0.9463,0.9666,0.7472,,False,
351,11.671,1,Ben,0.8893,,1.0,0.0,0.0,0.0724,0.94,0.9571,0.7408,,False,
352,11.704,1,Ben,0.8897,,1.0,0.0,0.0,0.0994,0.9442,0.953,0.742,,False,
353,11.738,1,Ben,0.8893,,1.0,0.0,0.0098,0.1093,0.941,0.9557,0.754,,False,
354,11.771,1,Ben,0.8899,,1.0,0.0,0.0039,0.1284,0.9454,0.952,0.751,,False,
355,11.804,1,Ben,0.8937,,1.0,0.0,0.0,0.1267,0.9523,0.9578,0.7605,,False,
356,11.838,1,Ben,0.8951,,1.0,0.0,0.0,0.1165,0.9544,0.9609,0.7625,,False,
357,11.871,1,Ben,0.8972,,1.0,0.0,0.0,0.1343,0.9581,0.9645,0.7329,,False,
358,11.904,1,Ben,0.8940,,1.0,0.0,0.0077,0.1152,0.9509,0.9611,0.732,,False,
359,11.938,1,Ben,0.8915,,1.0,0.0,0.0046,0.1056,0.9429,0.9622,0.7129,,False,
360,11.971,1,Ben,0.8895,,1.0,0.0,0.0,0.0795,0.937,0.9621,0.7168,,False,
361,12.004,1,Ben,0.8894,,1.0,0.0,0.0,0.0676,0.9372,0.9615,0.7168,,False,
362,12.038,1,Ben,0.8892,,1.0,0.0,0.0,0.0603,0.9378,0.9596,0.714,,False,
363,12.071,1,Ben,0.8884,,1.0,0.0,0.0,0.0711,0.9388,0.9551,0.7196,,False,
364,12.104,1,Ben,0.8902,,1.0,0.0,0.0,0.1003,0.9451,0.9538,0.7257,,False,
365,12.138,1,Ben,0.8919,,1.0,0.0,0.0,0.1231,0.9499,0.954,0.7213,,False,
366,12.171,1,Ben,0.8909,,1.0,0.0,0.0,0.1247,0.9453,0.9563,0.7241,,False,
367,12.204,1,Ben,0.8900,,1.0,0.0,0.0,0.1206,0.9414,0.9579,0.7429,,False,
368,12.238,1,Ben,0.8922,,1.0,0.0,0.0,0.1266,0.9473,0.9589,0.7284,,False,
369,12.271,1,Ben,0.8930,,1.0,0.0,0.0,0.118,0.9471,0.9623,0.7212,,False,
370,12.304,1,Ben,0.8938,,1.0,0.0,0.0,0.1028,0.9438,0.9704,0.7136,,False,
371,12.338,1,Ben,0.8917,,1.0,0.0,0.0,0.0932,0.9447,0.9605,0.7119,,False,
372,12.371,1,Ben,0.8915,,1.0,0.0,0.0,0.0752,0.9467,0.9566,0.7102,,False,
373,12.404,1,Ben,0.8897,,1.0,0.0,0.0,0.0565,0.9489,0.9462,0.7031,,False,
374,12.438,1,Ben,0.8930,,1.0,0.0,0.0,0.0506,0.9526,0.9548,0.7042,,False,
375,12.471,1,Ben,0.8924,,1.0,0.0,0.0,0.0769,0.9543,0.9499,0.7027,,False,
376,12.505,1,Ben,0.8934,,1.0,0.0,0.0,0.0861,0.9543,0.9539,0.7022,,False,
377,12.538,1,Ben,0.8895,,1.0,0.0,0.0,0.0887,0.9449,0.951,0.7126,,False,
378,12.571,1,Ben,0.8895,,1.0,0.0,0.0,0.0977,0.9515,0.9417,0.6867,,False,
379,12.605,1,Ben,0.8822,,1.0,0.0,0.0,0.1038,0.9361,0.933,0.6714,,False,
380,12.638,1,Ben,0.8773,,1.0,0.0,0.0,0.0754,0.9171,0.9397,0.6787,,False,
381,12.671,1,Ben,0.8772,,1.0,0.0016,0.0,0.0638,0.9204,0.9345,0.6823,,False,
382,12.705,1,Ben,0.8790,,1.0,0.0002,0.0,0.0751,0.9279,0.9312,0.6911,,False,
383,12.738,1,Ben,0.8782,,1.0,0.0036,0.0,0.0675,0.9228,0.9352,0.6977,,False,
384,12.771,1,Ben,0.8771,,1.0,0.0002,0.0,0.067,0.9274,0.924,0.6812,,False,
385,12.805,1,Ben,0.8778,,1.0,0.0,0.0,0.0499,0.9261,0.929,0.6854,,False,
386,12.838,1,Ben,0.8731,,1.0,0.0,0.0,0.0606,0.9196,0.9183,0.6888,,False,
387,12.871,1,Ben,0.8738,,1.0,0.0,0.0,0.0742,0.9232,0.9161,0.691,,False,
388,12.905,1,Ben,0.8777,,1.0,0.0,0.0,0.0756,0.9229,0.9329,0.6946,,False,
389,12.938,1,Ben,0.8828,,1.0,0.0,0.0,0.0861,0.9351,0.9368,0.6977,,False,
390,12.971,1,Ben,0.8872,,1.0,0.0,0.0,0.0921,0.9416,0.9462,0.7074,,False,
391,13.005,1,Ben,0.8904,,1.0,0.0,0.0,0.0757,0.9446,0.9553,0.7201,,False,
392,13.038,1,Ben,0.8909,,1.0,0.0,0.0,0.077,0.9496,0.95,0.7255,,False,
393,13.071,1,Ben,0.8889,,1.0,0.0,0.0,0.0722,0.9445,0.9489,0.7073,,False,
394,13.105,1,Ben,0.8923,,1.0,0.0,0.0,0.0535,0.9477,0.9587,0.7235,,False,
395,13.138,1,Ben,0.8888,,1.0,0.0,0.0,0.0497,0.945,0.948,0.7174,,False,
396,13.171,1,Ben,0.8870,,1.0,0.0,0.0,0.0345,0.9385,0.9496,0.7151,,False,
397,13.205,1,Ben,0.8856,,1.0,0.0,0.0,0.0116,0.9339,0.9504,0.7081,,False,
398,13.238,1,Ben,0.8911,,1.0,0.0,0.0,0.0144,0.9475,0.9541,0.7006,,False,
399,13.271,1,Ben,0.8935,,1.0,0.0,0.0,0.0641,0.9518,0.958,0.7141,,False,
400,13.305,1,Ben,0.8902,,1.0,0.0,0.0,0.089,0.9431,0.9566,0.7291,,False,
401,13.338,1,Ben,0.8921,,1.0,0.0,0.0,0.093,0.9464,0.9598,0.7398,,False,
402,13.371,1,Ben,0.8933,,1.0,0.0,0.0,0.1156,0.9508,0.9586,0.7444,,False,
403,13.405,1,Ben,0.8927,,1.0,0.0,0.0,0.123,0.951,0.9557,0.7217,,False,
404,13.438,1,Ben,0.8886,,1.0,0.0,0.0,0.1203,0.9421,0.9511,0.7084,,False,
405,13.472,1,Ben,0.8870,,1.0,0.0,0.0,0.1047,0.9408,0.9465,0.6916,,False,
406,13.505,1,Ben,0.8849,,1.0,0.0,0.0,0.1068,0.9414,0.9369,0.6757,,False,
407,13.538,1,Ben,0.8790,,1.0,0.0,0.0,0.0907,0.9335,0.9235,0.661,,False,
408,13.572,1,Ben,0.8836,,1.0,0.0,0.0,0.0606,0.9356,0.9394,0.6889,,False,
409,13.605,1,Ben,0.8826,,1.0,0.0,0.0,0.0542,0.9315,0.9412,0.6928,,False,
410,13.638,1,Ben,0.8814,,1.0,0.0,0.0,0.0513,0.9301,0.9382,0.6768,,False,
411,13.672,1,Ben,0.8859,,1.0,0.0,0.0,0.1112,0.9403,0.9425,0.6728,,False,
412,13.705,1,Ben,0.8841,,1.0,0.0,0.0,0.1309,0.9377,0.9385,0.6832,,False,
413,13.738,1,Ben,0.8833,,1.0,0.0,0.0,0.1299,0.9366,0.9369,0.6948,,False,
414,13.772,1,Ben,0.8832,,1.0,0.0,0.0,0.1331,0.9412,0.93,0.6911,,False,
415,13.805,1,Ben,0.8807,,1.0,0.0,0.0,0.1326,0.9355,0.9278,0.6741,,False,
416,13.838,1,Ben,0.8790,,1.0,0.0,0.0,0.1307,0.9313,0.9265,0.6919,,False,
417,13.872,1,Ben,0.8782,,1.0,0.0,0.0,0.1145,0.9259,0.9307,0.6901,,False,
418,13.905,1,Ben,0.8772,,1.0,0.0,0.0,0.1017,0.9216,0.9326,0.6765,,False,
419,13.938,1,Ben,0.8746,,1.0,0.0,0.0,0.0672,0.9207,0.9231,0.6748,,False,
420,13.972,1,Ben,0.8747,,1.0,0.0,0.0,0.0671,0.9233,0.9197,0.6744,,False,
421,14.005,1,Ben,0.8742,,1.0,0.0,0.0,0.047,0.925,0.9153,0.6661,,False,
422,14.038,1,Ben,0.8757,,1.0,0.0,0.0,0.0412,0.9298,0.9147,0.661,,False,
423,14.072,1,Ben,0.8785,,1.0,0.0,0.0,0.0291,0.9349,0.9195,0.6611,,False,
424,14.105,1,Ben,0.8793,,1.0,0.0,0.0,0.0301,0.9356,0.9218,0.6581,,False,
425,14.138,1,Ben,0.8793,,1.0,0.0,0.0,0.0373,0.9347,0.9228,0.6558,,False,
426,14.172,1,Ben,0.8788,,1.0,0.0,0.0,0.0455,0.9345,0.9213,0.6516,,False,
427,14.205,1,Ben,0.8794,,1.0,0.0,0.0,0.0444,0.9325,0.9266,0.6573,,False,
428,14.238,1,Ben,0.8795,,1.0,0.0,0.0,0.0594,0.9308,0.9291,0.6595,,False,
429,14.272,1,Ben,0.8797,,1.0,0.0059,0.0,0.0717,0.9304,0.9305,0.6662,,False,
430,14.305,1,Ben,0.8747,,1.0,0.0027,0.0,0.0936,0.9185,0.9265,0.6502,,False,
431,14.339,1,Ben,0.8764,,1.0,0.002,0.0,0.1132,0.9171,0.9357,0.6591,,False,
432,14.372,1,Ben,0.8750,,1.0,0.0,0.0,0.1451,0.9158,0.9317,0.6694,,False,
436,14.505,1,Ben,0.7754,,1.0,0.0,0.0,0.0969,0.913,0.9537,0.7039,,False,
437,14.539,1,Ben,0.8789,,1.0,0.0,0.0,0.0822,0.9107,0.9552,0.703,,False,
438,14.572,1,Ben,0.8800,,1.0,0.0,0.0,0.062,0.9131,0.9563,0.6988,,False,
439,14.605,1,Ben,0.8809,,1.0,0.0,0.0,0.0396,0.9145,0.9583,0.6967,,False,
440,14.639,1,Ben,0.8813,,1.0,0.0,0.0,0.0319,0.9193,0.953,0.6939,,False,
441,14.672,1,Ben,0.8788,,1.0,0.0,0.0,0.0175,0.9155,0.9481,0.6911,,False,
442,14.705,1,Ben,0.8782,,1.0,0.0,0.0,0.0358,0.9232,0.9346,0.6701,,False,
443,14.739,1,Ben,0.8774,,1.0,0.0,0.0,0.0396,0.9207,0.9349,0.6652,,False,
444,14.772,1,Ben,0.8779,,1.0,0.0,0.0,0.0468,0.9318,0.921,0.6566,,False,
445,14.805,1,Ben,0.8790,,1.0,0.0071,0.0,0.0348,0.9379,0.9173,0.6498,,False,
446,14.839,1,Ben,0.8820,,1.0,0.0114,0.0,0.0363,0.9437,0.9215,0.6531,,False,
447,14.872,1,Ben,0.8840,,1.0,0.0221,0.0,0.0357,0.9453,0.9274,0.6537,,False,
448,14.905,1,Ben,0.8845,,1.0,0.0267,0.0012,0.059,0.9437,0.9317,0.6622,,False,
449,14.939,1,Ben,0.8873,,1.0,0.0105,0.0,0.0871,0.9478,0.9376,0.6651,,False,
450,14.972,1,Ben,0.8858,,1.0,0.0084,0.0,0.1047,0.9476,0.9316,0.6721,,False,
451,15.005,1,Ben,0.8764,,1.0,0.0,0.0,0.1117,0.9287,0.9193,0.6672,,False,
452,15.039,1,Ben,0.8720,,1.0,0.0,0.0,0.1063,0.9202,0.913,0.6697,,False,
453,15.072,1,Ben,0.8721,,1.0,0.0218,0.0,0.0873,0.924,0.908,0.6724,,False,
454,15.105,1,Ben,0.8726,,1.0,0.029,0.0,0.0673,0.9268,0.9061,0.6766,,False,
455,15.139,1,Ben,0.8704,,1.0,0.0355,0.0,0.0334,0.926,0.8981,0.6635,,False,
456,15.172,1,Ben,0.8742,,1.0,0.0392,0.0,0.0295,0.9295,0.9092,0.6768,,False,
457,15.205,1,Ben,0.8718,,1.0,0.0381,0.0,0.0444,0.9312,0.8967,0.6769,,False,
458,15.239,1,Ben,0.8707,,1.0,0.0301,0.0,0.063,0.9282,0.8965,0.6806,,False,
459,15.272,1,Ben,0.8697,,1.0,0.0307,0.0,0.0884,0.9279,0.8927,0.6727,,False,
460,15.306,1,Ben,0.8650,,1.0,0.0305,0.0,0.0902,0.9188,0.8859,0.6719,,False,
461,15.339,1,Ben,0.8609,,1.0,0.0153,0.0,0.0895,0.9153,0.8736,0.6786,,False,
462,15.372,1,Ben,0.8564,,1.0,0.0185,0.0,0.0726,0.9082,0.865,0.6836,,False,
463,15.406,1,Ben,0.8535,,1.0,0.0093,0.0,0.0695,0.904,0.8591,0.6681,,False,
464,15.439,1,Ben,0.8579,,1.0,0.0107,0.0,0.0536,0.9109,0.8675,0.6724,,False,
465,15.472,1,Ben,0.8597,,1.0,0.0013,0.0,0.0347,0.9118,0.8738,0.6845,,False,
466,15.506,1,Ben,0.8610,,1.0,0.0,0.0,0.0311,0.9148,0.8748,0.6751,,False,
467,15.539,1,Ben,0.8652,,1.0,0.0046,0.0,0.0322,0.9181,0.8877,0.6805,,False,
468,15.572,1,Ben,0.8634,,1.0,0.0031,0.0,0.0372,0.9121,0.8885,0.7013,,False,
469,15.606,1,Ben,0.8684,,1.0,0.002,0.0,0.0788,0.9222,0.8954,0.686,,False,
470,15.639,1,Ben,0.8687,,1.0,0.0039,0.0,0.1102,0.9207,0.8984,0.6852,,False,
471,15.672,1,Ben,0.8663,,1.0,0.0,0.002,0.1269,0.9173,0.8935,0.6811,,False,
472,15.706,1,Ben,0.8636,,1.0,0.0,0.0,0.1305,0.9172,0.8824,0.6679,,False,
475,15.806,1,Ben,0.7601,,1.0,0.0488,0.0,0.0469,0.9214,0.8504,0.6623,,False,
476,15.839,1,Ben,0.8545,,1.0,0.0293,0.0,0.0368,0.9184,0.8427,0.6591,,False,
477,15.872,1,Ben,0.8539,,1.0,0.0195,0.0,0.0286,0.9154,0.8445,0.6604,,False,
478,15.906,1,Ben,0.8553,,1.0,0.0195,0.002,0.0333,0.9158,0.8496,0.658,,False,
480,15.972,1,Ben,0.7590,,1.0,0.0195,0.002,0.0671,0.9171,0.8499,0.6733,,False,
481,16.006,1,Ben,0.8580,,1.0,0.0156,0.0,0.1147,0.9185,0.8572,0.6794,,False,
482,16.039,1,Ben,0.8585,,1.0,0.0059,0.0,0.1425,0.9275,0.8463,0.6797,,False,
483,16.072,1,Ben,0.8531,,1.0,0.0,0.0,0.155,0.9238,0.8291,0.6776,,False,
484,16.106,1,Ben,0.8537,,1.0,0.0168,0.0,0.1265,0.9254,0.8293,0.6802,,False,
485,16.139,1,Ben,0.8555,,1.0,0.034,0.0,0.1075,0.9284,0.8325,0.6835,,False,
486,16.172,1,Ben,0.8511,,1.0,0.0154,0.0,0.0913,0.927,0.8163,0.68,,False,
487,16.206,1,Ben,0.8482,,1.0,0.015,0.0231,0.0691,0.9201,0.814,0.6817,,False,
488,16.239,1,Ben,0.8505,,1.0,0.0203,0.0293,0.0377,0.9281,0.8122,0.6893,,False,
489,16.273,1,Ben,0.8515,,1.0,0.0088,0.0355,0.021,0.9287,0.8156,0.6818,,False,
490,16.306,1,Ben,0.8522,,1.0,0.009,0.0401,0.0417,0.9309,0.8155,0.6841,,False,
491,16.339,1,Ben,0.8528,,1.0,0.0052,0.037,0.0576,0.9314,0.8171,0.6935,,False,
492,16.373,1,Ben,0.8511,,1.0,0.0059,0.0463,0.0516,0.9271,0.816,0.7034,,False,
493,16.406,1,Ben,0.8423,,1.0,0.0,0.0633,0.0312,0.9201,0.7895,0.7041,,False,
494,16.439,1,Ben,0.8350,,1.0,0.0,0.0787,0.0353,0.9222,0.756,0.6831,,False,
495,16.473,1,Ben,0.8316,,1.0,0.0,0.1173,0.0263,0.9221,0.742,0.6737,,False,
496,16.506,1,Ben,0.8286,,1.0,0.0,0.1204,0.017,0.918,0.7354,0.6728,,False,
497,16.539,1,Ben,0.8257,,1.0,0.0,0.1343,0.0275,0.9181,0.7232,0.6646,,False,
498,16.573,1,Ben,0.8208,,1.0,0.0,0.1049,0.0173,0.9096,0.7148,0.6649,,False,
499,16.606,1,Ben,0.8165,,1.0,0.0,0.0741,0.0149,0.9027,0.7065,0.6655,,False,
500,16.639,1,Ben,0.8136,,1.0,0.0,0.0664,0.0113,0.9006,0.6973,0.6608,,False,
501,16.673,1,Ben,0.8124,,1.0,0.0,0.0432,0.0152,0.8934,0.7028,0.6677,,False,
502,16.706,1,Ben,0.8105,,1.0,0.0,0.054,0.0124,0.887,0.7037,0.6645,,False,
503,16.739,1,Ben,0.8143,,1.0,0.0,0.0273,0.0129,0.8919,0.7129,0.672,,False,
504,16.773,1,Ben,0.8173,,1.0,0.0,0.0293,0.0146,0.8919,0.7252,0.684,,False,
505,16.806,1,Ben,0.8172,,1.0,0.0,0.0137,0.0242,0.8943,0.7214,0.6776,,False,
506,16.839,1,Ben,0.8209,,1.0,0.0,0.0156,0.033,0.9028,0.7246,0.6811,,False,
507,16.873,1,Ben,0.8230,,1.0,0.0,0.0137,0.0311,0.9039,0.732,0.6982,,False,
508,16.906,1,Ben,0.8232,,1.0,0.0,0.0098,0.0351,0.9053,0.7308,0.6954,,False,
509,16.939,1,Ben,0.8248,,1.0,0.0,0.0312,0.0379,0.9101,0.7309,0.6884,,False,
510,16.973,1,Ben,0.8261,,1.0,0.0,0.0391,0.0399,0.9141,0.7303,0.6886,,False,
511,17.006,1,Ben,0.8216,,1.0,0.0,0.0694,0.0265,0.9058,0.7233,0.6846,,False,
512,17.039,1,Ben,0.8223,,1.0,0.0,0.0694,0.0179,0.9093,0.7215,0.6866,,False,
513,17.073,1,Ben,0.8216,,1.0,0.0,0.0802,0.02,0.9064,0.7228,0.6962,,False,
514,17.106,1,Ben,0.8207,,1.0,0.0012,0.0478,0.0194,0.9063,0.7191,0.692,,False,
515,17.14,1,Ben,0.8217,,1.0,0.0021,0.041,0.02,0.9068,0.7225,0.6971,,False,
516,17.173,1,Ben,0.8209,,1.0,0.0,0.0332,0.0545,0.8992,0.7299,0.711,,False,
517,17.206,1,Ben,0.8237,,1.0,0.0,0.041,0.0668,0.8996,0.7409,0.7092,,False,
518,17.24,1,Ben,0.8287,,1.0,0.0,0.0449,0.0844,0.9022,0.7582,0.7096,,False,
519,17.273,1,Ben,0.8263,,1.0,0.0,0.0895,0.0699,0.8991,0.7524,0.704,,False,
520,17.306,1,Ben,0.8282,,1.0,0.0,0.0818,0.0642,0.9066,0.7497,0.6732,,False,
521,17.34,1,Ben,0.8292,,1.0,0.0,0.0864,0.0587,0.9171,0.7391,0.6731,,False,
522,17.373,1,Ben,0.8302,,1.0,0.0,0.1003,0.058,0.9137,0.7482,0.6827,,False,
523,17.406,1,Ben,0.8290,,1.0,0.0,0.0941,0.0406,0.9055,0.7546,0.6829,,False,
524,17.44,1,Ben,0.8317,,1.0,0.0,0.0633,0.0316,0.912,0.7568,0.6841,,False,
525,17.473,1,Ben,0.8316,,1.0,0.0,0.0648,0.0345,0.9135,0.7543,0.6833,,False,
526,17.506,1,Ben,0.8304,,1.0,0.0,0.0448,0.0403,0.9085,0.7562,0.6906,,False,
527,17.54,1,Ben,0.8303,,1.0,0.0,0.0231,0.069,0.9063,0.7591,0.696,,False,
528,17.573,1,Ben,0.8345,,1.0,0.0,0.0494,0.0761,0.9153,0.7637,0.703,,False,
529,17.606,1,Ben,0.8355,,1.0,0.0,0.071,0.0609,0.9163,0.7665,0.6986,,False,
530,17.64,1,Ben,0.8327,,1.0,0.0,0.0664,0.0666,0.9129,0.7598,0.6893,,False,
531,17.673,1,Ben,0.8281,,1.0,0.0,0.0756,0.0554,0.911,0.7432,0.6813,,False,
532,17.706,1,Ben,0.8268,,1.0,0.0,0.0833,0.026,0.9067,0.7437,0.6959,,False,
533,17.74,1,Ben,0.8274,,1.0,0.0,0.1096,0.0124,0.9108,0.7407,0.6915,,False,
534,17.773,1,Ben,0.8241,,1.0,0.0,0.091,0.0221,0.9103,0.7273,0.6859,,False,
535,17.806,1,Ben,0.8254,,1.0,0.0,0.0988,0.0256,0.9099,0.7336,0.6865,,False,
536,17.84,1,Ben,0.8283,,1.0,0.0,0.0802,0.0268,0.9171,0.7355,0.6843,,False,
537,17.873,1,Ben,0.8294,,1.0,0.0,0.088,0.0246,0.9203,0.7355,0.6717,,False,
538,17.906,1,Ben,0.8294,,1.0,0.0,0.1219,0.0196,0.9182,0.7383,0.6821,,False,
539,17.94,1,Ben,0.8257,,1.0,0.0,0.1157,0.017,0.9132,0.73,0.6742,,False,
540,17.973,1,Ben,0.8230,,1.0,0.0,0.0825,0.0258,0.9066,0.7282,0.6829,,False,
541,18.006,1,Ben,0.8230,,1.0,0.0,0.1225,0.0318,0.9058,0.7292,0.6775,,False,
542,18.04,1,Ben,0.8215,,1.0,0.0,0.1238,0.0311,0.903,0.7269,0.6679,,False,
543,18.073,1,Ben,0.8218,,1.0,0.0,0.1288,0.039,0.908,0.7212,0.6691,,False,
544,18.107,1,Ben,0.8235,,1.0,0.0,0.135,0.038,0.9081,0.7282,0.6803,,False,
545,18.14,1,Ben,0.8235,,1.0,0.0,0.11,0.0376,0.9117,0.7231,0.6817,,False,
546,18.173,1,Ben,0.8242,,1.0,0.0,0.0925,0.0412,0.9149,0.7213,0.6751,,False,
547,18.207,1,Ben,0.8243,,1.0,0.0026,0.0963,0.0461,0.9175,0.7182,0.6882,,False,
548,18.24,1,Ben,0.8252,,1.0,0.0013,0.1013,0.0496,0.92,0.7182,0.6938,,False,
549,18.273,1,Ben,0.8225,,1.0,0.0,0.0712,0.0494,0.9158,0.7132,0.6954,,False,
550,18.307,1,Ben,0.8167,,1.0,0.0,0.088,0.0525,0.9054,0.7036,0.6906,,False,
551,18.34,1,Ben,0.8093,,1.0,0.0,0.0895,0.0551,0.8898,0.695,0.6987,,False,
552,18.373,1,Ben,0.8094,,1.0,0.0,0.0586,0.0626,0.894,0.6893,0.6906,,False,
553,18.407,1,Ben,0.8091,,1.0,0.0,0.0605,0.0545,0.8945,0.6873,0.6884,,False,
554,18.44,1,Ben,0.8069,,1.0,0.0,0.043,0.0577,0.8898,0.6849,0.6944,,False,
555,18.473,1,Ben,0.8056,,1.0,0.0,0.041,0.0527,0.8888,0.6809,0.6899,,False,
556,18.507,1,Ben,0.8058,,1.0,0.0,0.0547,0.0547,0.8883,0.6823,0.6927,,False,
557,18.54,1,Ben,0.8033,,1.0,0.0,0.0625,0.0539,0.8814,0.6816,0.6913,,False,
558,18.573,1,Ben,0.8040,,1.0,0.0,0.0556,0.0511,0.8844,0.6806,0.6885,,False,
559,18.607,1,Ben,0.8043,,1.0,0.0,0.0694,0.042,0.8828,0.6841,0.6943,,False,
560,18.64,1,Ben,0.8014,,1.0,0.0,0.0527,0.043,0.8778,0.679,0.6982,,False,
561,18.673,1,Ben,0.8033,,1.0,0.0038,0.091,0.0529,0.8837,0.6786,0.6967,,False,
562,18.707,1,Ben,0.8022,,1.0,0.0256,0.0988,0.0567,0.8809,0.6779,0.7078,,False,
563,18.74,1,Ben,0.8000,,1.0,0.032,0.1003,0.0575,0.8766,0.6749,0.7032,,False,
564,18.773,1,Ben,0.7995,,1.0,0.0322,0.091,0.0572,0.8751,0.6747,0.6994,,False,
565,18.807,1,Ben,0.8005,,1.0,0.0297,0.0972,0.0565,0.8777,0.6752,0.6958,,False,
566,18.84,1,Ben,0.7997,,1.0,0.0219,0.0957,0.06,0.8742,0.6769,0.7021,,False,
567,18.873,1,Ben,0.8011,,1.0,0.0266,0.1019,0.0584,0.8761,0.68,0.7,,False,
568,18.907,1,Ben,0.7983,,1.0,0.0114,0.0864,0.0625,0.8717,0.6746,0.6911,,False,
569,18.94,1,Ben,0.7958,,1.0,0.0158,0.0864,0.0629,0.8748,0.6598,0.6897,,False,
570,18.974,1,Ben,0.7981,,1.0,0.0189,0.0864,0.0634,0.8771,0.666,0.6937,,False,
571,19.007,1,Ben,0.7962,,1.0,0.0172,0.0833,0.0612,0.8765,0.659,0.6878,,False,
572,19.04,1,Ben,0.7958,,1.0,0.0224,0.0818,0.0614,0.8767,0.657,0.6867,,False,
573,19.074,1,Ben,0.7958,,1.0,0.0162,0.0756,0.0637,0.8737,0.6615,0.6897,,False,
574,19.107,1,Ben,0.7950,,1.0,0.0149,0.0833,0.0629,0.871,0.6618,0.6896,,False,
575,19.14,1,Ben,0.7950,,1.0,0.0285,0.0787,0.0632,0.8689,0.665,0.6868,,False,
576,19.174,1,Ben,0.7954,,1.0,0.0286,0.0741,0.0631,0.8717,0.6625,0.687,,False,
577,19.207,1,Ben,0.7961,,1.0,0.0117,0.0756,0.0634,0.8743,0.662,0.6857,,False,
578,19.24,1,Ben,0.7964,,1.0,0.0083,0.0802,0.0596,0.8771,0.659,0.6829,,False,
579,19.274,1,Ben,0.7942,,1.0,0.0228,0.0802,0.0584,0.8734,0.6552,0.6877,,False,
580,19.307,1,Ben,0.7952,,1.0,0.024,0.0772,0.0596,0.8755,0.6563,0.6934,,False,
581,19.34,1,Ben,0.7962,,1.0,0.0161,0.0787,0.0608,0.8771,0.6584,0.6875,,False,
582,19.374,1,Ben,0.7986,,1.0,0.0187,0.0802,0.062,0.8783,0.6667,0.6812,,False,
583,19.407,1,Ben,0.7974,,1.0,0.0142,0.0725,0.0591,0.8805,0.6583,0.6772,,False,
584,19.44,1,Ben,0.7977,,1.0,0.0144,0.0741,0.0597,0.8814,0.6583,0.6777,,False,
585,19.474,1,Ben,0.7976,,1.0,0.0129,0.0849,0.0619,0.88,0.6602,0.6823,,False,
586,19.507,1,Ben,0.7986,,1.0,0.0107,0.0895,0.0611,0.8778,0.6672,0.687,,False,
587,19.54,1,Ben,0.7990,,1.0,0.0154,0.0849,0.0537,0.8792,0.667,0.6851,,False,
588,19.574,1,Ben,0.7992,,1.0,0.021,0.0972,0.0559,0.8844,0.6606,0.6676,,False,
589,19.607,1,Ben,0.7989,,1.0,0.0208,0.1188,0.0493,0.8836,0.6604,0.6701,,False,
590,19.64,1,Ben,0.7972,,1.0,0.0135,0.1188,0.0515,0.8802,0.658,0.6695,,False,
591,19.674,1,Ben,0.7991,,1.0,0.0222,0.1235,0.0517,0.8852,0.6588,0.6733,,False,
592,19.707,1,Ben,0.7986,,1.0,0.0214,0.1219,0.0527,0.8849,0.6572,0.674,,False,
593,19.74,1,Ben,0.7992,,1.0,0.012,0.1157,0.054,0.8838,0.6611,0.6756,,False,
594,19.774,1,Ben,0.7952,,1.0,0.0108,0.1127,0.0523,0.879,0.6514,0.6705,,False,
595,19.807,1,Ben,0.7989,,1.0,0.0198,0.1235,0.0572,0.8798,0.6659,0.6834,,False,
596,19.84,1,Ben,0.7990,,1.0,0.0154,0.1219,0.0591,0.8815,0.6638,0.682,,False,
597,19.874,1,Ben,0.8006,,1.0,0.0204,0.1034,0.0639,0.8839,0.6669,0.6927,,False,
598,19.907,1,Ben,0.8017,,1.0,0.0275,0.108,0.067,0.886,0.6684,0.6886,,False,
599,19.941,1,Ben,0.8072,,1.0,0.0186,0.0957,0.0798,0.8969,0.6761,0.698,,False,
600,19.974,1,Ben,0.8094,,1.0,0.0077,0.0895,0.0755,0.9035,0.6759,0.6906,,False,
601,20.007,1,Ben,0.8112,,1.0,0.0087,0.0941,0.078,0.9144,0.6679,0.6324,,False,
602,20.041,1,Ben,0.8136,,1.0,0.0113,0.1065,0.071,0.92,0.6699,0.6316,,False,
603,20.074,1,Ben,0.8124,,1.0,0.0115,0.1065,0.0764,0.9156,0.6713,0.6369,,False,
604,20.107,1,Ben,0.8049,,1.0,0.0068,0.0941,0.0744,0.8893,0.6774,0.6526,,False,
605,20.141,1,Ben,0.8049,,1.0,0.0,0.0802,0.0868,0.8622,0.7157,0.729,,False,
606,20.174,1,Ben,0.8085,,1.0,0.0,0.0586,0.0845,0.8523,0.7446,0.8076,,False,
607,20.207,1,Ben,0.8129,,1.0,0.0057,0.0508,0.0894,0.8567,0.7568,0.8313,,False,
608,20.241,1,Ben,0.8103,,1.0,0.0104,0.0527,0.0982,0.8498,0.7557,0.8351,,False,
609,20.274,1,Ben,0.8089,,1.0,0.002,0.0352,0.0927,0.8512,0.7479,0.8315,,False,
610,20.307,1,Ben,0.8075,,1.0,0.0213,0.0195,0.0825,0.849,0.7451,0.8234,,False,
611,20.341,1,Ben,0.8116,,1.0,0.0003,0.0357,0.0738,0.8464,0.766,0.8507,,False,
612,20.374,1,Ben,0.8101,,1.0,0.0041,0.0306,0.0574,0.8483,0.7571,0.8443,,False,
613,20.407,1,Ben,0.8101,,1.0,0.0,0.0332,0.0518,0.8512,0.7529,0.8583,,False,
614,20.441,1,Ben,0.8173,,1.0,0.0,0.0255,0.0584,0.8585,0.7726,0.8536,,False,
615,20.474,1,Ben,0.8179,,1.0,0.0026,0.0383,0.0668,0.8662,0.764,0.8392,,False,
616,20.507,1,Ben,0.8150,,1.0,0.0099,0.0332,0.073,0.8658,0.7527,0.8075,,False,
617,20.541,1,Ben,0.8055,,1.0,0.0089,0.0357,0.0889,0.8655,0.7136,0.773,,False,
618,20.574,1,Ben,0.8042,,1.0,0.0173,0.0561,0.0838,0.8637,0.7106,0.766,,False,
622,20.707,1,Ben,0.8177,,1.0,0.0,0.051,0.1112,0.8541,0.7805,0.8679,,False,
623,20.741,1,Ben,0.8199,,1.0,0.0055,0.0434,0.1112,0.8573,0.785,0.8728,,False,
624,20.774,1,Ben,0.8179,,1.0,0.0099,0.0459,0.1014,0.8516,0.7849,0.872,,False,
625,20.808,1,Ben,0.8195,,1.0,0.0056,0.0281,0.0971,0.854,0.7879,0.875,,False,
626,20.841,1,Ben,0.8072,,1.0,0.0041,0.0179,0.0852,0.8669,0.7187,0.7687,,False,
627,20.874,1,Ben,0.8137,,1.0,0.0048,0.0357,0.0875,0.8699,0.7413,0.797,,False,
628,20.908,1,Ben,0.8058,,1.0,0.0048,0.0434,0.0864,0.8681,0.7111,0.7587,,False,
629,20.941,1,Ben,0.8073,,1.0,0.0,0.0383,0.0868,0.8675,0.718,0.7664,,False,
630,20.974,1,Ben,0.8164,,1.0,0.0,0.0561,0.1023,0.8604,0.766,0.8398,,False,
631,21.008,1,Ben,0.8167,,1.0,0.0016,0.0625,0.1104,0.8652,0.7606,0.8227,,False,
632,21.041,1,Ben,0.8171,,1.0,0.0,0.0586,0.1275,0.8709,0.7541,0.8045,,False,
633,21.074,1,Ben,0.8028,,1.0,0.0,0.0469,0.1115,0.8902,0.6673,0.6605,,False,
634,21.108,1,Ben,0.8013,,1.0,0.0,0.0273,0.1013,0.8871,0.6655,0.6558,,False,
635,21.141,1,Ben,0.7977,,1.0,0.0,0.0234,0.0905,0.8831,0.6562,0.6542,,False,
636,21.174,1,Ben,0.7970,,1.0,0.0,0.0293,0.0894,0.8803,0.657,0.6591,,False,
637,21.208,1,Ben,0.7977,,1.0,0.0,0.0051,0.0869,0.8808,0.6593,0.6632,,False,
638,21.241,1,Ben,0.8028,,1.0,0.0071,0.0,0.0896,0.8891,0.6687,0.6786,,False,
639,21.274,1,Ben,0.8080,,1.0,0.0324,0.0026,0.0948,0.891,0.6879,0.6763,,False,
640,21.308,1,Ben,0.8054,,1.0,0.0251,0.0051,0.0935,0.8857,0.6844,0.6619,,False,
641,21.341,1,Ben,0.8071,,1.0,0.025,0.0137,0.0923,0.8871,0.6895,0.6653,,False,
642,21.374,1,Ben,0.8042,,1.0,0.0233,0.0077,0.0916,0.8853,0.6801,0.6568,,False,
643,21.408,1,Ben,0.8053,,1.0,0.0,0.0026,0.0896,0.8908,0.6769,0.6565,,False,
644,21.441,1,Ben,0.7998,,1.0,0.0,0.0039,0.0951,0.8816,0.667,0.6508,,False,
645,21.474,1,Ben,0.7986,,1.0,0.0,0.0059,0.0879,0.88,0.6643,0.662,,False,
646,21.508,1,Ben,0.7988,,1.0,0.0,0.0026,0.08,0.8841,0.6594,0.6609,,False,
647,21.541,1,Ben,0.7999,,1.0,0.0049,0.0,0.0842,0.8795,0.6702,0.6783,,False,
648,21.574,1,Ben,0.8011,,1.0,0.0051,0.0,0.0812,0.8835,0.6695,0.6807,,False,
649,21.608,1,Ben,0.7986,,1.0,0.0054,0.0,0.0783,0.8813,0.6623,0.6775,,False,
650,21.641,1,Ben,0.8020,,1.0,0.0,0.0,0.0796,0.887,0.6685,0.6754,,False,
651,21.674,1,Ben,0.8013,,1.0,0.0,0.0077,0.0729,0.8816,0.6732,0.6761,,False,
652,21.708,1,Ben,0.8041,,1.0,0.0,0.002,0.0799,0.8816,0.6848,0.6788,,False,
653,21.741,1,Ben,0.8073,,1.0,0.0,0.0,0.0723,0.8882,0.6886,0.6719,,False,
654,21.775,1,Ben,0.8106,,1.0,0.002,0.0,0.0717,0.8977,0.6891,0.6655,,False,
655,21.808,1,Ben,0.8119,,1.0,0.0394,0.0,0.0681,0.8873,0.7091,0.6706,,False,
656,21.841,1,Ben,0.8131,,1.0,0.0,0.0,0.067,0.8894,0.7112,0.6823,,False,
657,21.875,1,Ben,0.8090,,1.0,0.0,0.0,0.0711,0.8807,0.7064,0.6859,,False,
658,21.908,1,Ben,0.8120,,1.0,0.0,0.0,0.0689,0.8871,0.7099,0.6828,,False,
659,21.941,1,Ben,0.8088,,1.0,0.0117,0.0,0.0655,0.8865,0.6973,0.6753,,False,
660,21.975,1,Ben,0.8107,,1.0,0.0033,0.0,0.0591,0.8895,0.7012,0.6808,,False,
661,22.008,1,Ben,0.8102,,1.0,0.0,0.0,0.0622,0.8913,0.6963,0.6773,,False,
662,22.041,1,Ben,0.8080,,1.0,0.0,0.0,0.0628,0.8896,0.6899,0.6733,,False,
663,22.075,1,Ben,0.8035,,1.0,0.0,0.002,0.0597,0.8828,0.6806,0.6794,,False,
664,22.108,1,Ben,0.8035,,1.0,0.0,0.002,0.0637,0.8826,0.6807,0.6754,,False,
665,22.141,1,Ben,0.8055,,1.0,0.0,0.0,0.0622,0.8863,0.6841,0.6816,,False,
666,22.175,1,Ben,0.8071,,1.0,0.0,0.0,0.0588,0.8892,0.6864,0.6797,,False,
667,22.208,1,Ben,0.8079,,1.0,0.0,0.0,0.0518,0.8914,0.6869,0.6839,,False,
668,22.241,1,Ben,0.8076,,1.0,0.0,0.0,0.0511,0.8942,0.6814,0.6797,,False,
669,22.275,1,Ben,0.8074,,1.0,0.0,0.0,0.0601,0.8919,0.684,0.681,,False,
670,22.308,1,Ben,0.8060,,1.0,0.0,0.0,0.0642,0.8849,0.688,0.6851,,False,
671,22.341,1,Ben,0.8094,,1.0,0.0,0.0,0.0665,0.8909,0.6938,0.685,,False,
672,22.375,1,Ben,0.8121,,1.0,0.0,0.0,0.0703,0.8924,0.7027,0.6854,,False,
673,22.408,1,Ben,0.8114,,1.0,0.0,0.0,0.0681,0.8926,0.6995,0.6841,,False,
674,22.441,1,Ben,0.8088,,1.0,0.0,0.0,0.069,0.8862,0.6978,0.6888,,False,
675,22.475,1,Ben,0.8107,,1.0,0.0,0.0,0.0748,0.8917,0.698,0.6878,,False,
676,22.508,1,Ben,0.8065,,1.0,0.0,0.0,0.08,0.8782,0.6997,0.6829,,False,
677,22.541,1,Ben,0.8084,,1.0,0.0004,0.0051,0.0801,0.8861,0.6965,0.6849,,False,
678,22.575,1,Ben,0.8082,,1.0,0.0,0.0102,0.0767,0.895,0.6829,0.6746,,False,
679,22.608,1,Ben,0.8041,,1.0,0.0,0.0,0.0756,0.8852,0.6798,0.6744,,False,
680,22.641,1,Ben,0.8047,,1.0,0.0,0.0,0.0733,0.8904,0.6747,0.6786,,False,
681,22.675,1,Ben,0.8060,,1.0,0.0,0.0,0.0625,0.8968,0.6711,0.6744,,False,
682,22.708,1,Ben,0.8029,,1.0,0.0,0.0,0.0722,0.8851,0.6747,0.6738,,False,
683,22.742,1,Ben,0.8077,,1.0,0.0,0.0,0.0676,0.8942,0.6821,0.676,,False,
684,22.775,1,Ben,0.8100,,1.0,0.0,0.0,0.0684,0.8949,0.6906,0.6776,,False,
685,22.808,1,Ben,0.8110,,1.0,0.0,0.0,0.0633,0.8942,0.6959,0.678,,False,
686,22.842,1,Ben,0.8147,,1.0,0.0,0.002,0.0632,0.8986,0.7051,0.6777,,False,
687,22.875,1,Ben,0.8120,,1.0,0.0,0.0,0.0541,0.8947,0.6991,0.6752,,False,
688,22.908,1,Ben,0.8148,,1.0,0.0278,0.0,0.0595,0.8937,0.7124,0.6825,,False,
689,22.942,1,Ben,0.8130,,1.0,0.0383,0.0,0.0499,0.8891,0.7113,0.688,,False,
690,22.975,1,Ben,0.8120,,1.0,0.0401,0.0,0.0457,0.8842,0.7141,0.6914,,False,
691,23.008,1,Ben,0.8087,,1.0,0.0,0.0,0.0452,0.8752,0.713,0.6808,,False,
692,23.042,1,Ben,0.8144,,1.0,0.0,0.0,0.0408,0.889,0.7172,0.6904,,False,
693,23.075,1,Ben,0.8110,,1.0,0.0,0.0,0.0525,0.8802,0.7156,0.6858,,False,
694,23.108,1,Ben,0.8119,,1.0,0.0,0.0,0.044,0.887,0.7096,0.6943,,False,
695,23.142,1,Ben,0.8149,,1.0,0.0,0.0,0.0593,0.8936,0.7128,0.6949,,False,
696,23.175,1,Ben,0.8095,,1.0,0.0,0.0,0.0559,0.8802,0.7092,0.6931,,False,
697,23.208,1,Ben,0.8077,,1.0,0.0,0.0,0.062,0.8795,0.7027,0.6878,,False,
698,23.242,1,Ben,0.8123,,1.0,0.0,0.0,0.0601,0.8888,0.7087,0.6945,,False,
699,23.275,1,Ben,0.8133,,1.0,0.0,0.0,0.0575,0.8924,0.708,0.6924,,False,
700,23.308,1,Ben,0.8092,,1.0,0.0,0.0,0.0496,0.889,0.6957,0.675,,False,
701,23.342,1,Ben,0.8181,,1.0,0.0,0.0179,0.0543,0.9143,0.697,0.6771,,False,
702,23.375,1,Ben,0.8178,,1.0,0.0,0.0,0.0605,0.9049,0.7088,0.6952,,False,
703,23.408,1,Ben,0.8132,,1.0,0.0076,0.0026,0.0814,0.89,0.711,0.6887,,False,
704,23.442,1,Ben,0.8011,,1.0,0.0,0.0,0.0937,0.872,0.686,0.6897,,False,
705,23.475,1,Ben,0.7937,,1.0,0.0,0.0,0.0551,0.8764,0.649,0.6643,,False,
706,23.508,1,Ben,0.8026,,1.0,0.0,0.0,0.0156,0.8972,0.6565,0.7116,,False,
707,23.542,1,Ben,0.8170,,1.0,0.0205,0.0174,0.0203,0.8931,0.7221,0.7735,,False,
708,23.575,1,Ben,0.8244,,1.0,0.0215,0.0208,0.0424,0.8755,0.7781,0.8222,,False,
709,23.609,1,Ben,0.8274,,1.0,0.0632,0.0312,0.0565,0.8724,0.795,0.8507,,False,
710,23.642,1,Ben,0.8245,,1.0,0.0,0.0,0.0723,0.8809,0.7708,0.8187,,False,
711,23.675,1,Ben,0.8116,,1.0,0.0,0.0312,0.0658,0.8772,0.7221,0.781,,False,
712,23.709,1,Ben,0.8019,,1.0,0.0,0.0069,0.0714,0.8714,0.6899,0.7343,,False,
713,23.742,7,fighter-7,0.6998,red_gloves,0.0,0.1983,0.002,0.0314,0.8766,0.9268,0.8431,kick,True,kick
713,23.742,1,Ben,0.8138,,1.0,0.0,0.0104,0.108,0.8614,0.7539,0.8102,,False,
714,23.775,1,Ben,0.8061,,1.0,0.0,0.0,0.1053,0.8576,0.7272,0.7797,,False,
715,23.809,1,Ben,0.8104,,1.0,0.0,0.0,0.0986,0.8555,0.748,0.8165,,False,
716,23.842,1,Ben,0.8120,,1.0,0.0,0.0,0.1022,0.8486,0.7645,0.8331,,False,
717,23.875,1,Ben,0.8100,,1.0,0.0,0.0,0.0904,0.851,0.7527,0.8375,,False,
718,23.909,1,Ben,0.8126,,1.0,0.0,0.0,0.0899,0.8608,0.7497,0.8263,,False,
719,23.942,1,Ben,0.8106,,1.0,0.0,0.0,0.0885,0.8644,0.7364,0.7988,,False,
720,23.975,1,Ben,0.8097,,1.0,0.0,0.0,0.106,0.8737,0.7194,0.7705,,False,
721,24.009,1,Ben,0.8091,,1.0,0.0,0.0,0.0915,0.8762,0.7132,0.7262,,False,
722,24.042,1,Ben,0.8037,,1.0,0.0,0.0,0.0996,0.8807,0.6845,0.7154,,False,
723,24.075,1,Ben,0.8059,,1.0,0.0,0.0,0.0969,0.8766,0.6993,0.6936,,False,
724,24.109,1,Ben,0.8027,,1.0,0.0,0.0,0.0957,0.8741,0.6896,0.6884,,False,
725,24.142,1,Ben,0.8016,,1.0,0.0,0.0,0.0902,0.8718,0.6884,0.6814,,False,
726,24.175,1,Ben,0.7982,,1.0,0.0,0.0,0.0852,0.8674,0.6802,0.6678,,False,
727,24.209,1,Ben,0.7982,,1.0,0.0,0.0,0.0861,0.8637,0.6854,0.6711,,False,
728,24.242,1,Ben,0.7933,,1.0,0.0,0.0069,0.0793,0.8389,0.7001,0.6679,,False,
729,24.275,1,Ben,0.7960,,1.0,0.0,0.0278,0.0789,0.8485,0.6979,0.6815,,False,
730,24.309,1,Ben,0.8024,,1.0,0.0186,0.0069,0.0623,0.8696,0.6947,0.6912,,False,
731,24.342,1,Ben,0.8160,,1.0,0.0,0.0104,0.0683,0.9055,0.7004,0.7032,,False,
732,24.375,1,Ben,0.8223,,1.0,0.0181,0.0069,0.0732,0.9216,0.7038,0.6999,,False,
733,24.409,1,Ben,0.8152,,1.0,0.0,0.0139,0.0714,0.9091,0.6923,0.6905,,False,
734,24.442,1,Ben,0.8142,,1.0,0.0005,0.0204,0.0865,0.9027,0.6969,0.6853,,False,
735,24.475,1,Ben,0.8068,,1.0,0.0,0.0312,0.1079,0.8835,0.6932,0.6749,,False,
736,24.509,1,Ben,0.8112,,1.0,0.0,0.0347,0.1233,0.8958,0.6942,0.6707,,False,
737,24.542,1,Ben,0.8066,,1.0,0.0066,0.0383,0.1183,0.8836,0.6922,0.675,,False,
738,24.576,1,Ben,0.8170,,1.0,0.0077,0.0459,0.1183,0.9046,0.7058,0.697,,False,
740,24.642,1,Ben,0.7321,,1.0,0.0113,0.0357,0.091,0.8876,0.6932,0.6972,,False,
741,24.676,1,Ben,0.8047,,1.0,0.0416,0.0153,0.0977,0.8922,0.6721,0.672,,False,
742,24.709,1,Ben,0.8016,,1.0,0.0347,0.0128,0.0639,0.8931,0.658,0.6629,,False,
745,24.809,1,Ben,0.7309,,1.0,0.0,0.0,0.0804,0.8956,0.6811,0.6848,punch,False,
746,24.842,1,Ben,0.8053,,1.0,0.0,0.0,0.0721,0.8796,0.6927,0.6949,,False,
747,24.876,1,Ben,0.8134,,1.0,0.0,0.0,0.0791,0.8736,0.735,0.7577,,False,
749,24.942,1,Ben,0.7538,,1.0,0.0065,0.0,0.0203,0.8639,0.781,0.8609,,False,
750,24.976,1,Ben,0.8317,,1.0,0.0,0.0,0.0017,0.8761,0.8077,0.8386,,False,
751,25.009,1,Ben,0.8529,,1.0,0.0,0.0077,0.0143,0.9116,0.8458,0.8108,,False,
752,25.042,1,Ben,0.8619,,1.0,0.0,0.0352,0.0399,0.9155,0.8776,0.7764,,False,
753,25.076,1,Ben,0.8591,,1.0,0.0037,0.0645,0.0292,0.9072,0.8778,0.7654,,False,
754,25.109,1,Ben,0.8670,,1.0,0.0,0.0,0.0494,0.917,0.8969,0.787,,False,
755,25.142,1,Ben,0.8512,,1.0,0.0,0.0,0.0639,0.8818,0.8806,0.7812,punch,False,
757,25.209,1,Ben,0.8126,,1.0,0.0,0.0,0.0644,0.863,0.9411,0.8033,,False,
758,25.242,1,Ben,0.8524,,1.0,0.0052,0.0,0.0627,0.8338,0.9537,0.8101,,False,
759,25.276,1,Ben,0.8685,,1.0,0.0,0.0,0.0641,0.8784,0.9576,0.8227,,False,
760,25.309,1,Ben,0.8804,,1.0,0.0,0.0,0.054,0.913,0.9583,0.8161,punch,False,
761,25.342,1,Ben,0.8707,,1.0,0.0073,0.0,0.0695,0.8876,0.9537,0.8316,,False,
762,25.376,1,Ben,0.8760,,1.0,0.0,0.0,0.0727,0.9044,0.9521,0.8201,,False,
763,25.409,1,Ben,0.8726,,1.0,0.0,0.0,0.0628,0.892,0.9556,0.8241,,False,
764,25.443,1,Ben,0.8726,,1.0,0.0,0.0,0.0568,0.8978,0.9471,0.8022,,False,
765,25.476,1,Ben,0.8700,,1.0,0.0,0.0,0.0695,0.8923,0.9441,0.82,,False,
766,25.509,1,Ben,0.7260,,0.0,0.0,0.0,0.0715,0.8921,0.9279,0.8062,,False,
767,25.543,1,Ben,0.7283,,0.0,0.0,0.0,0.0739,0.8911,0.939,0.8125,,False,
768,25.576,1,Ben,0.7317,,0.0,0.0,0.0,0.0948,0.8916,0.9525,0.8256,,False,
769,25.609,1,Ben,0.7345,,0.0,0.0,0.0,0.0884,0.9052,0.9447,0.8152,,False,
770,25.643,1,Ben,0.7233,not_competition_fighter,0.0,0.0,0.0,0.0574,0.8887,0.9214,0.8194,,False,
771,25.676,1,Ben,0.7250,not_competition_fighter;face_mismatch,0.0,0.0,0.0,0.0396,0.8925,0.8994,0.8523,,False,
772,25.709,1,Ben,0.7212,not_competition_fighter;face_mismatch,0.0,0.0,0.0,0.0791,0.8931,0.8844,0.8502,,False,
773,25.743,1,Ben,0.7235,not_competition_fighter;face_mismatch,0.0,0.0,0.0,0.0904,0.8989,0.8888,0.8572,,False,
774,25.776,1,Ben,0.7244,not_competition_fighter,0.0,0.0,0.0,0.087,0.9148,0.889,0.8544,,False,
775,25.809,1,Ben,0.7261,not_competition_fighter;face_mismatch,0.0,0.0,0.0,0.1027,0.9106,0.882,0.8456,,False,
776,25.843,1,Ben,0.7192,not_competition_fighter,0.0,0.0,0.0128,0.1335,0.9062,0.8797,0.8438,,False,
777,25.876,1,Ben,0.7226,not_competition_fighter;face_mismatch,0.0,0.0,0.0357,0.1494,0.8984,0.8794,0.8316,,False,
778,25.909,1,Ben,0.7171,not_competition_fighter;face_mismatch,0.0,0.0,0.0765,0.1427,0.8905,0.868,0.8249,,False,
779,25.943,1,Ben,0.7076,not_competition_fighter,0.0,0.0,0.0893,0.1574,0.8815,0.8662,0.8237,,False,
780,25.976,1,Ben,0.7072,not_competition_fighter,0.0,0.0,0.051,0.1596,0.8801,0.8667,0.8283,,False,
781,26.009,1,Ben,0.7093,not_competition_fighter;face_mismatch,0.0,0.0,0.0035,0.0922,0.8714,0.8683,0.8402,,False,
782,26.043,1,Ben,0.7110,not_competition_fighter,0.0,0.0,0.0035,0.1025,0.8657,0.9028,0.8543,,False,
783,26.076,1,Ben,0.7165,not_competition_fighter,0.0,0.0,0.0,0.1195,0.8678,0.9229,0.8185,,False,
784,26.109,1,Ben,0.7215,,0.0,0.0,0.0035,0.1541,0.8752,0.9329,0.8174,,False,
785,26.143,1,Ben,0.7195,blue_torso,0.0,0.0,0.0,0.1814,0.8811,0.9164,0.8096,,False,
786,26.176,1,Ben,0.7225,blue_torso,0.0,0.0,0.0,0.1915,0.8888,0.918,0.802,,False,
788,26.243,1,Ben,0.8227,,1.0,0.0,0.0,0.1795,0.8888,0.9109,0.8373,,False,
789,26.276,1,Ben,0.8574,,1.0,0.0,0.0,0.1367,0.8865,0.8998,0.8388,,False,
790,26.309,1,Ben,0.7174,,0.0,0.0,0.0,0.1142,0.884,0.9033,0.8463,,False,
791,26.343,1,Ben,0.7185,,0.0,0.0031,0.0174,0.1353,0.8874,0.9032,0.8464,,False,
792,26.376,1,Ben,0.7184,,0.0,0.0,0.0069,0.1033,0.8839,0.908,0.8317,,False,
793,26.41,1,Ben,0.7157,,0.0,0.0054,0.0139,0.0945,0.8834,0.8971,0.8317,,False,
794,26.443,1,Ben,0.7192,,0.0,0.0,0.0035,0.1011,0.8851,0.9094,0.828,,False,
795,26.476,1,Ben,0.8519,,1.0,0.0,0.0,0.0916,0.8636,0.9095,0.8165,,False,
796,26.51,1,Ben,0.8516,,1.0,0.0,0.0,0.0944,0.8638,0.9079,0.8187,,False,
797,26.543,1,Ben,0.8534,,1.0,0.0,0.0625,0.0989,0.8656,0.9128,0.8188,,False,
798,26.576,1,Ben,0.8512,,1.0,0.0,0.059,0.0972,0.8702,0.8972,0.819,,False,
799,26.61,1,Ben,0.8469,,1.0,0.066,0.0382,0.1101,0.8693,0.8804,0.825,,False,
801,26.676,1,Ben,0.7828,,1.0,0.0,0.0104,0.1179,0.8807,0.8384,0.8332,,False,
802,26.71,1,Ben,0.8392,,1.0,0.0,0.0104,0.1708,0.8918,0.8168,0.8039,,False,
805,26.81,1,Ben,0.7572,,1.0,0.0,0.0278,0.178,0.8919,0.7559,0.7282,,False,
814,27.11,16,Ben,0.7143,,1.0,0.0655,0.0,0.1143,0.8784,0.8198,0.8881,,False,
826,27.51,1,Ben,0.7249,,1.0,0.0033,0.0278,0.1297,0.9043,0.7691,0.6868,,False,
827,27.543,1,Ben,0.8327,,1.0,0.0,0.0174,0.1388,0.9066,0.7685,0.7137,,False,
828,27.577,1,Ben,0.8329,,1.0,0.0,0.0,0.1763,0.9016,0.7763,0.7275,,False,
829,27.61,1,Ben,0.8386,,1.0,0.0035,0.0035,0.1722,0.8967,0.807,0.7607,,False,
830,27.643,1,Ben,0.8322,,1.0,0.0035,0.0104,0.1366,0.8907,0.7889,0.7292,,False,
831,27.677,1,Ben,0.8241,,1.0,0.0,0.0,0.1464,0.8791,0.7716,0.6637,,False,
832,27.71,1,Ben,0.8343,,1.0,0.0,0.0035,0.1635,0.8814,0.8111,0.6745,,False,
833,27.743,1,Ben,0.8438,,1.0,0.0,0.0069,0.1738,0.8842,0.8464,0.6835,,False,
834,27.777,1,Ben,0.8528,,1.0,0.0,0.0035,0.1785,0.8879,0.8789,0.7013,,False,
839,27.943,1,Ben,0.7252,,1.0,0.0,0.0104,0.1735,0.877,0.8721,0.7012,,False,
840,27.977,1,Ben,0.8484,,1.0,0.0,0.0,0.1706,0.8746,0.8793,0.736,,False,
844,28.11,1,Ben,0.7250,,1.0,0.0,0.0,0.1685,0.8654,0.9094,0.7745,,False,
845,28.143,1,Ben,0.8587,,1.0,0.0,0.0,0.1144,0.8729,0.9247,0.7622,,False,
846,28.177,1,Ben,0.8585,,1.0,0.0,0.0,0.0678,0.8663,0.933,0.7368,,False,
847,28.21,1,Ben,0.8528,,1.0,0.0,0.0,0.0541,0.8575,0.9218,0.7306,,False,
848,28.244,1,Ben,0.8426,,1.0,0.0,0.0,0.0429,0.85,0.8902,0.7347,,False,
849,28.277,1,Ben,0.8403,,1.0,0.0,0.0,0.0247,0.8445,0.8883,0.7134,,False,
851,28.344,1,Ben,0.7255,,1.0,0.0,0.0,0.0519,0.8756,0.9375,0.7609,,False,
852,28.377,1,Ben,0.8622,,1.0,0.0,0.0069,0.0554,0.8788,0.9309,0.7377,,False,
853,28.41,1,Ben,0.8593,,1.0,0.0,0.0174,0.0689,0.8768,0.9216,0.7417,,False,
854,28.444,1,Ben,0.8601,,1.0,0.0,0.0,0.0607,0.8744,0.9285,0.7787,,False,
855,28.477,1,Ben,0.8611,,1.0,0.0,0.0,0.0539,0.8733,0.9339,0.7722,,False,
856,28.51,1,Ben,0.8622,,1.0,0.0,0.0,0.0485,0.8725,0.9399,0.7797,,False,
857,28.544,1,Ben,0.8647,,1.0,0.0,0.0,0.049,0.8738,0.9484,0.7682,,False,
858,28.577,1,Ben,0.8646,,1.0,0.0,0.0035,0.0422,0.8746,0.9468,0.7725,,False,
859,28.61,1,Ben,0.8625,,1.0,0.0,0.0,0.0504,0.8771,0.9344,0.7636,,False,
860,28.644,1,Ben,0.8605,,1.0,0.0,0.0104,0.0545,0.8773,0.9257,0.7643,,False,
863,28.744,1,Ben,0.7115,,1.0,0.0,0.0139,0.052,0.8974,0.9153,0.764,,False,
864,28.777,1,Ben,0.8727,face_mismatch,1.0,0.0,0.0,0.045,0.9047,0.9132,0.7706,,False,
865,28.81,1,Ben,0.8605,,1.0,0.0,0.0,0.0394,0.9035,0.8889,0.7472,,False,
867,28.877,1,Ben,0.7082,,1.0,0.0,0.0,0.0491,0.9214,0.8902,0.769,,False,
868,28.91,1,Ben,0.8690,,1.0,0.0,0.0,0.0419,0.9221,0.8977,0.7894,,False,
869,28.944,1,Ben,0.8701,,1.0,0.0,0.0,0.04,0.9237,0.9001,0.8091,,False,
870,28.977,1,Ben,0.8724,,1.0,0.0,0.0,0.0338,0.9233,0.9103,0.8048,,False,
871,29.01,1,Ben,0.8670,,1.0,0.0,0.0,0.0408,0.9193,0.8936,0.7855,,False,
872,29.044,1,Ben,0.8665,,1.0,0.0,0.0243,0.0493,0.9192,0.8917,0.7853,,False,
873,29.077,1,Ben,0.8702,,1.0,0.0,0.0278,0.0595,0.9187,0.9076,0.7802,,False,
874,29.11,1,Ben,0.8754,,1.0,0.0,0.0069,0.0623,0.9186,0.9295,0.7996,,False,
875,29.144,1,Ben,0.8727,,1.0,0.0035,0.0069,0.0629,0.9194,0.9172,0.7961,,False,
876,29.177,1,Ben,0.8702,,1.0,0.0,0.0069,0.0442,0.9237,0.9007,0.7753,,False,
877,29.211,1,Ben,0.8701,,1.0,0.0126,0.0,0.0275,0.9265,0.8963,0.7698,,False,
878,29.244,1,Ben,0.8693,,1.0,0.0062,0.0,0.027,0.9282,0.8903,0.7681,,False,
879,29.277,1,Ben,0.8666,,1.0,0.0054,0.0,0.0298,0.9264,0.8818,0.759,,False,
880,29.311,1,Ben,0.8642,,1.0,0.0,0.0,0.0288,0.9221,0.8778,0.7685,,False,
881,29.344,1,Ben,0.8613,,1.0,0.0,0.0,0.0347,0.9175,0.8721,0.7907,,False,
882,29.377,1,Ben,0.8559,,1.0,0.005,0.0,0.034,0.9167,0.8508,0.7764,,False,
883,29.411,1,Ben,0.8536,,1.0,0.0,0.0035,0.0388,0.9082,0.8535,0.7807,,False,
884,29.444,1,Ben,0.8564,,1.0,0.0,0.0312,0.036,0.9071,0.8668,0.7777,,False,
885,29.477,1,Ben,0.8594,,1.0,0.0,0.0451,0.0371,0.9031,0.8849,0.7954,,False,
886,29.511,1,Ben,0.8632,,1.0,0.0,0.0208,0.0328,0.9032,0.9005,0.7994,,False,
887,29.544,1,Ben,0.8656,,1.0,0.0,0.0382,0.0334,0.9048,0.9084,0.8014,,False,
888,29.577,1,Ben,0.8618,,1.0,0.0,0.0243,0.0383,0.8994,0.9002,0.8171,,False,
889,29.611,1,Ben,0.8615,,1.0,0.0,0.0104,0.0451,0.884,0.9205,0.8159,,False,
890,29.644,1,Ben,0.8663,,1.0,0.0,0.0069,0.0474,0.8838,0.9409,0.8243,,False,
891,29.677,1,Ben,0.8647,,1.0,0.0,0.0069,0.0431,0.8825,0.9359,0.8217,,False,
892,29.711,1,Ben,0.8651,,1.0,0.0,0.0,0.0372,0.881,0.9399,0.8338,,False,
893,29.744,1,Ben,0.8640,,1.0,0.0035,0.0,0.0371,0.8764,0.9417,0.839,,False,
894,29.777,1,Ben,0.8606,,1.0,0.0104,0.0,0.0418,0.8773,0.9265,0.8521,,False,
895,29.811,1,Ben,0.8632,,1.0,0.0243,0.0069,0.0367,0.8734,0.9425,0.8647,,False,
896,29.844,1,Ben,0.8602,,1.0,0.0,0.0035,0.0333,0.8703,0.9344,0.8608,,False,
904,30.111,1,Ben,0.7044,,1.0,0.0,0.0312,0.0517,0.89,0.9762,0.8783,,False,
905,30.144,1,Ben,0.8776,,1.0,0.0,0.059,0.0701,0.8899,0.9794,0.8803,,False,
906,30.178,1,Ben,0.8738,,1.0,0.0,0.0312,0.0797,0.8786,0.9796,0.8851,,False,
907,30.211,1,Ben,0.8715,,1.0,0.0,0.0243,0.0808,0.8714,0.98,0.8837,,False,
908,30.244,1,Ben,0.8694,,1.0,0.0,0.0347,0.0859,0.8719,0.9708,0.8796,,False,
909,30.278,1,Ben,0.8718,,1.0,0.0,0.0556,0.0949,0.8759,0.9748,0.8802,,False,
910,30.311,1,Ben,0.8711,,1.0,0.0,0.0729,0.0859,0.8763,0.9714,0.876,,False,
911,30.344,1,Ben,0.8709,,1.0,0.0,0.125,0.0937,0.8782,0.968,0.8744,,False,
912,30.378,1,Ben,0.8718,,1.0,0.0,0.1319,0.1098,0.8804,0.9685,0.8772,,False,
917,30.544,1,Ben,0.7280,,1.0,0.0,0.1076,0.1061,0.8713,0.9635,0.8724,,False,
918,30.578,1,Ben,0.8669,,1.0,0.0,0.0764,0.1061,0.8683,0.9654,0.8677,,False,
919,30.611,1,Ben,0.8675,,1.0,0.0,0.0729,0.1046,0.8648,0.9729,0.8596,,False,
920,30.644,1,Ben,0.8668,,1.0,0.0,0.0521,0.1029,0.8639,0.9713,0.8579,,False,
921,30.678,1,Ben,0.8674,,1.0,0.0,0.0625,0.1001,0.8676,0.9682,0.8536,,False,
922,30.711,1,Ben,0.8686,,1.0,0.0,0.0243,0.0891,0.8706,0.9693,0.8599,,False,
923,30.744,1,Ben,0.8692,,1.0,0.0,0.0208,0.0898,0.8711,0.9708,0.8644,,False,
924,30.778,1,Ben,0.8700,,1.0,0.0,0.0347,0.0661,0.8737,0.9704,0.8616,,False,
925,30.811,1,Ben,0.8703,,1.0,0.0,0.0278,0.0579,0.8731,0.9725,0.8618,,False,
926,30.844,1,Ben,0.8726,,1.0,0.0,0.0556,0.0539,0.8802,0.9721,0.8677,,False,
927,30.878,1,Ben,0.8749,,1.0,0.0,0.0521,0.0602,0.8847,0.9756,0.8703,,False,
928,30.911,1,Ben,0.8752,,1.0,0.0,0.059,0.0549,0.8896,0.9699,0.865,,False,
929,30.944,1,Ben,0.8785,,1.0,0.0,0.0938,0.0502,0.8971,0.973,0.8713,,False,
930,30.978,1,Ben,0.8807,,1.0,0.0,0.0799,0.0414,0.9027,0.9739,0.8748,,False,
931,31.011,1,Ben,0.8809,,1.0,0.0,0.059,0.0414,0.9057,0.9705,0.8808,,False,
932,31.045,1,Ben,0.8834,,1.0,0.0,0.059,0.043,0.9142,0.9689,0.8761,,False,
941,31.345,1,Ben,0.7445,,1.0,0.0243,0.0486,0.0364,0.9307,0.9468,0.8476,,False,
943,31.411,1,Ben,0.7471,,1.0,0.0484,0.0486,0.0358,0.9286,0.9579,0.8593,,False,
947,31.545,1,Ben,0.7453,,1.0,0.0799,0.0139,0.0375,0.9226,0.9565,0.8564,,False,
949,31.611,1,Ben,0.7465,,1.0,0.0625,0.0035,0.0381,0.927,0.9557,0.8525,,False,
950,31.645,1,Ben,0.8868,,1.0,0.0278,0.0,0.0379,0.9331,0.9565,0.853,,False,
951,31.678,1,Ben,0.8887,,1.0,0.0102,0.0,0.0379,0.9441,0.9486,0.8409,,False,
952,31.711,1,Ben,0.8879,,1.0,0.0031,0.0,0.0349,0.9488,0.9386,0.8336,,False,
953,31.745,1,Ben,0.8845,,1.0,0.0023,0.0,0.0343,0.9432,0.9324,0.8288,,False,
954,31.778,1,Ben,0.8810,,1.0,0.0124,0.0,0.0348,0.936,0.9283,0.8278,,False,
955,31.811,1,Ben,0.8819,,1.0,0.0542,0.0,0.0384,0.9352,0.9329,0.8321,,False,
956,31.845,1,Ben,0.8784,,1.0,0.0756,0.0,0.0397,0.9317,0.9235,0.8239,,False,
957,31.878,1,Ben,0.8811,,1.0,0.0625,0.0,0.0392,0.9319,0.9342,0.8352,,False,
958,31.912,1,Ben,0.8823,,1.0,0.0452,0.0,0.042,0.9322,0.939,0.8409,,False,
959,31.945,1,Ben,0.8853,,1.0,0.0162,0.0,0.0466,0.9371,0.9445,0.8502,,False,
960,31.978,1,Ben,0.8914,,1.0,0.003,0.0,0.0306,0.9412,0.9642,0.8645,,False,
961,32.012,1,Ben,0.8949,,1.0,0.0556,0.0069,0.0386,0.9458,0.972,0.8717,,False,
962,32.045,1,Ben,0.8981,,1.0,0.0451,0.0208,0.043,0.9517,0.9772,0.8712,,False,
963,32.078,1,Ben,0.8996,,1.0,0.038,0.0243,0.0527,0.9535,0.9809,0.8763,,False,
964,32.112,1,Ben,0.8995,,1.0,0.0417,0.0486,0.0492,0.9537,0.9803,0.8907,,False,
965,32.145,1,Ben,0.8964,,1.0,0.0243,0.0486,0.053,0.9456,0.9789,0.8911,,False,
966,32.178,1,Ben,0.8966,,1.0,0.0,0.0521,0.0536,0.9468,0.9779,0.8987,,False,
971,32.345,1,Ben,0.7612,,1.0,0.0067,0.059,0.0636,0.9514,0.9773,0.8993,,False,
972,32.378,1,Ben,0.8981,,1.0,0.0102,0.0312,0.0601,0.9516,0.9774,0.8994,,False,
973,32.412,1,Ben,0.8960,,1.0,0.0484,0.0035,0.0636,0.9445,0.9788,0.8929,,False,
974,32.445,1,Ben,0.8965,,1.0,0.0275,0.0035,0.0649,0.946,0.9786,0.8926,,False,
975,32.478,1,Ben,0.8966,,1.0,0.0556,0.0035,0.0594,0.9468,0.9779,0.8939,,False,
976,32.512,1,Ben,0.8982,,1.0,0.0556,0.0139,0.0649,0.9471,0.9839,0.8931,,False,
977,32.545,1,Ben,0.8997,,1.0,0.0694,0.0139,0.0603,0.9506,0.9852,0.8928,,False,
979,32.612,1,Ben,0.7655,,1.0,0.0486,0.0069,0.0597,0.9548,0.985,0.8918,,False,
980,32.645,1,Ben,0.9013,,1.0,0.066,0.0,0.057,0.9537,0.9875,0.8888,,False,
981,32.678,1,Ben,0.8966,,1.0,0.0556,0.0035,0.0533,0.9406,0.9866,0.8968,,False,
982,32.712,1,Ben,0.8965,,1.0,0.0486,0.0035,0.0574,0.9448,0.9804,0.8889,,False,
983,32.745,1,Ben,0.8971,,1.0,0.0625,0.0139,0.0459,0.9448,0.9829,0.8923,,False,
984,32.778,1,Ben,0.8960,,1.0,0.0486,0.0208,0.0436,0.9428,0.9809,0.8916,,False,
985,32.812,1,Ben,0.8902,,1.0,0.0585,0.0069,0.0346,0.9294,0.976,0.8914,,False,
986,32.845,1,Ben,0.8855,,1.0,0.0657,0.0139,0.0235,0.9168,0.974,0.8917,,False,
987,32.879,1,Ben,0.8817,,1.0,0.059,0.0139,0.0196,0.9118,0.9655,0.89,,False,
988,32.912,1,Ben,0.8770,,1.0,0.0764,0.0069,0.0179,0.899,0.9638,0.8952,,False,
989,32.945,1,Ben,0.8754,,1.0,0.0729,0.0069,0.0287,0.8928,0.966,0.8877,,False,
990,32.979,1,Ben,0.8748,,1.0,0.0764,0.0,0.0363,0.8915,0.9654,0.8792,,False,
991,33.012,1,Ben,0.8744,,1.0,0.0547,0.0,0.0362,0.8948,0.9589,0.8708,,False,
992,33.045,1,Ben,0.8744,,1.0,0.0065,0.0,0.0457,0.894,0.9602,0.8555,,False,
993,33.079,1,Ben,0.8743,,1.0,0.0,0.0,0.0536,0.8947,0.9588,0.8432,,False,
994,33.112,1,Ben,0.8719,,1.0,0.0033,0.0,0.053,0.8875,0.9591,0.8587,,False,
995,33.145,1,Ben,0.8707,,1.0,0.0,0.0,0.0783,0.8868,0.9548,0.8819,,False,
996,33.179,1,Ben,0.8661,,1.0,0.0066,0.0,0.0892,0.8805,0.9445,0.894,,False,
999,33.279,1,Ben,0.7366,,1.0,0.0,0.125,0.0749,0.9019,0.9228,0.8998,,False,
1000,33.312,1,Ben,0.8714,,1.0,0.0,0.0868,0.0811,0.9082,0.9276,0.8826,,False,
1001,33.345,1,Ben,0.8746,,1.0,0.0189,0.0694,0.0747,0.9099,0.9384,0.877,,False,
1002,33.379,1,Ben,0.8803,,1.0,0.0283,0.0417,0.0898,0.9239,0.9423,0.8296,,False,
1003,33.412,1,Ben,0.8790,,1.0,0.0,0.0243,0.085,0.9238,0.9371,0.8367,,False,
1004,33.445,1,Ben,0.8769,,1.0,0.0118,0.0,0.0621,0.9192,0.9348,0.8639,,False,
1005,33.479,1,Ben,0.8712,,1.0,0.0347,0.0,0.0323,0.9184,0.9123,0.8841,,False,
1006,33.512,1,Ben,0.8751,,1.0,0.0146,0.0,0.0281,0.9224,0.923,0.8772,,False,
1007,33.545,1,Ben,0.8714,,1.0,0.0031,0.0,0.02,0.9221,0.908,0.8601,,False,
1008,33.579,1,Ben,0.8712,,1.0,0.0,0.0,0.0157,0.9235,0.9051,0.8408,,False,
1009,33.612,1,Ben,0.8706,,1.0,0.0,0.0,0.0196,0.9256,0.8996,0.8248,,False,
1010,33.645,1,Ben,0.8701,,1.0,0.0,0.0104,0.0224,0.9197,0.9058,0.8258,,False,
1013,33.745,1,Ben,0.7471,,1.0,0.0,0.0208,0.1321,0.8986,0.9094,0.8263,,False,
1014,33.779,1,Ben,0.8538,,1.0,0.0,0.0174,0.173,0.8923,0.8767,0.8081,,False,
1015,33.812,1,Ben,0.8479,,1.0,0.0,0.0104,0.1133,0.8886,0.8573,0.7923,,False,
1017,33.879,1,Ben,0.7671,,1.0,0.0,0.0,0.0321,0.8768,0.9009,0.7918,,False,
1018,33.912,1,Ben,0.8770,,1.0,0.0,0.0139,0.03,0.9238,0.9289,0.7636,,False,
1019,33.946,1,Ben,0.8793,,1.0,0.0,0.0069,0.0154,0.9187,0.9458,0.7854,,False,
1020,33.979,1,Ben,0.8806,,1.0,0.0,0.0,0.0252,0.919,0.9506,0.7965,,False,
1021,34.012,1,Ben,0.8796,,1.0,0.0,0.0,0.0165,0.9177,0.9481,0.7866,,False,
1022,34.046,1,Ben,0.8761,,1.0,0.0,0.0069,0.0172,0.9151,0.9374,0.8032,,False,
1023,34.079,1,Ben,0.8772,,1.0,0.0,0.0,0.0119,0.9101,0.949,0.8176,,False,
1024,34.112,1,Ben,0.8814,,1.0,0.0,0.0069,0.0047,0.9155,0.9587,0.8222,,False,
1025,34.146,1,Ben,0.8823,,1.0,0.0,0.0,0.0017,0.9188,0.9579,0.8169,,False,
1026,34.179,1,Ben,0.8858,,1.0,0.0,0.0,0.0016,0.9238,0.9654,0.814,,False,
1027,34.212,1,Ben,0.8863,,1.0,0.0,0.0,0.0009,0.9303,0.9585,0.8277,,False,
1028,34.246,1,Ben,0.8811,,1.0,0.0,0.0,0.0187,0.9251,0.944,0.8403,,False,
1029,34.279,1,Ben,0.8793,,1.0,0.0,0.0,0.0292,0.9166,0.9487,0.8368,,False,
1030,34.312,1,Ben,0.8788,,1.0,0.0,0.0,0.0248,0.9174,0.9454,0.8601,,False,
1031,34.346,1,Ben,0.8727,,1.0,0.0,0.0069,0.0335,0.9161,0.9219,0.8479,,False,
1032,34.379,1,Ben,0.8758,,1.0,0.0,0.0069,0.0395,0.9128,0.9394,0.843,,False,
1033,34.412,1,Ben,0.8717,,1.0,0.0,0.0069,0.0312,0.8935,0.9496,0.8211,,False,
1034,34.446,1,Ben,0.8752,,1.0,0.0,0.0,0.0372,0.8933,0.9644,0.8101,,False,
1035,34.479,1,Ben,0.8754,,1.0,0.0,0.0,0.0362,0.8954,0.9622,0.7843,,False,
1036,34.512,1,Ben,0.8817,,1.0,0.0,0.0,0.0411,0.9062,0.9735,0.7577,,False,
1037,34.546,1,Ben,0.8830,,1.0,0.0,0.0,0.0378,0.9115,0.9713,0.7415,,False,
1038,34.579,1,Ben,0.8868,,1.0,0.0,0.0,0.0268,0.9209,0.9739,0.7302,,False,
1039,34.612,1,Ben,0.8877,,1.0,0.0,0.0,0.0112,0.9274,0.9684,0.7443,,False,
1040,34.646,1,Ben,0.8896,,1.0,0.0094,0.0,0.0378,0.931,0.9712,0.7375,,False,
1041,34.679,1,Ben,0.8911,,1.0,0.0,0.0,0.0516,0.9356,0.9707,0.7494,,False,
1042,34.713,1,Ben,0.8933,,1.0,0.0,0.0,0.0573,0.9448,0.9668,0.7455,,False,
1043,34.746,1,Ben,0.8958,,1.0,0.0243,0.0,0.0698,0.9517,0.9676,0.7341,,False,
1044,34.779,1,Ben,0.8946,,1.0,0.0,0.0,0.081,0.9488,0.9669,0.7278,,False,
1045,34.813,1,Ben,0.8933,,1.0,0.0,0.0069,0.0751,0.945,0.9668,0.7457,,False,
1046,34.846,1,Ben,0.8965,,1.0,0.0,0.0,0.0608,0.9491,0.9742,0.7457,,False,
1047,34.879,1,Ben,0.9022,,1.0,0.0,0.0,0.061,0.9672,0.9724,0.7275,,False,
1048,34.913,1,Ben,0.8981,,1.0,0.0,0.0,0.058,0.9535,0.9745,0.7176,,False,
1049,34.946,1,Ben,0.8953,,1.0,0.0,0.0035,0.0367,0.9469,0.9722,0.7456,,False,
1050,34.979,1,Ben,0.8927,,1.0,0.0125,0.0,0.0307,0.942,0.9684,0.725,,False,
1051,35.013,1,Ben,0.8932,,1.0,0.0088,0.0051,0.0349,0.9419,0.9708,0.7258,,False,
1052,35.046,1,Ben,0.8912,,1.0,0.0023,0.0026,0.0217,0.9353,0.9717,0.7246,,False,
1053,35.079,1,Ben,0.8893,,1.0,0.0,0.0051,0.0193,0.933,0.9671,0.7255,,False,
1054,35.113,1,Ben,0.8940,,1.0,0.0103,0.0026,0.0213,0.9397,0.9771,0.7282,,False,
1055,35.146,1,Ben,0.8949,,1.0,0.0,0.0035,0.0244,0.9424,0.977,0.7354,,False,
1056,35.179,1,Ben,0.8907,,1.0,0.0,0.0035,0.0141,0.9363,0.9681,0.7253,,False,
1057,35.213,1,Ben,0.8910,,1.0,0.0003,0.0,0.0193,0.9371,0.9682,0.722,,False,
1058,35.246,1,Ben,0.8896,,1.0,0.0021,0.0,0.0193,0.9302,0.9721,0.7267,,False,
1059,35.279,1,Ben,0.8902,,1.0,0.0,0.0051,0.0179,0.9311,0.9733,0.7198,,False,
1060,35.313,1,Ben,0.8929,,1.0,0.0,0.0,0.0172,0.9385,0.974,0.7164,,False,
1061,35.346,1,Ben,0.8921,,1.0,0.0,0.0,0.0252,0.9386,0.9706,0.7145,,False,
1062,35.379,1,Ben,0.8930,,1.0,0.0,0.0,0.0257,0.9417,0.9699,0.7168,,False,
1063,35.413,1,Ben,0.8906,,1.0,0.0,0.0,0.0282,0.9359,0.9684,0.7118,,False,
1064,35.446,1,Ben,0.8921,,1.0,0.0,0.0,0.0275,0.9365,0.9737,0.7181,,False,
1065,35.479,1,Ben,0.8913,,1.0,0.0,0.0,0.028,0.9355,0.9716,0.7186,,False,
1066,35.513,1,Ben,0.8920,,1.0,0.0,0.0,0.0295,0.9374,0.972,0.7227,,False,
1067,35.546,1,Ben,0.8901,,1.0,0.0,0.0,0.0293,0.9313,0.9729,0.7332,,False,
1068,35.579,1,Ben,0.8922,,1.0,0.0,0.0,0.0314,0.9372,0.9732,0.7329,,False,
1069,35.613,1,Ben,0.8931,,1.0,0.0,0.0,0.029,0.9375,0.9766,0.7402,,False,
1070,35.646,1,Ben,0.8983,,1.0,0.0,0.0,0.0306,0.9532,0.976,0.7484,,False,
1071,35.68,1,Ben,0.8990,,1.0,0.0,0.0,0.0377,0.9539,0.978,0.7444,,False,
1073,35.746,1,Ben,0.8180,,1.0,0.0,0.0,0.0568,0.9468,0.9704,0.7412,,False,
1074,35.78,1,Ben,0.8931,,1.0,0.0,0.0,0.0664,0.9381,0.9756,0.7475,,False,
1075,35.813,1,Ben,0.8885,,1.0,0.0,0.0104,0.0619,0.9289,0.9694,0.7506,,False,
1076,35.846,1,Ben,0.8906,,1.0,0.0,0.0,0.0425,0.931,0.9752,0.7528,,False,
1077,35.88,1,Ben,0.8900,,1.0,0.0,0.0,0.0362,0.9299,0.9745,0.7386,,False,
1078,35.913,1,Ben,0.8839,,1.0,0.0,0.0,0.0277,0.9114,0.9749,0.7557,,False,
1079,35.946,1,Ben,0.8807,,1.0,0.0,0.0,0.0139,0.9059,0.9696,0.7417,,False,
1081,36.013,1,Ben,0.7980,,1.0,0.0,0.0,0.0023,0.9139,0.9682,0.7387,,False,
1082,36.046,1,Ben,0.8864,,1.0,0.0,0.0,0.0272,0.9217,0.971,0.7354,,False,
1083,36.08,1,Ben,0.8893,,1.0,0.0,0.0,0.0753,0.9286,0.9734,0.7334,,False,
1084,36.113,1,Ben,0.8882,,1.0,0.0,0.0,0.0889,0.9302,0.9664,0.7533,,False,
1085,36.146,1,Ben,0.8902,,1.0,0.033,0.0,0.0954,0.9368,0.9654,0.7473,,False,
1086,36.18,1,Ben,0.8871,,1.0,0.0472,0.0,0.087,0.9308,0.9611,0.7486,,False,
1087,36.213,1,Ben,0.8918,,1.0,0.0351,0.0102,0.0722,0.9373,0.9715,0.7535,,False,
1088,36.246,1,Ben,0.8946,,1.0,0.0,0.0128,0.0672,0.945,0.9722,0.7354,,False,
1089,36.28,1,Ben,0.8955,,1.0,0.011,0.0077,0.0569,0.9501,0.9685,0.7291,,False,
1090,36.313,1,Ben,0.8938,,1.0,0.0115,0.0,0.0511,0.9507,0.9605,0.7398,,False,
1091,36.346,1,Ben,0.8936,,1.0,0.0145,0.0,0.0602,0.9523,0.9574,0.7385,,False,
1092,36.38,1,Ben,0.8929,,1.0,0.0289,0.0,0.0548,0.9531,0.9537,0.73,,False,
1093,36.413,1,Ben,0.8937,,1.0,0.0265,0.0,0.043,0.953,0.9572,0.7312,,False,
1094,36.446,1,Ben,0.8917,,1.0,0.0181,0.002,0.0474,0.9509,0.9518,0.7392,,False,
1095,36.48,1,Ben,0.8912,,1.0,0.0186,0.002,0.0454,0.9503,0.9505,0.7307,,False,
1096,36.513,1,Ben,0.8909,,1.0,0.0186,0.0,0.0481,0.9502,0.9495,0.7313,,False,
1097,36.547,1,Ben,0.8914,,1.0,0.0337,0.0,0.059,0.9529,0.9475,0.7349,,False,
1098,36.58,1,Ben,0.8910,,1.0,0.0371,0.0,0.0645,0.9538,0.9448,0.7382,,False,
1099,36.613,1,Ben,0.8888,,1.0,0.031,0.002,0.061,0.9532,0.9363,0.7421,,False,
1100,36.647,1,Ben,0.8901,,1.0,0.0311,0.0,0.0617,0.9578,0.935,0.7435,,False,
1101,36.68,1,Ben,0.8895,,1.0,0.0315,0.0,0.0679,0.9541,0.9381,0.7566,,False,
1102,36.713,1,Ben,0.8898,,1.0,0.0206,0.0,0.0633,0.9503,0.9444,0.7576,,False,
1103,36.747,1,Ben,0.8907,,1.0,0.0164,0.002,0.0659,0.946,0.9546,0.749,,False,
1104,36.78,1,Ben,0.8882,,1.0,0.0242,0.0102,0.0521,0.9398,0.9526,0.7682,,False,
1105,36.813,1,Ben,0.8906,,1.0,0.011,0.0026,0.0689,0.9402,0.9622,0.7626,,False,
1106,36.847,1,Ben,0.8906,,1.0,0.0285,0.0104,0.0873,0.9336,0.9717,0.7545,,False,
1107,36.88,1,Ben,0.8888,,1.0,0.0126,0.0069,0.0923,0.932,0.9662,0.7602,,False,
1108,36.913,1,Ben,0.8856,,1.0,0.0,0.0035,0.0818,0.9287,0.9577,0.7873,,False,
1109,36.947,1,Ben,0.8804,,1.0,0.0,0.0,0.0639,0.9186,0.9505,0.7997,,False,
1110,36.98,1,Ben,0.8844,,1.0,0.0044,0.0,0.0752,0.9227,0.961,0.7961,,False,
1111,37.013,1,Ben,0.8867,,1.0,0.0,0.0,0.0723,0.9236,0.9693,0.774,,False,
1112,37.047,1,Ben,0.8884,,1.0,0.0016,0.0,0.0531,0.9265,0.9725,0.7639,,False,
1113,37.08,1,Ben,0.8872,,1.0,0.0053,0.0,0.0439,0.9244,0.9705,0.7717,,False,
1114,37.113,1,Ben,0.8885,,1.0,0.0,0.0,0.0508,0.9263,0.9731,0.7698,,False,
1115,37.147,1,Ben,0.8872,,1.0,0.0016,0.0,0.0797,0.9247,0.9702,0.7788,,False,
1116,37.18,1,Ben,0.8807,,1.0,0.0,0.0,0.096,0.9074,0.9675,0.7743,,False,
1117,37.213,1,Ben,0.8836,,1.0,0.0099,0.0,0.1275,0.9173,0.9653,0.7649,,False,
1118,37.247,1,Ben,0.8838,,1.0,0.0,0.0,0.1405,0.9174,0.9663,0.7716,,False,
1119,37.28,1,Ben,0.8849,,1.0,0.0,0.0,0.1505,0.9241,0.9614,0.7704,,False,
1120,37.313,1,Ben,0.8871,,1.0,0.0,0.0,0.1389,0.9276,0.9654,0.7806,,False,
1121,37.347,1,Ben,0.8897,,1.0,0.0,0.0,0.1094,0.9306,0.972,0.7769,,False,
1122,37.38,1,Ben,0.8865,,1.0,0.0,0.0069,0.1332,0.9253,0.9662,0.6904,,False,
1123,37.413,1,Ben,0.8737,,1.0,0.0,0.0069,0.1158,0.8878,0.9659,0.7005,,False,
1125,37.48,1,Ben,0.7973,,1.0,0.0,0.0069,0.0449,0.9143,0.9522,0.7023,,False,
1126,37.514,1,Ben,0.8791,,1.0,0.0153,0.0,0.0529,0.93,0.9286,0.7216,,False,
1127,37.547,1,Ben,0.8737,,1.0,0.0,0.0,0.0796,0.9247,0.9139,0.7235,,False,
1128,37.58,1,Ben,0.8765,,1.0,0.0469,0.0,0.0591,0.9395,0.9044,0.7314,,False,
1130,37.647,1,Ben,0.7740,,1.0,0.0003,0.0,0.0221,0.9151,0.8476,0.7233,,False,
1131,37.68,1,Ben,0.8430,,1.0,0.0,0.0163,0.055,0.9137,0.8014,0.6892,,False,
1132,37.714,1,Ben,0.8324,,1.0,0.0,0.0208,0.057,0.9101,0.7625,0.6922,,False,
1133,37.747,1,Ben,0.8314,,1.0,0.037,0.0,0.0841,0.9151,0.7513,0.6835,,False,
1134,37.78,1,Ben,0.8188,,1.0,0.0571,0.0,0.0787,0.8772,0.7525,0.7345,,False,
1136,37.847,1,Ben,0.7803,,1.0,0.0745,0.0139,0.0914,0.9297,0.795,0.846,,False,
1138,37.914,22,Ben,0.6075,,0.0,0.0271,0.0,0.1141,0.8906,0.7232,0.8952,,False,
1145,38.147,1,Ben,0.7829,,1.0,0.0768,0.0,0.0913,0.89,0.7723,0.8711,,False,
1146,38.18,1,Ben,0.8185,,1.0,0.0318,0.0,0.0701,0.8815,0.7449,0.7451,,False,
1147,38.214,1,Ben,0.8139,,1.0,0.0021,0.0,0.0535,0.8638,0.7507,0.7028,,False,
1148,38.247,1,Ben,0.8152,,1.0,0.0,0.0,0.0305,0.869,0.7488,0.6901,,False,
1149,38.28,1,Ben,0.8101,,1.0,0.0033,0.0,0.043,0.8549,0.7477,0.6783,,False,
1150,38.314,1,Ben,0.8249,,1.0,0.0,0.0,0.0291,0.8736,0.783,0.6753,,False,
1151,38.347,1,Ben,0.8259,,1.0,0.0021,0.0,0.0323,0.877,0.7823,0.68,punch,False,
1155,38.481,1,Ben,0.8023,,1.0,0.0539,0.0,0.0799,0.8871,0.818,0.6904,,False,
1156,38.514,1,Ben,0.8406,,1.0,0.0773,0.0,0.0918,0.8878,0.828,0.6802,,False,
1157,38.547,1,Ben,0.8427,,1.0,0.0543,0.0,0.1026,0.8851,0.8409,0.6853,,False,
1158,38.581,1,Ben,0.8459,,1.0,0.0181,0.0,0.0814,0.8814,0.8591,0.6901,,False,
1159,38.614,1,Ben,0.8479,,1.0,0.0235,0.0,0.0922,0.8931,0.851,0.693,,False,
1160,38.647,1,Ben,0.8468,,1.0,0.0,0.0,0.1169,0.8917,0.8484,0.6986,,False,
1161,38.681,1,Ben,0.8493,,1.0,0.0,0.0,0.131,0.8928,0.8572,0.6957,,False,
1162,38.714,1,Ben,0.8543,,1.0,0.0,0.0,0.1153,0.9017,0.8653,0.6992,,False,
1163,38.747,1,Ben,0.8567,,1.0,0.0,0.0,0.0766,0.9054,0.8704,0.7073,,False,
1164,38.781,1,Ben,0.8658,,1.0,0.0,0.0,0.0583,0.9202,0.8873,0.7156,,False,
1165,38.814,1,Ben,0.8575,,1.0,0.0,0.0,0.0402,0.9163,0.858,0.7169,,False,
1166,38.847,1,Ben,0.8589,,1.0,0.0089,0.0,0.055,0.9258,0.8507,0.7212,,False,
1167,38.881,1,Ben,0.8632,,1.0,0.0061,0.0,0.0466,0.9157,0.8829,0.75,,False,
1199,39.948,1,Ben,0.8105,,1.0,0.0,0.0,0.0719,0.9139,0.8124,0.7074,,False,
1200,39.981,1,Ben,0.8434,,1.0,0.0,0.0,0.0812,0.9121,0.8053,0.7114,,False,
1201,40.014,1,Ben,0.8408,,1.0,0.0,0.0,0.0821,0.9049,0.8049,0.6888,,False,
1202,40.048,1,Ben,0.8381,,1.0,0.0,0.0,0.0591,0.9108,0.785,0.6822,,False,
1203,40.081,1,Ben,0.8321,,1.0,0.0,0.0,0.0622,0.9041,0.7697,0.6741,,False,
1204,40.114,1,Ben,0.8272,,1.0,0.0,0.0,0.0535,0.9007,0.754,0.6611,,False,
1205,40.148,1,Ben,0.8257,,1.0,0.0,0.0,0.0544,0.8995,0.7495,0.6625,,False,
1206,40.181,1,Ben,0.8253,,1.0,0.0,0.0,0.0723,0.9018,0.7444,0.6793,,False,
1207,40.214,1,Ben,0.8241,,1.0,0.0,0.0,0.0609,0.9026,0.7386,0.6821,,False,
1208,40.248,1,Ben,0.8201,,1.0,0.0,0.0,0.0558,0.9063,0.7164,0.6956,,False,
1209,40.281,1,Ben,0.8131,,1.0,0.0,0.0,0.0387,0.8968,0.7008,0.7629,,False,
1210,40.315,1,Ben,0.8144,,1.0,0.0,0.0,0.0305,0.8921,0.7129,0.7881,,False,
1211,40.348,1,Ben,0.8127,,1.0,0.0,0.0,0.0136,0.8727,0.7332,0.8442,,False,
1217,40.548,21,Ben,0.7946,,1.0,0.0312,0.0,0.1392,0.872,0.7875,0.7247,,False,
1218,40.581,21,Ben,0.8258,,1.0,0.0561,0.0102,0.1155,0.8713,0.7897,0.7349,,False,
1219,40.615,21,Ben,0.8279,,1.0,0.0301,0.0051,0.0944,0.8767,0.791,0.7331,,False,
1220,40.648,21,Ben,0.6866,,0.0,0.0303,0.0,0.0794,0.8814,0.779,0.7233,,False,
1221,40.681,21,Ben,0.6975,,0.0,0.0343,0.0,0.0839,0.9132,0.7794,0.7225,,False,
1222,40.715,21,Ben,0.7056,,0.0,0.0276,0.0,0.0912,0.9339,0.7835,0.724,,False,
1223,40.748,21,Ben,0.7062,,0.0,0.0084,0.0,0.0704,0.9336,0.7866,0.7145,,False,
1225,40.815,1,Ben,0.7972,,1.0,0.0,0.0,0.0699,0.9074,0.949,0.7546,,False,
1226,40.848,1,Ben,0.8732,,1.0,0.0,0.0,0.0514,0.8895,0.9614,0.7251,,False,
1227,40.881,1,Ben,0.8748,,1.0,0.0,0.0,0.0411,0.8991,0.9545,0.7119,,False,
1228,40.915,1,Ben,0.8782,,1.0,0.0,0.0,0.0341,0.9093,0.9543,0.6969,,False,
1229,40.948,1,Ben,0.8785,,1.0,0.0,0.0,0.0327,0.9086,0.9566,0.6946,,False,
1230,40.981,1,Ben,0.8817,,1.0,0.0,0.0,0.0346,0.914,0.9624,0.7131,,False,
1231,41.015,1,Ben,0.8797,,1.0,0.0,0.0,0.1224,0.9111,0.958,0.728,,False,
1232,41.048,1,Ben,0.8805,,1.0,0.0,0.0,0.1342,0.9166,0.9535,0.752,,False,
1233,41.081,1,Ben,0.8773,,1.0,0.0,0.0051,0.1489,0.9078,0.9528,0.7627,,False,
1234,41.115,1,Ben,0.8762,,1.0,0.0,0.0069,0.1614,0.9037,0.954,0.7802,,False,
1235,41.148,1,Ben,0.8691,,1.0,0.0,0.0,0.1552,0.8957,0.9355,0.7637,,False,
1236,41.182,1,Ben,0.8538,,1.0,0.0,0.0,0.1305,0.8763,0.8996,0.761,,False,
1237,41.215,1,Ben,0.8510,,1.0,0.0,0.0,0.1488,0.8669,0.901,0.7256,,False,
1238,41.248,1,Ben,0.8568,,1.0,0.0,0.0035,0.1749,0.8744,0.9147,0.6992,,False,
1239,41.282,1,Ben,0.8572,,1.0,0.0,0.0069,0.1443,0.8755,0.9149,0.6911,,False,
1240,41.315,1,Ben,0.8491,,1.0,0.0,0.0139,0.1526,0.8777,0.8777,0.7412,,False,
1241,41.348,1,Ben,0.8409,,1.0,0.0,0.0174,0.1622,0.8742,0.8486,0.714,,False,
1242,41.382,1,Ben,0.8496,,1.0,0.0,0.0069,0.1665,0.8775,0.8804,0.7738,,False,
1243,41.415,1,Ben,0.8586,,1.0,0.0,0.0104,0.1093,0.8875,0.9037,0.8066,,False,
1244,41.448,1,Ben,0.8657,,1.0,0.0,0.0069,0.0916,0.8995,0.916,0.8215,,False,
1245,41.482,1,Ben,0.8740,,1.0,0.0024,0.0069,0.0739,0.9132,0.9315,0.8155,,False,
1246,41.515,1,Ben,0.8770,,1.0,0.0283,0.0035,0.0695,0.9223,0.9308,0.8159,,False,
1247,41.548,1,Ben,0.8791,,1.0,0.0,0.0,0.05,0.927,0.9329,0.8197,,False,
1248,41.582,1,Ben,0.8811,,1.0,0.0,0.0035,0.0527,0.9316,0.9348,0.8051,,False,
1249,41.615,1,Ben,0.8814,,1.0,0.0,0.0035,0.077,0.924,0.947,0.8165,,False,
1250,41.648,1,Ben,0.8837,,1.0,0.0,0.0035,0.0842,0.9247,0.9553,0.8438,,False,
1251,41.682,1,Ben,0.8849,,1.0,0.0,0.0174,0.0908,0.9283,0.9552,0.8311,,False,
1252,41.715,1,Ben,0.8850,,1.0,0.0,0.0174,0.078,0.9348,0.9465,0.7881,,False,
1253,41.748,1,Ben,0.8744,,1.0,0.0,0.0208,0.066,0.9201,0.9231,0.7364,,False,
1254,41.782,1,Ben,0.8702,,1.0,0.0,0.0208,0.0747,0.9109,0.9186,0.7721,,False,
1255,41.815,1,Ben,0.8678,,1.0,0.0,0.0035,0.0673,0.9029,0.92,0.808,,False,
1256,41.848,1,Ben,0.8641,,1.0,0.0,0.0104,0.0823,0.8883,0.9252,0.8538,,False,
1257,41.882,1,Ben,0.8606,,1.0,0.0,0.059,0.1003,0.88,0.9226,0.8491,,False,
1258,41.915,1,Ben,0.8557,,1.0,0.0,0.0382,0.1353,0.8648,0.9238,0.8523,,False,
1259,41.948,1,Ben,0.8524,,1.0,0.0,0.0417,0.1254,0.8577,0.9198,0.8481,,False,
1260,41.982,1,Ben,0.8567,,1.0,0.0,0.0035,0.1168,0.8586,0.9367,0.854,,False,
1261,42.015,1,Ben,0.8592,,1.0,0.0,0.0,0.0953,0.8631,0.9408,0.8386,,False,
1262,42.048,1,Ben,0.8622,,1.0,0.0,0.0035,0.0748,0.8652,0.9503,0.8355,,False,
1263,42.082,1,Ben,0.8673,,1.0,0.0,0.0035,0.0691,0.8739,0.9592,0.8352,,False,
1264,42.115,1,Ben,0.8732,,1.0,0.0051,0.0,0.0821,0.884,0.9694,0.8323,,False,
1265,42.149,1,Ben,0.8721,,1.0,0.0538,0.0139,0.071,0.888,0.959,0.8372,,False,
1266,42.182,1,Ben,0.8744,,1.0,0.0345,0.0035,0.0495,0.8985,0.9539,0.8468,,False,
1269,42.282,1,Ben,0.7466,,1.0,0.0488,0.0833,0.0531,0.8867,0.9653,0.8545,,False,
1270,42.315,1,Ben,0.8696,,1.0,0.0366,0.0938,0.0483,0.8776,0.9633,0.8617,,False,
1271,42.349,1,Ben,0.8713,,1.0,0.0195,0.0729,0.0494,0.8784,0.9694,0.8713,,False,
1272,42.382,1,Ben,0.8720,,1.0,0.0132,0.0729,0.0586,0.8802,0.9698,0.8722,,False,
1273,42.415,1,Ben,0.8730,,1.0,0.0,0.059,0.05,0.88,0.9742,0.8788,,False,
1274,42.449,1,Ben,0.8749,,1.0,0.0032,0.0729,0.0542,0.8869,0.9722,0.8827,,False,
1275,42.482,1,Ben,0.8726,,1.0,0.0,0.0799,0.0549,0.8831,0.968,0.8793,,False,
1276,42.515,1,Ben,0.8745,,1.0,0.0,0.0625,0.0617,0.8885,0.9685,0.879,,False,
1277,42.549,1,Ben,0.8746,,1.0,0.0,0.0729,0.0753,0.8907,0.9657,0.8809,,False,
1278,42.582,1,Ben,0.8762,,1.0,0.0,0.0694,0.082,0.8963,0.9646,0.8735,,False,
1279,42.615,1,Ben,0.8766,,1.0,0.0,0.059,0.0783,0.8987,0.9628,0.8717,,False,
1280,42.649,1,Ben,0.8781,,1.0,0.0,0.0521,0.0795,0.9024,0.9638,0.8658,,False,
1281,42.682,1,Ben,0.8758,,1.0,0.0,0.0417,0.0776,0.8964,0.9626,0.8713,,False,
1282,42.715,1,Ben,0.8759,,1.0,0.0,0.0417,0.07,0.897,0.9621,0.869,,False,
1283,42.749,1,Ben,0.8762,,1.0,0.0,0.0486,0.082,0.8994,0.9602,0.8784,,False,
1284,42.782,1,Ben,0.8759,,1.0,0.0,0.0417,0.0753,0.8983,0.9604,0.8704,,False,
1285,42.815,1,Ben,0.8758,,1.0,0.0,0.0347,0.0604,0.8976,0.9611,0.8785,,False,
1286,42.849,1,Ben,0.8743,,1.0,0.0,0.0312,0.0908,0.8921,0.9623,0.8819,,False,
1287,42.882,1,Ben,0.8737,,1.0,0.0,0.0347,0.0597,0.8895,0.9638,0.8736,,False,
1288,42.915,1,Ben,0.8742,,1.0,0.0,0.0278,0.0389,0.8925,0.9613,0.8748,,False,
1289,42.949,1,Ben,0.8751,,1.0,0.0,0.0243,0.046,0.892,0.9659,0.8732,,False,
1290,42.982,1,Ben,0.8692,,1.0,0.0,0.0278,0.024,0.8828,0.9543,0.8757,,False,
1291,43.016,1,Ben,0.8710,,1.0,0.0,0.0521,0.0236,0.8884,0.9541,0.8726,,False,
1292,43.049,1,Ben,0.8719,,1.0,0.0,0.0382,0.0167,0.8862,0.9608,0.8647,,False,
1293,43.082,1,Ben,0.8686,,1.0,0.0,0.0382,0.0215,0.8851,0.9488,0.8598,,False,
1294,43.116,1,Ben,0.8664,,1.0,0.0,0.0521,0.0298,0.8844,0.9403,0.859,,False,
1295,43.149,1,Ben,0.8681,,1.0,0.0,0.066,0.0373,0.8849,0.9467,0.8612,,False,
1296,43.182,1,Ben,0.8689,,1.0,0.0,0.066,0.0388,0.8745,0.9649,0.8579,,False,
1297,43.216,1,Ben,0.8703,,1.0,0.0069,0.1007,0.0515,0.8827,0.9592,0.8492,,False,
1298,43.249,1,Ben,0.8722,,1.0,0.0104,0.1007,0.0498,0.8879,0.9597,0.844,,False,
1299,43.282,1,Ben,0.8708,,1.0,0.0139,0.0104,0.0409,0.8828,0.9609,0.8436,,False,
1300,43.316,1,Ben,0.8694,,1.0,0.0417,0.0069,0.0485,0.885,0.952,0.8381,,False,
1301,43.349,1,Ben,0.8745,,1.0,0.0139,0.0,0.0458,0.8886,0.9682,0.8411,,False,
1302,43.382,1,Ben,0.8750,,1.0,0.0137,0.0,0.0529,0.8902,0.9682,0.8396,,False,
1303,43.416,1,Ben,0.8762,,1.0,0.0129,0.0,0.0511,0.8921,0.9703,0.8369,,False,
1304,43.449,1,Ben,0.8771,,1.0,0.0099,0.0,0.0547,0.8935,0.972,0.8426,,False,
1305,43.482,1,Ben,0.8770,,1.0,0.0022,0.0,0.0499,0.8909,0.9752,0.8415,,False,
1306,43.516,1,Ben,0.8761,,1.0,0.0,0.0,0.0464,0.8908,0.9717,0.8498,,False,
1307,43.549,1,Ben,0.8753,,1.0,0.003,0.0,0.0413,0.8917,0.9673,0.8434,,False,
1308,43.582,1,Ben,0.8768,,1.0,0.0,0.0,0.0437,0.896,0.9672,0.8457,,False,
1309,43.616,1,Ben,0.8777,,1.0,0.0,0.0035,0.0406,0.897,0.9696,0.8478,,False,
1310,43.649,1,Ben,0.8769,,1.0,0.0,0.0035,0.0421,0.897,0.9663,0.8456,,False,
1311,43.682,1,Ben,0.8781,,1.0,0.0,0.0,0.0398,0.8955,0.9733,0.8431,,False,
1312,43.716,1,Ben,0.8783,,1.0,0.0,0.0035,0.0385,0.8943,0.9759,0.8518,,False,
1313,43.749,1,Ben,0.8783,,1.0,0.0,0.0347,0.034,0.8959,0.9736,0.8589,,False,
1314,43.782,1,Ben,0.8803,,1.0,0.0,0.0382,0.0365,0.9015,0.9743,0.863,,False,
1315,43.816,1,Ben,0.8804,,1.0,0.0,0.059,0.0413,0.9014,0.9747,0.8783,,False,
1316,43.849,1,Ben,0.8825,,1.0,0.0,0.0486,0.0423,0.9065,0.9764,0.8887,,False,
1317,43.882,1,Ben,0.8838,,1.0,0.0,0.0729,0.0404,0.9124,0.9732,0.8927,,False,
1318,43.916,1,Ben,0.8829,,1.0,0.0,0.0799,0.0365,0.9096,0.9734,0.8915,,False,
1319,43.949,1,Ben,0.8843,,1.0,0.0,0.0764,0.0527,0.9152,0.9712,0.8881,,False,
1320,43.983,1,Ben,0.8862,,1.0,0.0102,0.1042,0.0487,0.9198,0.9726,0.8809,,False,
1321,44.016,1,Ben,0.8874,,1.0,0.0104,0.0972,0.0472,0.9214,0.9755,0.8822,,False,
1322,44.049,1,Ben,0.8876,,1.0,0.0032,0.125,0.0485,0.9232,0.9736,0.8821,,False,
1323,44.083,1,Ben,0.8877,,1.0,0.0069,0.1215,0.0433,0.9249,0.9718,0.8888,,False,
1324,44.116,1,Ben,0.8884,,1.0,0.0136,0.1111,0.0544,0.9261,0.973,0.8829,,False,
1325,44.149,1,Ben,0.8917,,1.0,0.0092,0.0938,0.0687,0.9314,0.9793,0.8861,,False,
1326,44.183,1,Ben,0.8901,,1.0,0.003,0.0972,0.0618,0.9298,0.975,0.8818,,False,
1327,44.216,1,Ben,0.8924,,1.0,0.0032,0.0729,0.0767,0.9338,0.9788,0.8808,,False,
1328,44.249,1,Ben,0.8904,,1.0,0.0032,0.0417,0.082,0.9334,0.971,0.8622,,False,
1329,44.283,1,Ben,0.8901,,1.0,0.0,0.0243,0.0861,0.9303,0.9741,0.8694,,False,
1330,44.316,1,Ben,0.8887,,1.0,0.0,0.0243,0.0943,0.9261,0.9741,0.8679,,False,
1331,44.349,1,Ben,0.8834,,1.0,0.0,0.0069,0.0862,0.9087,0.977,0.8803,,False,
1332,44.383,1,Ben,0.8835,,1.0,0.0,0.0104,0.0843,0.9072,0.9793,0.8748,,False,
1333,44.416,1,Ben,0.8805,,1.0,0.0,0.0,0.0808,0.903,0.9729,0.8811,,False,
1334,44.449,1,Ben,0.8878,,1.0,0.0,0.0174,0.0779,0.9196,0.9798,0.875,,False,
1335,44.483,1,Ben,0.8852,,1.0,0.0,0.0208,0.069,0.914,0.9768,0.8712,,False,
1336,44.516,1,Ben,0.8845,,1.0,0.0,0.0208,0.0577,0.9126,0.9757,0.8638,,False,
1337,44.549,1,Ben,0.8837,,1.0,0.0,0.0278,0.0556,0.9101,0.9761,0.8615,,False,
1338,44.583,1,Ben,0.8835,,1.0,0.0,0.0174,0.047,0.9095,0.976,0.8574,,False,
1339,44.616,1,Ben,0.8833,,1.0,0.0,0.0312,0.0435,0.9073,0.9785,0.8534,,False,
1340,44.649,1,Ben,0.8803,,1.0,0.0,0.0382,0.0359,0.8996,0.9769,0.8671,,False,
1341,44.683,1,Ben,0.8818,,1.0,0.0,0.0417,0.038,0.9022,0.9795,0.8642,,False,
1342,44.716,1,Ben,0.8826,,1.0,0.0,0.0347,0.0367,0.9045,0.9795,0.8722,,False,
1343,44.749,1,Ben,0.8825,,1.0,0.0,0.0347,0.0403,0.9059,0.9771,0.8602,,False,
1344,44.783,1,Ben,0.8819,,1.0,0.0,0.0417,0.0437,0.9044,0.9768,0.8566,,False,
1345,44.816,1,Ben,0.8840,,1.0,0.0,0.0243,0.0413,0.9077,0.9806,0.8617,,False,
1346,44.85,1,Ben,0.8843,,1.0,0.0,0.0312,0.0433,0.9084,0.9812,0.8598,,False,
1347,44.883,1,Ben,0.8852,,1.0,0.0,0.0208,0.0466,0.9122,0.9792,0.8603,,False,
1348,44.916,1,Ben,0.8847,,1.0,0.0,0.0243,0.0531,0.9122,0.9772,0.8559,,False,
1349,44.95,1,Ben,0.8865,,1.0,0.0,0.0278,0.0597,0.9159,0.9796,0.8562,,False,
1350,44.983,1,Ben,0.8877,,1.0,0.0,0.0312,0.0517,0.92,0.9787,0.8594,,False,
1351,45.016,1,Ben,0.8867,,1.0,0.0,0.0278,0.0557,0.9177,0.9777,0.8712,,False,
1352,45.05,1,Ben,0.8866,,1.0,0.0,0.0243,0.0492,0.9183,0.9765,0.8687,,False,
1353,45.083,1,Ben,0.8898,,1.0,0.0,0.0278,0.0435,0.9269,0.9776,0.8729,,False,
1354,45.116,1,Ben,0.8830,,1.0,0.0,0.0139,0.0466,0.9088,0.975,0.8721,,False,
1355,45.15,1,Ben,0.8889,,1.0,0.0,0.0208,0.0393,0.9255,0.9758,0.8701,,False,
1356,45.183,1,Ben,0.8793,,1.0,0.0,0.0035,0.0367,0.8962,0.9774,0.8556,,False,
1357,45.216,1,Ben,0.8894,,1.0,0.0729,0.0,0.0439,0.9228,0.9818,0.8585,,False,
1358,45.25,1,Ben,0.8892,,1.0,0.0764,0.0,0.0446,0.9223,0.9818,0.856,,False,
1359,45.283,1,Ben,0.8927,,1.0,0.059,0.0,0.0422,0.9317,0.9831,0.8564,,False,
1360,45.316,1,Ben,0.8961,,1.0,0.0486,0.0035,0.0366,0.9431,0.981,0.8585,,False,
1361,45.35,1,Ben,0.8948,,1.0,0.0312,0.0069,0.0391,0.9396,0.9806,0.8598,,False,
1362,45.383,1,Ben,0.8974,,1.0,0.0556,0.0035,0.051,0.947,0.981,0.8526,,False,
1363,45.416,1,Ben,0.8982,,1.0,0.0486,0.0174,0.0445,0.9498,0.9803,0.8506,,False,
1364,45.45,1,Ben,0.8979,,1.0,0.0451,0.0174,0.0427,0.9475,0.9823,0.8636,,False,
1365,45.483,1,Ben,0.8961,,1.0,0.0417,0.0035,0.041,0.9424,0.9821,0.8625,,False,
1366,45.516,1,Ben,0.8929,,1.0,0.0382,0.0035,0.0447,0.9331,0.9819,0.857,,False,
1367,45.55,1,Ben,0.8900,,1.0,0.0337,0.0035,0.0413,0.9247,0.9815,0.8742,,False,
1368,45.583,1,Ben,0.8879,,1.0,0.0302,0.0,0.031,0.9172,0.9836,0.8697,,False,
1369,45.616,1,Ben,0.8843,,1.0,0.0267,0.0,0.0363,0.9126,0.9752,0.8574,,False,
1370,45.65,1,Ben,0.8800,,1.0,0.0233,0.0,0.0363,0.9016,0.9727,0.8512,,False,
1373,45.75,1,Ben,0.7535,,1.0,0.0582,0.0,0.0271,0.8916,0.9651,0.8624,,False,
1374,45.783,1,Ben,0.8731,,1.0,0.0401,0.0,0.0353,0.8882,0.9631,0.8521,,False,
1375,45.817,1,Ben,0.8726,,1.0,0.0,0.0,0.0416,0.8853,0.9649,0.8325,,False,
1376,45.85,1,Ben,0.8721,,1.0,0.0,0.0,0.0542,0.8845,0.9641,0.8464,,False,
1377,45.883,1,Ben,0.8682,,1.0,0.0,0.0,0.0843,0.8749,0.9615,0.8565,,False,
1378,45.917,1,Ben,0.8660,,1.0,0.0,0.0,0.1095,0.8743,0.9529,0.8747,,False,
1379,45.95,1,Ben,0.8670,,1.0,0.0069,0.0,0.1255,0.8736,0.9582,0.8749,,False,
1380,45.983,1,Ben,0.8623,,1.0,0.0069,0.0,0.1559,0.8603,0.9576,0.8685,,False,
1381,46.017,1,Ben,0.8603,,1.0,0.0,0.0104,0.1384,0.8578,0.9525,0.8624,,False,
1382,46.05,1,Ben,0.8606,,1.0,0.0035,0.0104,0.0943,0.8588,0.9524,0.8513,,False,
1383,46.083,1,Ben,0.8650,,1.0,0.0035,0.0451,0.0717,0.8723,0.9517,0.8339,,False,
1384,46.117,1,Ben,0.8690,,1.0,0.0035,0.0417,0.0672,0.8783,0.9598,0.842,,False,
1385,46.15,1,Ben,0.8715,,1.0,0.0104,0.0486,0.0383,0.8865,0.9586,0.839,,False,
1386,46.183,1,Ben,0.8769,,1.0,0.0,0.0174,0.0388,0.9081,0.9507,0.8222,,False,
1387,46.217,1,Ben,0.8756,,1.0,0.0,0.0,0.0325,0.9082,0.945,0.8601,,False,
1388,46.25,1,Ben,0.8860,,1.0,0.0,0.0,0.0285,0.9219,0.9691,0.8812,,False,
1389,46.283,1,Ben,0.8859,,1.0,0.0,0.0,0.0277,0.9352,0.9497,0.8885,,False,
1390,46.317,1,Ben,0.8816,,1.0,0.0,0.0,0.015,0.9353,0.9317,0.8534,,False,
1391,46.35,1,Ben,0.8798,,1.0,0.0,0.0,0.0152,0.9224,0.9426,0.8209,,False,
1392,46.383,1,Ben,0.8774,,1.0,0.0,0.0051,0.0109,0.9161,0.9412,0.8029,,False,
1393,46.417,1,Ben,0.8740,,1.0,0.0,0.0051,0.0137,0.9117,0.9333,0.8067,,False,
1394,46.45,1,Ben,0.8807,,1.0,0.0,0.0128,0.0172,0.9193,0.9504,0.8122,,False,
1395,46.483,1,Ben,0.8823,,1.0,0.0,0.0059,0.0162,0.9168,0.9609,0.824,,False,
1396,46.517,1,Ben,0.8859,,1.0,0.0,0.0059,0.0333,0.9255,0.9636,0.8331,,False,
1397,46.55,1,Ben,0.8870,,1.0,0.0,0.0117,0.0756,0.9232,0.9714,0.8258,,False,
1398,46.583,1,Ben,0.8814,,1.0,0.0,0.0,0.0993,0.9063,0.9721,0.823,,False,
1399,46.617,1,Ben,0.8760,,1.0,0.0,0.0,0.1207,0.8927,0.9685,0.8118,,False,
1400,46.65,1,Ben,0.8728,,1.0,0.0068,0.0,0.1576,0.8849,0.9664,0.7904,,False,
1401,46.683,1,Ben,0.8709,,1.0,0.0072,0.0,0.145,0.8862,0.9567,0.7852,,False,
1402,46.717,1,Ben,0.8705,,1.0,0.0023,0.0026,0.1254,0.8869,0.9541,0.7983,,False,
1403,46.75,1,Ben,0.8709,,1.0,0.0,0.0,0.1,0.8922,0.948,0.7991,,False,
1404,46.784,1,Ben,0.8733,,1.0,0.0,0.0,0.086,0.8993,0.9481,0.7996,,False,
1405,46.817,1,Ben,0.8771,,1.0,0.0,0.0,0.0953,0.9068,0.9533,0.795,,False,
1406,46.85,1,Ben,0.8805,,1.0,0.0,0.0,0.0905,0.9111,0.9613,0.8067,,False,
1407,46.884,1,Ben,0.8850,,1.0,0.0,0.0,0.0803,0.9182,0.9702,0.8109,,False,
1408,46.917,1,Ben,0.8868,,1.0,0.0,0.0,0.0667,0.922,0.972,0.8007,,False,
1409,46.95,1,Ben,0.8869,,1.0,0.0,0.0,0.0763,0.9248,0.9686,0.7922,,False,
1413,47.084,1,Ben,0.8087,,1.0,0.0,0.0,0.0565,0.9418,0.967,0.7649,,False,
1414,47.117,1,Ben,0.8913,,1.0,0.0,0.0,0.1036,0.9374,0.969,0.7594,,False,
1415,47.15,1,Ben,0.8938,,1.0,0.0,0.0039,0.1188,0.9451,0.9686,0.7696,,False,
1416,47.184,1,Ben,0.8925,,1.0,0.0,0.0,0.1188,0.941,0.9689,0.7624,,False,
1417,47.217,1,Ben,0.8918,,1.0,0.0,0.0,0.1201,0.9399,0.9678,0.7678,,False,
1418,47.25,1,Ben,0.8925,,1.0,0.0,0.0,0.1158,0.9391,0.9715,0.786,,False,
1419,47.284,1,Ben,0.8921,,1.0,0.0,0.0,0.1202,0.9403,0.9682,0.7664,,False,
1420,47.317,1,Ben,0.8959,,1.0,0.0,0.0015,0.1088,0.9517,0.968,0.7475,,False,
1423,47.417,1,Ben,0.7911,,1.0,0.0,0.0,0.0638,0.9555,0.9657,0.7308,,False,
1424,47.45,1,Ben,0.8976,,1.0,0.0,0.0,0.0518,0.9585,0.9654,0.7218,,False,
1425,47.484,1,Ben,0.8979,,1.0,0.006,0.0,0.0542,0.9616,0.9622,0.7262,,False,
1426,47.517,1,Ben,0.8986,,1.0,0.0061,0.0,0.0529,0.9616,0.9651,0.7304,,False,
1427,47.55,1,Ben,0.8973,,1.0,0.0052,0.0,0.0524,0.9581,0.9647,0.7324,,False,
1428,47.584,1,Ben,0.8973,,1.0,0.0033,0.0,0.0543,0.9594,0.963,0.7331,,False,
1429,47.617,1,Ben,0.8955,,1.0,0.0028,0.0,0.0648,0.9586,0.9565,0.7214,,False,
1430,47.651,1,Ben,0.8964,,1.0,0.0028,0.0,0.0708,0.9615,0.9562,0.7245,,False,
1431,47.684,1,Ben,0.8945,,1.0,0.0,0.0,0.0803,0.9571,0.9546,0.7235,,False,
1432,47.717,1,Ben,0.8947,,1.0,0.001,0.0,0.0891,0.9576,0.9547,0.7279,,False,
1433,47.751,1,Ben,0.8957,,1.0,0.0,0.0,0.091,0.9601,0.9554,0.7337,,False,
1434,47.784,1,Ben,0.8950,,1.0,0.0,0.0,0.088,0.9591,0.9536,0.7361,,False,
1435,47.817,1,Ben,0.8937,,1.0,0.0,0.0,0.0889,0.9522,0.958,0.7296,,False,
1436,47.851,1,Ben,0.8877,,1.0,0.0,0.0,0.0822,0.9423,0.9472,0.7228,,False,
1437,47.884,1,Ben,0.8845,,1.0,0.0,0.0,0.1008,0.9384,0.9393,0.7387,,False,
1438,47.917,1,Ben,0.8821,,1.0,0.0,0.0,0.0995,0.933,0.9369,0.7422,,False,
1439,47.951,1,Ben,0.8836,,1.0,0.0045,0.0,0.0934,0.9315,0.9452,0.7514,,False,
1440,47.984,1,Ben,0.8876,,1.0,0.0049,0.0012,0.1029,0.9375,0.9536,0.7501,,False,
1441,48.017,1,Ben,0.8877,,1.0,0.0,0.0,0.1112,0.9345,0.9581,0.7565,,False,
1442,48.051,1,Ben,0.8876,,1.0,0.0,0.0,0.1189,0.9333,0.9594,0.735,,False,
1443,48.084,1,Ben,0.8854,,1.0,0.0,0.0,0.1145,0.9218,0.9667,0.7423,,False,
1444,48.117,1,Ben,0.8846,,1.0,0.0,0.0,0.1197,0.9208,0.9648,0.7339,,False,
1445,48.151,1,Ben,0.8862,,1.0,0.0,0.0,0.1429,0.9327,0.9546,0.7269,,False,
1446,48.184,1,Ben,0.8902,,1.0,0.0,0.0,0.1541,0.9459,0.9524,0.6941,,False,
1447,48.217,1,Ben,0.8867,,1.0,0.0,0.0035,0.1553,0.9465,0.9372,0.6799,,False,
1448,48.251,1,Ben,0.8878,,1.0,0.0,0.0069,0.1778,0.9461,0.9422,0.6714,,False,
1449,48.284,1,Ben,0.8890,,1.0,0.0,0.0,0.1576,0.9458,0.9477,0.686,,False,
1450,48.317,1,Ben,0.8877,,1.0,0.0,0.0,0.1518,0.9427,0.9465,0.6864,,False,
1455,48.484,1,Ben,0.7866,,1.0,0.0,0.0,0.1359,0.931,0.9341,0.6872,,False,
1460,48.651,1,Ben,0.7722,,1.0,0.0,0.0,0.1729,0.9192,0.8955,0.6197,,False,
1461,48.684,1,Ben,0.8646,,1.0,0.0254,0.0,0.1351,0.9131,0.8921,0.6106,,False,
1462,48.718,1,Ben,0.8624,,1.0,0.043,0.0059,0.0965,0.9106,0.8866,0.6081,,False,
1463,48.751,1,Ben,0.8626,,1.0,0.0117,0.0,0.0504,0.9034,0.8977,0.6343,,False,
1464,48.784,1,Ben,0.8633,,1.0,0.0117,0.002,0.0585,0.9081,0.8941,0.6394,,False,
1465,48.818,1,Ben,0.8602,,1.0,0.0059,0.0039,0.0614,0.9024,0.8893,0.6274,,False,
1467,48.884,1,Ben,0.7650,,1.0,0.0051,0.0026,0.1287,0.9024,0.9028,0.6236,,False,
1468,48.918,1,Ben,0.8635,,1.0,0.0,0.0,0.1378,0.8987,0.9079,0.6324,,False,
1470,48.984,1,Ben,0.7684,,1.0,0.0,0.0,0.143,0.9137,0.9093,0.6373,,False,
1472,49.051,1,Ben,0.7632,,1.0,0.0,0.0,0.1246,0.9047,0.922,0.6992,,False,
1477,49.218,1,Ben,0.7540,,1.0,0.0,0.0,0.1243,0.9066,0.9028,0.703,,False,
1479,49.284,1,Ben,0.7607,,1.0,0.0,0.0,0.1043,0.918,0.9109,0.7055,,False,
1485,49.485,1,Ben,0.7804,,1.0,0.0254,0.0,0.1233,0.9281,0.9348,0.7293,,False,
1486,49.518,1,Ben,0.8824,,1.0,0.0148,0.0,0.0941,0.9331,0.9383,0.7058,,False,
1487,49.551,1,Ben,0.8695,,1.0,0.017,0.0,0.0909,0.9144,0.911,0.7165,,False,
1488,49.585,1,Ben,0.8679,,1.0,0.0,0.0,0.0759,0.9232,0.8917,0.704,,False,
1489,49.618,1,Ben,0.8701,,1.0,0.0,0.0,0.0842,0.9228,0.9015,0.7179,,False,
1490,49.651,1,Ben,0.8730,,1.0,0.0,0.0,0.0903,0.9214,0.9154,0.7317,,False,
1491,49.685,1,Ben,0.8732,,1.0,0.0,0.0039,0.1202,0.92,0.9184,0.7421,,False,
1492,49.718,1,Ben,0.8650,,1.0,0.0,0.0098,0.1068,0.9113,0.8965,0.7548,,False,
1493,49.751,1,Ben,0.8770,,1.0,0.0,0.0039,0.1292,0.9276,0.9235,0.7633,,False,
1494,49.785,1,Ben,0.8784,,1.0,0.0298,0.0128,0.1333,0.925,0.933,0.7471,,False,
1495,49.818,1,Ben,0.8735,,1.0,0.0208,0.0174,0.1492,0.9165,0.9244,0.7456,,False,
1496,49.851,1,Ben,0.8709,,1.0,0.0068,0.0035,0.1496,0.9078,0.9259,0.7352,,False,
1497,49.885,1,Ben,0.8694,,1.0,0.0068,0.0,0.1427,0.9061,0.9222,0.722,,False,
1498,49.918,1,Ben,0.8674,,1.0,0.0068,0.0,0.1286,0.9056,0.9147,0.7026,,False,
1499,49.951,1,Ben,0.8659,,1.0,0.0139,0.0069,0.1092,0.8918,0.928,0.7103,,False,
1500,49.985,1,Ben,0.8710,,1.0,0.0,0.0347,0.0877,0.9162,0.9144,0.7108,,False,
1501,50.018,1,Ben,0.8539,,1.0,0.0,0.0035,0.0677,0.8843,0.8885,0.7043,,False,
1502,50.051,1,Ben,0.8532,,1.0,0.0069,0.0,0.0621,0.8833,0.8868,0.6978,,False,
1503,50.085,1,Ben,0.8557,,1.0,0.0104,0.0243,0.0662,0.8835,0.8973,0.7098,,False,
1504,50.118,1,Ben,0.8589,,1.0,0.0,0.0312,0.0662,0.8911,0.8995,0.7202,,False,
1505,50.151,1,Ben,0.8584,,1.0,0.0104,0.0278,0.0859,0.8906,0.8983,0.7165,,False,
1506,50.185,1,Ben,0.8565,,1.0,0.0312,0.0312,0.119,0.8915,0.8892,0.7238,,False,
1507,50.218,1,Ben,0.8569,,1.0,0.0278,0.0243,0.1648,0.897,0.8831,0.7286,,False,
1508,50.251,1,Ben,0.8575,,1.0,0.0,0.0312,0.1702,0.9,0.8814,0.7229,,False,
1509,50.285,1,Ben,0.8555,,1.0,0.0,0.0312,0.152,0.9071,0.8628,0.7076,,False,
1510,50.318,1,Ben,0.8481,,1.0,0.0409,0.0139,0.1463,0.9067,0.8326,0.6925,,False,
1511,50.351,1,Ben,0.8405,,1.0,0.0186,0.0104,0.0662,0.9136,0.7912,0.6636,,False,
1513,50.418,1,Ben,0.7294,,1.0,0.0115,0.0561,0.0404,0.909,0.7201,0.6471,,False,
1514,50.452,1,Ben,0.8192,,1.0,0.0104,0.0816,0.0331,0.9119,0.7048,0.6196,,False,
1515,50.485,1,Ben,0.8201,,1.0,0.0033,0.0645,0.0406,0.9107,0.7104,0.6198,,False,
1516,50.518,1,Ben,0.8200,,1.0,0.0036,0.0703,0.0429,0.9097,0.7113,0.6385,,False,
1517,50.552,1,Ben,0.8216,,1.0,0.001,0.0459,0.0434,0.9156,0.7095,0.6223,,False,
1518,50.585,1,Ben,0.8206,,1.0,0.0036,0.0663,0.0325,0.917,0.7034,0.6334,,False,
1519,50.618,1,Ben,0.8226,,1.0,0.0099,0.0689,0.0469,0.9138,0.7164,0.6517,,False,
1520,50.652,1,Ben,0.8250,,1.0,0.0079,0.0434,0.057,0.9103,0.7312,0.662,,False,
1521,50.685,1,Ben,0.8283,,1.0,0.0133,0.0102,0.0492,0.9178,0.7345,0.6615,,False,
1522,50.718,1,Ben,0.8316,,1.0,0.0083,0.0104,0.0621,0.9171,0.7489,0.6555,,False,
1523,50.752,1,Ben,0.8225,,1.0,0.013,0.0051,0.0478,0.9031,0.7311,0.6614,,False,
1524,50.785,1,Ben,0.8174,,1.0,0.0064,0.0051,0.0384,0.896,0.7199,0.6573,,False,
1525,50.818,1,Ben,0.8177,,1.0,0.0008,0.0204,0.0345,0.897,0.7196,0.6574,,False,
1526,50.852,1,Ben,0.8143,,1.0,0.0031,0.0102,0.0198,0.8957,0.7073,0.6415,,False,
1527,50.885,1,Ben,0.8105,,1.0,0.0,0.0255,0.0194,0.8949,0.6928,0.6201,,False,
1528,50.918,1,Ben,0.8106,,1.0,0.0041,0.0306,0.0247,0.8949,0.6932,0.6345,,False,
1529,50.952,1,Ben,0.8149,,1.0,0.0,0.0179,0.0247,0.8941,0.712,0.634,,False,
1530,50.985,1,Ben,0.8135,,1.0,0.0082,0.023,0.0201,0.893,0.708,0.6283,,False,
1531,51.018,1,Ben,0.8159,,1.0,0.0,0.0128,0.0262,0.9049,0.7009,0.6384,,False,
1532,51.052,1,Ben,0.8203,,1.0,0.0,0.051,0.0355,0.9123,0.7087,0.6379,,False,
1533,51.085,1,Ben,0.8242,,1.0,0.0,0.0128,0.0419,0.9163,0.7194,0.6435,,False,
1534,51.118,1,Ben,0.8264,,1.0,0.0,0.0077,0.0524,0.9215,0.7213,0.6621,,False,
1535,51.152,1,Ben,0.8288,,1.0,0.0,0.0357,0.0534,0.9272,0.723,0.6605,,False,
1536,51.185,1,Ben,0.8276,,1.0,0.0,0.0536,0.0467,0.9244,0.7221,0.6451,,False,
1537,51.218,1,Ben,0.8186,,1.0,0.0,0.1173,0.033,0.9196,0.6913,0.6147,,False,
1538,51.252,1,Ben,0.8155,,1.0,0.0,0.1148,0.0333,0.9172,0.6818,0.6005,,False,
1539,51.285,1,Ben,0.8081,,1.0,0.0,0.0765,0.0208,0.8993,0.6764,0.5935,,False,
1540,51.318,1,Ben,0.8065,,1.0,0.0,0.0867,0.0363,0.9048,0.662,0.5735,,False,
1541,51.352,1,Ben,0.8082,,1.0,0.0,0.0638,0.0371,0.9041,0.6699,0.5795,,False,
1542,51.385,1,Ben,0.8118,,1.0,0.0,0.0689,0.0352,0.9108,0.6754,0.5814,,False,
1543,51.419,1,Ben,0.8096,,1.0,0.0,0.0536,0.0332,0.9085,0.6697,0.5928,,False,
1544,51.452,1,Ben,0.8097,,1.0,0.0,0.0434,0.0241,0.9104,0.6672,0.5962,,False,
1545,51.485,1,Ben,0.8126,,1.0,0.0,0.0799,0.0252,0.9159,0.6718,0.601,,False,
1546,51.519,1,Ben,0.8121,,1.0,0.0,0.0944,0.039,0.9066,0.6829,0.6266,,False,
1547,51.552,1,Ben,0.8165,,1.0,0.0,0.0995,0.0503,0.9156,0.6885,0.6173,,False,
1548,51.585,1,Ben,0.8157,,1.0,0.0,0.0638,0.0427,0.9157,0.685,0.6256,,False,
1549,51.619,1,Ben,0.8124,,1.0,0.0,0.1046,0.0301,0.913,0.675,0.6099,,False,
1550,51.652,1,Ben,0.8093,,1.0,0.0,0.1199,0.024,0.9012,0.6786,0.6187,,False,
1552,51.719,1,Ben,0.7168,,1.0,0.0,0.1445,0.0272,0.8957,0.6682,0.6061,,False,
1553,51.752,1,Ben,0.7994,,1.0,0.0,0.1348,0.034,0.8855,0.6596,0.6052,,False,
1555,51.819,1,Ben,0.7243,,1.0,0.013,0.1387,0.0327,0.892,0.6827,0.6247,,False,
1556,51.852,1,Ben,0.8053,,1.0,0.0,0.1035,0.0222,0.8865,0.6829,0.6263,,False,
1557,51.885,1,Ben,0.8077,,1.0,0.0,0.0383,0.0171,0.8955,0.6802,0.6362,,False,
1558,51.919,1,Ben,0.8075,,1.0,0.0,0.0408,0.0209,0.888,0.6898,0.6392,,False,
1559,51.952,1,Ben,0.8155,,1.0,0.0,0.0434,0.0299,0.9029,0.7022,0.6471,,False,
1560,51.985,1,Ben,0.8178,,1.0,0.0,0.0035,0.0377,0.9078,0.7046,0.6542,,False,
1561,52.019,1,Ben,0.8192,,1.0,0.0,0.0139,0.0386,0.9125,0.7041,0.6391,,False,
1562,52.052,1,Ben,0.8211,,1.0,0.0,0.0,0.0308,0.9168,0.7057,0.624,,False,
1563,52.085,1,Ben,0.8152,,1.0,0.0,0.0,0.0343,0.9008,0.7038,0.6151,,False,
1564,52.119,27,fighter-27,0.6487,,0.0,0.0546,0.0,0.139,0.8641,0.7655,0.7654,punch,True,punch
1564,52.119,1,Ben,0.8116,,1.0,0.0,0.0,0.0421,0.885,0.7113,0.5984,,False,
1565,52.152,1,Ben,0.8124,,1.0,0.0,0.0,0.0521,0.8983,0.6957,0.5878,,False,
1566,52.185,1,Ben,0.8083,,1.0,0.0,0.0,0.0692,0.8929,0.6861,0.5978,,False,
1567,52.219,1,Ben,0.8030,,1.0,0.0,0.0,0.1116,0.8712,0.6948,0.5883,,False,
1568,52.252,1,Ben,0.7954,,1.0,0.0,0.0069,0.0895,0.8538,0.6878,0.5801,,False,
1569,52.286,1,Ben,0.7947,,1.0,0.0,0.0,0.0795,0.858,0.6791,0.5606,,False,
1570,52.319,1,Ben,0.8101,,1.0,0.0,0.0,0.0758,0.9102,0.6691,0.5624,,False,
1571,52.352,1,Ben,0.7922,,1.0,0.0,0.0069,0.0456,0.8859,0.6293,0.5243,punch,False,
1572,52.386,1,Ben,0.7922,,1.0,0.0,0.0102,0.0313,0.8912,0.6215,0.5299,,False,
1573,52.419,1,Ben,0.7866,,1.0,0.0,0.0485,0.0327,0.8854,0.6066,0.5008,,False,
1574,52.452,1,Ben,0.7959,,1.0,0.0,0.0527,0.0356,0.9029,0.6204,0.5261,,False,
1575,52.486,1,Ben,0.7995,,1.0,0.0,0.0833,0.0371,0.902,0.6366,0.5706,,False,
1576,52.519,1,Ben,0.8054,,1.0,0.0,0.1188,0.0546,0.9091,0.6511,0.5939,,False,
1577,52.552,1,Ben,0.8060,,1.0,0.0,0.1466,0.0445,0.8994,0.6675,0.5961,,False,
1579,52.619,1,Ben,0.7212,,1.0,0.0,0.1367,0.0491,0.888,0.6753,0.5883,,False,
1582,52.719,1,Ben,0.7039,,1.0,0.0,0.1484,0.0496,0.8825,0.6402,0.5666,,False,
1583,52.752,1,Ben,0.7906,,1.0,0.0,0.123,0.0516,0.8809,0.6294,0.5518,,False,
1584,52.786,1,Ben,0.7991,,1.0,0.0,0.0383,0.0599,0.8948,0.6453,0.5462,,False,
1585,52.819,1,Ben,0.7963,,1.0,0.0,0.0417,0.1098,0.8982,0.6289,0.5605,,False,
1586,52.852,1,Ben,0.7924,,1.0,0.0159,0.0153,0.1087,0.8635,0.6618,0.5707,,False,
1587,52.886,1,Ben,0.7943,,1.0,0.0,0.0153,0.1174,0.8499,0.6888,0.5827,,False,
1588,52.919,1,Ben,0.8275,,1.0,0.0,0.0039,0.0912,0.836,0.8468,0.7874,,False,
1589,52.952,1,Ben,0.8317,,1.0,0.0,0.0,0.0786,0.8456,0.8508,0.8622,,False,
1590,52.986,1,Ben,0.8378,,1.0,0.0,0.0,0.0663,0.849,0.8715,0.8503,,False,
1591,53.019,1,Ben,0.8402,,1.0,0.0,0.0015,0.087,0.8697,0.852,0.848,,False,
1592,53.052,1,Ben,0.8378,,1.0,0.0054,0.0,0.0976,0.8681,0.8444,0.8172,punch,False,
1594,53.119,1,Ben,0.7495,,1.0,0.0615,0.017,0.0997,0.8597,0.8214,0.8109,punch,False,
1595,53.152,1,Ben,0.8349,,1.0,0.0042,0.002,0.094,0.8651,0.8365,0.8222,punch,False,
1596,53.186,1,Ben,0.8340,,1.0,0.0419,0.0371,0.0812,0.8623,0.8368,0.887,punch,False,
1597,53.219,1,Ben,0.8424,,1.0,0.0,0.0,0.1335,0.8958,0.8242,0.8834,,False,
1598,53.253,1,Ben,0.8410,,1.0,0.0401,0.0255,0.1408,0.8997,0.8129,0.8619,kick,False,
1599,53.286,1,Ben,0.8422,,1.0,0.0538,0.002,0.1359,0.8876,0.8351,0.8447,kick,False,
1600,53.319,1,Ben,0.8483,,1.0,0.0151,0.0078,0.1533,0.9065,0.8337,0.8129,,False,
1601,53.353,1,Ben,0.8346,,1.0,0.008,0.0508,0.1185,0.8688,0.83,0.7936,,False,
1602,53.386,1,Ben,0.8160,,1.0,0.0163,0.0039,0.163,0.8418,0.7907,0.7239,,False,
1603,53.419,1,Ben,0.8235,,1.0,0.0337,0.0,0.1627,0.8316,0.8363,0.7444,,False,
1605,53.486,1,Ben,0.7335,,1.0,0.0,0.0035,0.1713,0.8744,0.7651,0.6855,,False,
1606,53.519,1,Ben,0.8073,,1.0,0.0,0.0035,0.1487,0.8334,0.7666,0.6931,kick,False,
1613,53.753,30,Ben,0.6445,,1.0,0.0613,0.0,0.1309,0.9311,0.6729,0.8927,,False,
1614,53.786,30,Ben,0.8192,,1.0,0.0643,0.0,0.125,0.9389,0.6664,0.8872,,False,
1615,53.819,30,Ben,0.8229,,1.0,0.0616,0.0,0.108,0.9421,0.6774,0.8874,,False,
1616,53.853,30,Ben,0.8234,,1.0,0.0735,0.0,0.1098,0.9416,0.6803,0.8905,,False,
1617,53.886,30,Ben,0.8205,,1.0,0.0762,0.0,0.1184,0.9399,0.6705,0.8888,,False,
1618,53.919,30,Ben,0.8234,,1.0,0.0777,0.0,0.1184,0.9427,0.6786,0.8864,,False,
1619,53.953,30,Ben,0.8219,,1.0,0.0742,0.0,0.1203,0.9424,0.6729,0.8839,,False,
1620,53.986,30,Ben,0.8220,,1.0,0.0673,0.0,0.1212,0.9425,0.6732,0.8839,,False,
1621,54.019,30,Ben,0.8211,,1.0,0.0649,0.0,0.1109,0.9364,0.6779,0.8855,,False,
1622,54.053,30,Ben,0.8209,,1.0,0.0646,0.0,0.125,0.9405,0.6715,0.8873,,False,
1623,54.086,30,Ben,0.8202,,1.0,0.0648,0.0,0.1118,0.9342,0.6773,0.8881,,False,
1624,54.12,30,Ben,0.8199,,1.0,0.0648,0.0,0.11,0.9343,0.6759,0.8871,,False,
1625,54.153,30,Ben,0.8193,,1.0,0.0507,0.0,0.1307,0.9374,0.669,0.8879,,False,
1626,54.186,30,Ben,0.8210,,1.0,0.0635,0.0,0.1191,0.9329,0.6827,0.8936,,False,
1627,54.22,30,Ben,0.8186,,1.0,0.0579,0.0,0.1155,0.9334,0.6718,0.8644,,False,
1628,54.253,30,Ben,0.3627,not_competition_fighter,0.0,0.0,0.0,0.0,0.0,0.6781,0.0,,False,
1629,54.286,30,Ben,0.3614,not_competition_fighter,0.0,0.0,0.0,0.0,0.0,0.6726,0.0,,False,
1630,54.32,30,Ben,0.8137,,1.0,0.0525,0.0,0.1136,0.9226,0.6668,0.877,,False,
1631,54.353,30,Ben,0.8149,,1.0,0.0602,0.0,0.1045,0.9227,0.6717,0.8796,,False,
1633,54.42,30,Ben,0.6603,,1.0,0.0549,0.0,0.1032,0.9129,0.6873,0.8844,,False,
1634,54.453,30,Ben,0.8156,,1.0,0.0354,0.0,0.1241,0.9137,0.6874,0.8885,,False,
1635,54.486,30,Ben,0.8221,exclude_reference,1.0,0.0282,0.0,0.133,0.904,0.7281,0.9174,,False,
1636,54.52,30,Ben,0.8197,,1.0,0.0412,0.0,0.112,0.8972,0.7277,0.8987,,False,
1637,54.553,30,Ben,0.8233,,1.0,0.0371,0.0,0.1262,0.9036,0.7337,0.8985,,False,
1638,54.586,30,Ben,0.8140,,1.0,0.0365,0.0,0.1299,0.8972,0.704,0.893,,False,
1639,54.62,30,Ben,0.8134,,1.0,0.0406,0.0,0.1276,0.8957,0.7035,0.8846,,False,
1640,54.653,30,Ben,0.8180,,1.0,0.0183,0.0,0.1239,0.8975,0.7203,0.8881,,False,
1641,54.686,30,Ben,0.8226,,1.0,0.0221,0.0,0.1547,0.9069,0.726,0.8912,,False,
1648,54.92,1,Ben,0.8303,,1.0,0.0684,0.0,0.0511,0.9406,0.8839,0.7419,,False,
1651,55.02,1,Ben,0.8181,,1.0,0.0,0.0,0.0226,0.921,0.8665,0.7482,,False,
1652,55.053,1,Ben,0.8591,,1.0,0.0,0.0,0.0266,0.9168,0.8642,0.7495,,False,
1653,55.087,1,Ben,0.8529,,1.0,0.0,0.0,0.0366,0.9015,0.8599,0.7789,,False,
1654,55.12,1,Ben,0.8553,,1.0,0.0,0.0,0.0415,0.9133,0.8534,0.7848,,False,
1655,55.153,1,Ben,0.8634,,1.0,0.0,0.0,0.0409,0.9356,0.8554,0.7966,,False,
1656,55.187,1,Ben,0.8562,,1.0,0.0,0.0,0.0444,0.9192,0.8488,0.8096,,False,
1661,55.353,27,Ben,0.8077,,1.0,0.0,0.0,0.0278,0.9047,0.8502,0.7432,,False,
1662,55.387,27,Ben,0.8530,,1.0,0.0,0.0139,0.0451,0.9077,0.8514,0.7529,,False,
1663,55.42,27,Ben,0.8490,,1.0,0.0,0.0035,0.046,0.8844,0.868,0.7737,,False,
1664,55.453,27,Ben,0.8576,,1.0,0.0,0.0174,0.0779,0.9039,0.8762,0.7945,,False,
1665,55.487,27,Ben,0.8548,,1.0,0.0,0.0139,0.0692,0.9046,0.8636,0.7874,,False,
1666,55.52,27,Ben,0.8501,,1.0,0.0,0.0035,0.0717,0.8934,0.8596,0.7766,,False,
1667,55.553,27,Ben,0.8443,,1.0,0.0,0.0,0.0748,0.8931,0.836,0.7447,,False,
1668,55.587,27,Ben,0.8464,,1.0,0.0,0.0104,0.0885,0.9059,0.8268,0.7437,,False,
1669,55.62,27,Ben,0.8461,,1.0,0.0,0.0139,0.0969,0.9047,0.827,0.7385,,False,
1670,55.653,27,Ben,0.8423,,1.0,0.0,0.0104,0.1063,0.8995,0.8187,0.7169,,False,
1671,55.687,27,Ben,0.8304,,1.0,0.0139,0.0312,0.1132,0.8644,0.8189,0.7128,,False,
1672,55.72,27,Ben,0.8228,,1.0,0.0208,0.0104,0.1214,0.8472,0.8115,0.7183,,False,
1673,55.753,27,Ben,0.8314,,1.0,0.0,0.0417,0.1396,0.8898,0.7868,0.6896,,False,
1674,55.787,27,Ben,0.8175,,1.0,0.0137,0.0139,0.1412,0.8572,0.7754,0.6989,,False,
1675,55.82,27,Ben,0.8212,,1.0,0.0,0.0208,0.1612,0.8778,0.7613,0.6784,,False,
1676,55.853,27,Ben,0.8233,,1.0,0.0,0.0382,0.1607,0.8872,0.7568,0.6846,,False,
1693,56.42,27,Ben,0.7936,,1.0,0.0,0.0069,0.1772,0.895,0.7361,0.6902,,False,
1694,56.454,27,Ben,0.8269,,1.0,0.0,0.0069,0.1561,0.9027,0.7499,0.7022,,False,
1696,56.52,27,Ben,0.7978,,1.0,0.0216,0.1215,0.1678,0.9046,0.7389,0.6963,,False,
1697,56.554,27,Ben,0.8257,,1.0,0.0,0.1146,0.1611,0.9054,0.7409,0.691,,False,
1698,56.587,27,Ben,0.8209,,1.0,0.0,0.1215,0.1447,0.9023,0.7253,0.6914,,False,
1699,56.62,27,Ben,0.8262,,1.0,0.0,0.1076,0.1373,0.9049,0.7439,0.7105,,False,
1700,56.654,27,Ben,0.8270,,1.0,0.0,0.0764,0.121,0.9135,0.7351,0.7082,,False,
1701,56.687,27,Ben,0.8288,,1.0,0.0374,0.0347,0.1034,0.9102,0.7474,0.7273,,False,
1702,56.72,27,Ben,0.8276,,1.0,0.0436,0.0312,0.0941,0.9151,0.7351,0.722,,False,
1703,56.754,27,Ben,0.8282,,1.0,0.071,0.0243,0.0859,0.9092,0.7462,0.7283,,False,
1704,56.787,27,Ben,0.8327,,1.0,0.0702,0.0347,0.0805,0.9163,0.755,0.723,,False,
1707,56.887,32,Ben,0.7868,,1.0,0.0369,0.0035,0.0538,0.9087,0.7857,0.7752,,False,
1708,56.921,32,Ben,0.8275,,1.0,0.0,0.0243,0.031,0.9143,0.7359,0.7229,,False,
1709,56.954,32,Ben,0.8220,,1.0,0.0362,0.0417,0.037,0.9124,0.7157,0.6945,,False,
1710,56.987,32,Ben,0.8301,,1.0,0.0,0.0833,0.0394,0.9204,0.7383,0.7022,,False,
1711,57.021,32,Ben,0.8227,,1.0,0.0,0.0,0.0787,0.9213,0.706,0.6863,,False,
1712,57.054,32,Ben,0.8272,,1.0,0.0,0.0,0.0648,0.9201,0.7265,0.6717,,False,
1713,57.087,32,Ben,0.8293,,1.0,0.0,0.0,0.0528,0.9172,0.7394,0.7045,,False,
1714,57.121,32,Ben,0.8244,,1.0,0.0,0.0,0.0761,0.9162,0.7205,0.6551,,False,
1715,57.154,32,Ben,0.8336,,1.0,0.0,0.0,0.0409,0.9113,0.7658,0.6497,,False,
1716,57.187,32,Ben,0.8273,,1.0,0.0,0.0,0.0426,0.8983,0.7579,0.6427,,False,
1717,57.221,32,Ben,0.8234,,1.0,0.0,0.0,0.064,0.8789,0.769,0.6573,,False,
1718,57.254,32,Ben,0.8188,,1.0,0.0,0.0,0.0736,0.8672,0.7665,0.663,,False,
1719,57.287,32,Ben,0.8195,,1.0,0.0,0.0,0.0894,0.8678,0.7687,0.6857,,False,
1720,57.321,32,Ben,0.8195,,1.0,0.0,0.0,0.1116,0.8597,0.7799,0.6991,,False,
1721,57.354,32,Ben,0.8259,,1.0,0.0,0.0035,0.1127,0.8622,0.8033,0.7275,,False,
1722,57.387,32,Ben,0.8241,,1.0,0.0,0.0,0.1232,0.8549,0.8058,0.7301,,False,
1723,57.421,32,Ben,0.8257,,1.0,0.0,0.0,0.1238,0.8531,0.8153,0.7372,,False,
1724,57.454,32,Ben,0.8227,,1.0,0.0,0.0,0.0643,0.8428,0.8172,0.7397,,False,
1725,57.487,32,Ben,0.8160,,1.0,0.0,0.0,0.0654,0.8396,0.7937,0.7228,,False,
1726,57.521,32,Ben,0.8210,,1.0,0.0,0.0,0.0683,0.844,0.8084,0.7124,,False,
1727,57.554,32,Ben,0.8188,,1.0,0.0,0.0,0.0896,0.8471,0.7949,0.6883,,False,
1728,57.587,32,Ben,0.8144,,1.0,0.0,0.0,0.097,0.8437,0.7816,0.6736,,False,
1729,57.621,32,Ben,0.8152,,1.0,0.0,0.0,0.1296,0.8489,0.7775,0.6712,,False,
1730,57.654,32,Ben,0.8170,,1.0,0.0066,0.0035,0.1368,0.854,0.7778,0.6795,,False,
1731,57.687,32,Ben,0.8230,,1.0,0.0,0.0139,0.1303,0.8652,0.7866,0.681,,False,
1732,57.721,32,Ben,0.8307,,1.0,0.0,0.0069,0.1587,0.8779,0.8007,0.6875,,False,
1733,57.754,32,Ben,0.8394,,1.0,0.0,0.0069,0.1693,0.8841,0.8283,0.7164,,False,
1734,57.787,32,Ben,0.8423,,1.0,0.0,0.0174,0.1609,0.8863,0.8374,0.7224,,False,
1735,57.821,32,Ben,0.8357,,1.0,0.0,0.0174,0.1505,0.872,0.83,0.7142,,False,
1736,57.854,32,Ben,0.8269,,1.0,0.0,0.0104,0.1111,0.8543,0.8187,0.7082,,False,
1737,57.888,32,Ben,0.8185,,1.0,0.0,0.0,0.1213,0.8395,0.8045,0.7063,,False,
1738,57.921,32,Ben,0.8198,,1.0,0.0,0.0,0.0935,0.8341,0.8175,0.7065,,False,
1739,57.954,32,Ben,0.8250,,1.0,0.0,0.0,0.0987,0.8289,0.8467,0.7345,,False,
1740,57.988,32,Ben,0.8298,,1.0,0.0,0.0035,0.0832,0.8352,0.8577,0.735,,False,
1741,58.021,32,Ben,0.8311,,1.0,0.0,0.0,0.0646,0.8398,0.8564,0.7212,,False,
1742,58.054,32,Ben,0.8342,,1.0,0.0,0.0,0.0573,0.8474,0.8585,0.7094,,False,
1743,58.088,32,Ben,0.8442,,1.0,0.0,0.0,0.0511,0.8608,0.8814,0.7402,,False,
1744,58.121,32,Ben,0.8368,,1.0,0.0,0.0,0.0406,0.8615,0.8497,0.7037,,False,
1745,58.154,32,Ben,0.8349,,1.0,0.0,0.0,0.0581,0.8658,0.8355,0.7079,,False,
1746,58.188,32,Ben,0.8387,,1.0,0.0,0.0,0.0627,0.8625,0.8562,0.7329,,False,
1747,58.221,32,Ben,0.8431,,1.0,0.0,0.0,0.0614,0.866,0.8694,0.7267,,False,
1748,58.254,32,Ben,0.8507,,1.0,0.0,0.0,0.0637,0.8659,0.9013,0.7239,,False,
1749,58.288,32,Ben,0.8469,,1.0,0.0,0.0,0.0533,0.8617,0.8913,0.7116,,False,
1750,58.321,32,Ben,0.8441,,1.0,0.0,0.0,0.0627,0.8586,0.8842,0.7052,,False,
1751,58.354,32,Ben,0.8435,,1.0,0.0,0.0,0.0805,0.8521,0.8907,0.6939,,False,
1754,58.454,32,Ben,0.7358,,1.0,0.0,0.0104,0.0994,0.831,0.9034,0.6673,,False,
1755,58.488,32,Ben,0.8441,,1.0,0.0,0.0035,0.0962,0.8392,0.9116,0.6885,,False,
1756,58.521,32,Ben,0.8438,,1.0,0.0,0.0,0.09,0.8428,0.905,0.7034,,False,
1757,58.554,32,Ben,0.8466,,1.0,0.0,0.0035,0.0741,0.8475,0.91,0.7202,,False,
1758,58.588,32,Ben,0.8442,,1.0,0.0,0.0,0.0889,0.8622,0.8793,0.7463,,False,
1759,58.621,32,Ben,0.8527,,1.0,0.0,0.0,0.1613,0.8729,0.8996,0.7607,,False,
1762,58.721,32,Ben,0.7474,,1.0,0.0,0.0104,0.1505,0.8555,0.9505,0.7802,,False,
1763,58.755,32,Ben,0.8628,,1.0,0.0,0.0035,0.1134,0.8538,0.9687,0.7694,,False,
1764,58.788,32,Ben,0.8588,,1.0,0.0,0.0417,0.0735,0.8496,0.9582,0.7638,,False,
1765,58.821,32,Ben,0.8554,,1.0,0.0,0.0139,0.034,0.8441,0.9518,0.7622,,False,
1766,58.855,32,Ben,0.8472,,1.0,0.0,0.0,0.0063,0.8438,0.918,0.8,,False,
1767,58.888,32,Ben,0.8438,,1.0,0.0098,0.0,0.0098,0.8575,0.8844,0.8164,,False,
1768,58.921,32,Ben,0.8467,,1.0,0.0,0.0174,0.009,0.8727,0.875,0.8077,,False,
1770,58.988,32,Ben,0.7441,,1.0,0.0331,0.0174,0.018,0.9089,0.8765,0.7887,,False,
1771,59.021,32,Ben,0.8673,,1.0,0.0,0.0208,0.0404,0.9208,0.8926,0.7597,,False,
1772,59.055,32,Ben,0.8655,,1.0,0.0,0.0451,0.0475,0.9184,0.8886,0.7507,,False,
1773,59.088,32,Ben,0.8711,,1.0,0.0,0.0556,0.0698,0.9181,0.9122,0.7596,,False,
1774,59.121,32,Ben,0.8660,,1.0,0.0,0.0486,0.0794,0.9193,0.8894,0.7622,,False,
1775,59.155,32,Ben,0.8659,,1.0,0.0,0.0521,0.0745,0.9195,0.8887,0.7503,,False,
1776,59.188,32,Ben,0.8670,,1.0,0.0,0.0799,0.0816,0.9173,0.8963,0.7568,,False,
1777,59.221,32,Ben,0.8666,,1.0,0.0,0.0347,0.0856,0.913,0.9009,0.774,,False,
1778,59.255,32,Ben,0.8643,,1.0,0.0,0.0799,0.0839,0.9031,0.9053,0.762,,False,
1779,59.288,32,Ben,0.8662,,1.0,0.0011,0.0312,0.0751,0.9079,0.9065,0.7491,,False,
1780,59.321,32,Ben,0.8689,,1.0,0.0055,0.0451,0.0768,0.908,0.9173,0.7639,,False,
1781,59.355,32,Ben,0.8679,,1.0,0.0102,0.0278,0.0625,0.9075,0.9139,0.7708,,False,
1782,59.388,32,Ben,0.8709,,1.0,0.0729,0.0521,0.0546,0.9067,0.9276,0.7639,,False,
1783,59.421,32,Ben,0.8694,,1.0,0.0139,0.0486,0.0449,0.9128,0.9127,0.7444,,False,
1784,59.455,32,Ben,0.8674,,1.0,0.0139,0.0521,0.0372,0.9169,0.8986,0.7352,,False,
1785,59.488,32,Ben,0.8656,,1.0,0.0243,0.0208,0.0389,0.9224,0.8834,0.7473,,False,
1786,59.521,32,Ben,0.8690,,1.0,0.0239,0.0243,0.0357,0.9234,0.896,0.7558,,False,
1787,59.555,32,Ben,0.8704,,1.0,0.0139,0.0208,0.0362,0.9235,0.9015,0.7647,,False,
1788,59.588,32,Ben,0.8732,,1.0,0.0243,0.0208,0.0426,0.9262,0.9097,0.7665,,False,
1789,59.621,32,Ben,0.8772,,1.0,0.0069,0.0104,0.0431,0.9291,0.9223,0.7906,,False,
1790,59.655,32,Ben,0.8793,,1.0,0.0069,0.0069,0.0477,0.9317,0.9273,0.7879,,False,
1791,59.688,32,Ben,0.8793,,1.0,0.0035,0.0069,0.0283,0.9331,0.9251,0.7969,,False,
1792,59.722,32,Ben,0.8821,,1.0,0.0069,0.0,0.0364,0.932,0.9385,0.7858,,False,
1793,59.755,32,Ben,0.8822,,1.0,0.0069,0.0,0.033,0.9303,0.9412,0.8041,,False,
1794,59.788,32,Ben,0.8816,,1.0,0.0,0.0069,0.0334,0.9316,0.9369,0.7994,,False,
1795,59.822,32,Ben,0.8853,,1.0,0.0,0.0,0.0354,0.9317,0.9523,0.8037,,False,
1796,59.855,32,Ben,0.8847,,1.0,0.0135,0.0,0.0363,0.9312,0.9505,0.8072,,False,
1797,59.888,32,Ben,0.8871,,1.0,0.0274,0.0,0.0479,0.9268,0.9667,0.8115,,False,
1798,59.922,32,Ben,0.8855,,1.0,0.0174,0.0,0.0434,0.9274,0.9593,0.8115,,False,
1799,59.955,32,Ben,0.8836,,1.0,0.0241,0.0,0.0603,0.9261,0.953,0.7988,,False,
1800,59.988,32,Ben,0.8828,,1.0,0.0312,0.0,0.0544,0.9223,0.9549,0.8063,,False,
1801,60.022,32,Ben,0.8775,,1.0,0.0139,0.0,0.0593,0.918,0.939,0.8118,,False,
1802,60.055,32,Ben,0.8786,,1.0,0.0312,0.0,0.0556,0.9198,0.9411,0.8189,,False,
1803,60.088,32,Ben,0.8801,,1.0,0.0278,0.0,0.0482,0.9194,0.9478,0.8261,,False,
1804,60.122,32,Ben,0.8798,,1.0,0.0347,0.0,0.0535,0.9184,0.9482,0.8382,,False,
1805,60.155,32,Ben,0.8819,,1.0,0.0069,0.0,0.0542,0.9179,0.9574,0.8424,,False,
1806,60.188,32,Ben,0.8802,,1.0,0.0312,0.0,0.0505,0.9162,0.953,0.8434,,False,
1807,60.222,32,Ben,0.8801,,1.0,0.0382,0.0,0.0478,0.9185,0.9491,0.8561,,False,
1808,60.255,32,Ben,0.8790,,1.0,0.0556,0.0069,0.0583,0.9192,0.9436,0.8449,,False,
1809,60.288,32,Ben,0.8796,,1.0,0.0556,0.0035,0.0667,0.9183,0.9474,0.8516,,False,
1810,60.322,32,Ben,0.8787,,1.0,0.066,0.0069,0.0597,0.9151,0.948,0.8644,,False,
1811,60.355,32,Ben,0.8812,,1.0,0.0451,0.0035,0.0597,0.9138,0.9603,0.8558,,False,
1812,60.388,32,Ben,0.8828,,1.0,0.0451,0.0035,0.0511,0.9162,0.9637,0.8669,,False,
1813,60.422,32,Ben,0.8805,,1.0,0.0347,0.0035,0.0439,0.9146,0.9564,0.845,,False,
1814,60.455,32,Ben,0.8808,,1.0,0.0139,0.0,0.0392,0.9148,0.9575,0.8506,,False,
1815,60.488,32,Ben,0.8839,,1.0,0.0,0.0069,0.044,0.9207,0.962,0.8697,,False,
1816,60.522,32,Ben,0.8832,,1.0,0.0139,0.0,0.0494,0.9191,0.9612,0.8757,,False,
1817,60.555,32,Ben,0.8810,,1.0,0.0208,0.0,0.0374,0.9108,0.964,0.8796,,False,
1818,60.589,32,Ben,0.8813,,1.0,0.0174,0.0,0.0345,0.9118,0.9639,0.876,,False,
1819,60.622,32,Ben,0.8817,,1.0,0.0104,0.0035,0.034,0.9102,0.9675,0.8658,,False,
1820,60.655,32,Ben,0.8824,,1.0,0.0208,0.0035,0.0386,0.9113,0.9691,0.8572,,False,
1821,60.689,32,Ben,0.8855,,1.0,0.0243,0.0,0.0407,0.9181,0.9723,0.8579,,False,
1822,60.722,32,Ben,0.8841,,1.0,0.0382,0.0174,0.0498,0.9157,0.97,0.8494,,False,
1823,60.755,32,Ben,0.8839,,1.0,0.0556,0.0104,0.0454,0.9174,0.9664,0.8398,,False,
1824,60.789,32,Ben,0.8848,,1.0,0.059,0.0139,0.0561,0.9185,0.9689,0.8369,,False,
1825,60.822,32,Ben,0.8823,,1.0,0.0035,0.0243,0.053,0.9113,0.9684,0.8401,,False,
1826,60.855,32,Ben,0.8788,,1.0,0.0,0.0174,0.0557,0.9073,0.9596,0.8521,,False,
1827,60.889,32,Ben,0.8815,,1.0,0.0,0.0243,0.0723,0.9107,0.966,0.8508,,False,
1828,60.922,32,Ben,0.8826,,1.0,0.0,0.0278,0.0826,0.9138,0.9663,0.8388,,False,
1829,60.955,32,Ben,0.8828,,1.0,0.0,0.0208,0.1375,0.9122,0.9692,0.8732,,False,
1830,60.989,32,Ben,0.8786,,1.0,0.0,0.0,0.1166,0.8998,0.9696,0.8787,,False,
1831,61.022,32,Ben,0.8852,,1.0,0.0,0.0312,0.1354,0.9172,0.9721,0.8768,,False,
1832,61.055,32,Ben,0.8800,,1.0,0.0,0.0035,0.1174,0.9039,0.9695,0.8745,,False,
1833,61.089,32,Ben,0.8812,,1.0,0.0,0.0,0.1204,0.9083,0.9684,0.8761,,False,
1834,61.122,32,Ben,0.8744,,1.0,0.0,0.0139,0.1243,0.8894,0.9668,0.8732,,False,
1835,61.155,32,Ben,0.8770,,1.0,0.0,0.0312,0.1075,0.8942,0.9708,0.8718,,False,
1836,61.189,32,Ben,0.8754,,1.0,0.0,0.0174,0.0949,0.8925,0.9664,0.8722,,False,
1837,61.222,32,Ben,0.8729,,1.0,0.0,0.0104,0.0866,0.8909,0.9581,0.8769,,False,
1838,61.255,32,Ben,0.8745,,1.0,0.0,0.0243,0.0813,0.8927,0.9626,0.8632,,False,
1839,61.289,32,Ben,0.8762,,1.0,0.0,0.0312,0.0826,0.8956,0.9656,0.8631,,False,
1840,61.322,32,Ben,0.8764,,1.0,0.0,0.0,0.0774,0.8987,0.9617,0.8506,,False,
1841,61.355,32,Ben,0.8773,,1.0,0.0,0.0417,0.0708,0.9011,0.9622,0.8488,,False,
1842,61.389,32,Ben,0.8766,,1.0,0.0,0.0,0.0662,0.9015,0.9588,0.8408,,False,
1843,61.422,32,Ben,0.8772,,1.0,0.0035,0.0035,0.0492,0.9031,0.9589,0.8494,,False,
1844,61.455,32,Ben,0.8756,,1.0,0.0104,0.0069,0.0442,0.8971,0.9609,0.8526,,False,
1845,61.489,32,Ben,0.8769,,1.0,0.0069,0.0278,0.0364,0.8999,0.9621,0.8543,,False,
1846,61.522,32,Ben,0.8775,,1.0,0.0139,0.0069,0.0385,0.8991,0.9658,0.8501,,False,
1847,61.556,32,Ben,0.8794,,1.0,0.0,0.0208,0.0424,0.9089,0.9599,0.8384,,False,
1848,61.589,32,Ben,0.8769,,1.0,0.0035,0.0278,0.0291,0.9039,0.9567,0.8396,,False,
1849,61.622,32,Ben,0.8791,,1.0,0.0069,0.0417,0.0262,0.9116,0.955,0.8196,,False,
1850,61.656,32,Ben,0.8781,,1.0,0.0035,0.0208,0.0262,0.9108,0.9516,0.8248,,False,
1851,61.689,32,Ben,0.8762,,1.0,0.0069,0.0139,0.025,0.9062,0.9503,0.8077,,False,
1852,61.722,32,Ben,0.8715,,1.0,0.0035,0.0069,0.0234,0.8955,0.9461,0.793,,False,
1853,61.756,32,Ben,0.8698,,1.0,0.0,0.0208,0.027,0.892,0.9439,0.7886,,False,
1854,61.789,32,Ben,0.8698,,1.0,0.0,0.0069,0.0254,0.8889,0.9483,0.7995,,False,
1855,61.822,32,Ben,0.8677,,1.0,0.0,0.0,0.0238,0.8808,0.9509,0.826,,False,
1856,61.856,32,Ben,0.8720,,1.0,0.0,0.0,0.0127,0.8825,0.9665,0.8324,,False,
1857,61.889,32,Ben,0.8717,,1.0,0.0,0.0069,0.0218,0.8854,0.9612,0.8541,,False,
1858,61.922,32,Ben,0.8730,,1.0,0.0,0.0139,0.0262,0.8905,0.9591,0.8542,,False,
1859,61.956,32,Ben,0.8729,,1.0,0.0,0.0451,0.03,0.8874,0.9633,0.8693,,False,
1860,61.989,32,Ben,0.8742,,1.0,0.0,0.0486,0.0339,0.8942,0.9589,0.8686,,False,
1861,62.022,32,Ben,0.8753,,1.0,0.0,0.0729,0.0495,0.8999,0.9557,0.868,,False,
1862,62.056,32,Ben,0.8780,,1.0,0.0,0.066,0.0461,0.9098,0.9526,0.8687,,False,
1863,62.089,32,Ben,0.8825,,1.0,0.0,0.0486,0.0527,0.9172,0.9611,0.8592,,False,
1864,62.122,32,Ben,0.8842,,1.0,0.0243,0.0278,0.066,0.9218,0.9615,0.8497,,False,
1865,62.156,32,Ben,0.8803,,1.0,0.0208,0.0556,0.0634,0.9112,0.9603,0.8465,,False,
1866,62.189,32,Ben,0.8769,,1.0,0.0243,0.0521,0.056,0.9039,0.9564,0.8432,,False,
1867,62.222,32,Ben,0.8710,,1.0,0.0,0.0486,0.0696,0.8885,0.954,0.8377,,False,
1868,62.256,32,Ben,0.8673,,1.0,0.0,0.0382,0.0726,0.877,0.9545,0.8295,,False,
1869,62.289,32,Ben,0.8646,,1.0,0.0,0.0347,0.0948,0.8782,0.9419,0.8189,,False,
1870,62.322,32,Ben,0.8614,,1.0,0.0,0.0174,0.1071,0.8671,0.9442,0.8084,,False,
1871,62.356,32,Ben,0.8581,,1.0,0.0,0.0243,0.1054,0.8585,0.9427,0.8126,,False,
1872,62.389,32,Ben,0.8553,,1.0,0.0,0.0174,0.1127,0.8482,0.9455,0.8055,,False,
1873,62.423,32,Ben,0.8550,,1.0,0.0,0.0104,0.1116,0.846,0.9474,0.8052,,False,
1874,62.456,32,Ben,0.8580,,1.0,0.0,0.0347,0.1144,0.8516,0.9517,0.8103,,False,
1875,62.489,32,Ben,0.8570,,1.0,0.0,0.0243,0.1211,0.8495,0.9506,0.808,,False,
1876,62.523,32,Ben,0.8574,,1.0,0.0,0.0347,0.1016,0.8494,0.9525,0.8139,,False,
1877,62.556,32,Ben,0.8570,,1.0,0.0,0.0139,0.1089,0.8501,0.9499,0.8099,,False,
1878,62.589,32,Ben,0.8567,,1.0,0.0,0.0104,0.0992,0.8512,0.947,0.8233,,False,
1879,62.623,32,Ben,0.8584,,1.0,0.0,0.0174,0.0969,0.8538,0.9505,0.8237,,False,
1880,62.656,32,Ben,0.8620,,1.0,0.0,0.0104,0.0894,0.8614,0.9547,0.8211,,False,
1881,62.689,32,Ben,0.8667,,1.0,0.0,0.0035,0.0804,0.8665,0.9672,0.835,,False,
1882,62.723,32,Ben,0.8667,,1.0,0.0,0.0069,0.0593,0.8676,0.9653,0.8405,,False,
1883,62.756,32,Ben,0.8638,,1.0,0.0,0.0069,0.0536,0.8684,0.9522,0.8486,,False,
1884,62.789,32,Ben,0.8677,,1.0,0.0,0.0069,0.0466,0.8735,0.9614,0.8419,,False,
1885,62.823,32,Ben,0.8728,,1.0,0.0,0.0278,0.0516,0.8925,0.9556,0.8389,,False,
1886,62.856,32,Ben,0.8750,,1.0,0.0,0.0312,0.0471,0.8972,0.9583,0.8417,,False,
1887,62.889,32,Ben,0.8778,,1.0,0.0,0.0417,0.0449,0.9035,0.9608,0.8505,,False,
1888,62.923,32,Ben,0.8779,,1.0,0.0,0.0521,0.0464,0.9073,0.9559,0.8582,,False,
1889,62.956,32,Ben,0.8803,,1.0,0.0,0.0347,0.0424,0.9118,0.9595,0.8351,,False,
1890,62.989,32,Ben,0.8814,,1.0,0.0,0.0382,0.0403,0.9148,0.96,0.8271,,False,
1891,63.023,32,Ben,0.8824,,1.0,0.0,0.0486,0.0389,0.9169,0.961,0.8284,,False,
1892,63.056,32,Ben,0.8800,,1.0,0.0,0.0069,0.0375,0.9087,0.9628,0.8342,,False,
1893,63.089,32,Ben,0.8806,,1.0,0.0,0.0174,0.0396,0.908,0.9661,0.8338,,False,
1894,63.123,32,Ben,0.8788,,1.0,0.0,0.0382,0.0326,0.9087,0.9578,0.8351,,False,
1895,63.156,32,Ben,0.8785,,1.0,0.0,0.0486,0.0347,0.9056,0.9608,0.8417,,False,
1896,63.189,32,Ben,0.8807,,1.0,0.0,0.0486,0.0368,0.9094,0.9648,0.8484,,False,
1897,63.223,32,Ben,0.8778,,1.0,0.0,0.0521,0.038,0.9057,0.9576,0.8397,,False,
1898,63.256,32,Ben,0.8783,,1.0,0.0,0.0521,0.0538,0.9071,0.9578,0.8407,,False,
1899,63.289,32,Ben,0.8811,,1.0,0.0,0.0556,0.1017,0.911,0.964,0.841,,False,
1900,63.323,32,Ben,0.8781,,1.0,0.0,0.0799,0.0829,0.9082,0.9555,0.8324,,False,
1901,63.356,32,Ben,0.8753,,1.0,0.0,0.0625,0.0841,0.9003,0.9548,0.8295,,False,
1902,63.39,32,Ben,0.8726,,1.0,0.0,0.0521,0.0856,0.8926,0.9546,0.8268,,False,
1903,63.423,32,Ben,0.8782,,1.0,0.0,0.066,0.0967,0.8971,0.9716,0.8289,,False,
1904,63.456,32,Ben,0.8778,,1.0,0.0,0.0729,0.0985,0.8943,0.9738,0.8315,,False,
1905,63.49,32,Ben,0.8787,,1.0,0.0,0.0694,0.0932,0.8967,0.9742,0.8381,,False,
1906,63.523,32,Ben,0.8781,,1.0,0.0,0.0486,0.0932,0.896,0.9728,0.8272,,False,
1907,63.556,32,Ben,0.8796,,1.0,0.0,0.0486,0.0862,0.8979,0.9765,0.8318,,False,
1908,63.59,32,Ben,0.8788,,1.0,0.0,0.0417,0.0794,0.8972,0.9741,0.8331,,False,
1909,63.623,32,Ben,0.8792,,1.0,0.0,0.0417,0.0881,0.8982,0.9742,0.835,,False,
1910,63.656,32,Ben,0.8771,,1.0,0.0,0.0382,0.0824,0.8972,0.9668,0.8399,,False,
1911,63.69,32,Ben,0.8757,,1.0,0.0,0.0382,0.0678,0.8957,0.963,0.8394,,False,
1912,63.723,32,Ben,0.8781,,1.0,0.0,0.0451,0.0658,0.8984,0.9695,0.8478,,False,
1913,63.756,32,Ben,0.8814,,1.0,0.0,0.0347,0.0515,0.9023,0.9777,0.86,,False,
1914,63.79,32,Ben,0.8829,,1.0,0.0,0.0243,0.0565,0.9104,0.9725,0.8633,,False,
1915,63.823,32,Ben,0.8828,,1.0,0.0035,0.0139,0.0459,0.9115,0.9705,0.8587,,False,
1916,63.856,32,Ben,0.8816,,1.0,0.0035,0.0035,0.0452,0.9096,0.9679,0.8569,,False,
1917,63.89,32,Ben,0.8812,,1.0,0.0347,0.0104,0.0486,0.908,0.9688,0.8593,,False,
1918,63.923,32,Ben,0.8850,,1.0,0.0382,0.0104,0.046,0.9169,0.972,0.8565,,False,
1919,63.956,32,Ben,0.8864,,1.0,0.0382,0.0139,0.0493,0.9202,0.9732,0.8527,,False,
1920,63.99,32,Ben,0.8890,,1.0,0.0486,0.0139,0.0474,0.9288,0.9718,0.8528,,False,
1921,64.023,32,Ben,0.8894,,1.0,0.0382,0.0069,0.0449,0.9298,0.9721,0.8531,,False,
1922,64.056,32,Ben,0.8893,,1.0,0.0521,0.0208,0.0513,0.9274,0.9748,0.8589,,False,
1923,64.09,32,Ben,0.8912,,1.0,0.066,0.0243,0.0481,0.9327,0.9753,0.8526,,False,
1925,64.156,32,Ben,0.7681,,1.0,0.0759,0.0035,0.0529,0.9447,0.9744,0.8501,,False,
1926,64.19,32,Ben,0.8942,,1.0,0.0482,0.0035,0.058,0.9442,0.9716,0.8499,,False,
1927,64.223,32,Ben,0.8936,,1.0,0.0586,0.0139,0.0557,0.94,0.9749,0.8478,,False,
1928,64.256,32,Ben,0.8922,,1.0,0.0655,0.0069,0.0598,0.9352,0.9758,0.8552,,False,
1929,64.29,32,Ben,0.8904,,1.0,0.0727,0.0139,0.046,0.9305,0.9751,0.859,,False,
1930,64.323,32,Ben,0.8867,,1.0,0.0764,0.0104,0.0399,0.9182,0.9773,0.855,,False,
1933,64.423,32,Ben,0.7497,,1.0,0.066,0.0104,0.0387,0.9009,0.9688,0.8603,,False,
1934,64.457,32,Ben,0.8754,,1.0,0.0556,0.0104,0.0448,0.8941,0.9642,0.8502,,False,
1935,64.49,32,Ben,0.8739,,1.0,0.066,0.0139,0.0473,0.892,0.9609,0.8409,,False,
1936,64.523,32,Ben,0.8762,,1.0,0.0779,0.0,0.0364,0.8991,0.9604,0.8315,,False,
1937,64.557,32,Ben,0.8739,,1.0,0.0379,0.0,0.047,0.8991,0.9509,0.8288,,False,
1938,64.59,32,Ben,0.8761,,1.0,0.0066,0.0,0.0532,0.9008,0.9577,0.8491,,False,
1939,64.623,32,Ben,0.8753,,1.0,0.0,0.0069,0.0857,0.8987,0.9571,0.8516,,False,
1940,64.657,32,Ben,0.8733,,1.0,0.0,0.0139,0.1121,0.8936,0.9561,0.8692,,False,
1941,64.69,32,Ben,0.8704,,1.0,0.0,0.0104,0.1228,0.8943,0.9429,0.8834,,False,
1942,64.723,32,Ben,0.8702,,1.0,0.0,0.0,0.1295,0.893,0.944,0.8799,,False,
1943,64.757,32,Ben,0.8679,,1.0,0.0,0.0104,0.1365,0.8808,0.9517,0.8799,,False,
1944,64.79,32,Ben,0.8651,,1.0,0.0,0.0903,0.1179,0.8822,0.9381,0.8675,,False,
1945,64.823,32,Ben,0.8615,,1.0,0.0,0.0799,0.105,0.8838,0.9208,0.8662,,False,
1946,64.857,32,Ben,0.8647,,1.0,0.0,0.125,0.0867,0.8927,0.9215,0.856,,False,
1949,64.957,32,Ben,0.7664,,1.0,0.0,0.0174,0.1195,0.9362,0.9359,0.8298,,False,
1950,64.99,32,Ben,0.8876,,1.0,0.0,0.0069,0.0757,0.9438,0.9446,0.8281,,False,
1951,65.023,32,Ben,0.8790,,1.0,0.0,0.0,0.0635,0.9347,0.9215,0.8776,,False,
1952,65.057,32,Ben,0.8818,,1.0,0.0,0.0,0.0631,0.9482,0.9142,0.8835,,False,
1953,65.09,32,Ben,0.8799,,1.0,0.0,0.0,0.0493,0.9446,0.9112,0.876,,False,
1954,65.123,32,Ben,0.8758,,1.0,0.0,0.0069,0.0574,0.945,0.8938,0.839,,False,
1955,65.157,32,Ben,0.8809,,1.0,0.0,0.0,0.0675,0.9484,0.9101,0.8173,,False,
1956,65.19,32,Ben,0.8807,,1.0,0.0,0.0,0.0658,0.9474,0.9106,0.8159,,False,
1957,65.224,32,Ben,0.8860,,1.0,0.0,0.0,0.0754,0.9474,0.9327,0.8284,,False,
1958,65.257,32,Ben,0.8865,,1.0,0.0,0.0,0.0888,0.9421,0.9423,0.8368,,False,
1959,65.29,32,Ben,0.8837,,1.0,0.0,0.0,0.1218,0.9367,0.9385,0.8375,,False,
1960,65.324,32,Ben,0.8841,,1.0,0.0,0.0,0.1621,0.9407,0.9346,0.8374,,False,
1961,65.357,32,Ben,0.8802,,1.0,0.0,0.0,0.1638,0.9413,0.9173,0.8386,,False,
1966,65.524,32,Ben,0.7952,,1.0,0.0,0.0,0.0821,0.9491,0.952,0.759,,False,
1967,65.557,32,Ben,0.8913,,1.0,0.0,0.0,0.1036,0.9482,0.954,0.7692,,False,
1968,65.59,32,Ben,0.8948,,1.0,0.0,0.0312,0.1029,0.9436,0.9749,0.8033,,False,
1969,65.624,32,Ben,0.8942,,1.0,0.0,0.0521,0.0979,0.9436,0.9724,0.8043,,False,
1971,65.69,32,Ben,0.8049,,1.0,0.0,0.059,0.0844,0.9385,0.9781,0.7724,,False,
1972,65.724,32,Ben,0.8910,,1.0,0.0,0.0035,0.084,0.9427,0.9604,0.7909,,False,
1973,65.757,32,Ben,0.8935,,1.0,0.0,0.0035,0.082,0.9457,0.9665,0.8237,,False,
1974,65.79,32,Ben,0.8931,,1.0,0.0,0.0069,0.1097,0.9484,0.9609,0.7985,,False,
1975,65.824,32,Ben,0.8893,,1.0,0.0,0.0,0.1028,0.9471,0.9471,0.7878,,False,
1976,65.857,32,Ben,0.8897,,1.0,0.0,0.0,0.1127,0.9413,0.9569,0.768,,False,
1977,65.89,32,Ben,0.8858,,1.0,0.0,0.0035,0.125,0.9271,0.9608,0.7849,,False,
1978,65.924,32,Ben,0.8841,,1.0,0.0,0.0,0.1359,0.923,0.9593,0.7867,,False,
1979,65.957,32,Ben,0.8815,,1.0,0.0,0.0,0.1523,0.9209,0.9518,0.7862,,False,
1980,65.99,32,Ben,0.8866,,1.0,0.0,0.0,0.1584,0.9328,0.9561,0.7844,,False,
1981,66.024,32,Ben,0.8885,,1.0,0.0,0.0,0.1378,0.941,0.9524,0.7778,,False,
1982,66.057,32,Ben,0.8952,,1.0,0.0,0.0,0.1424,0.954,0.962,0.7616,,False,
1985,66.157,32,Ben,0.8190,,1.0,0.0,0.0,0.0934,0.9621,0.9668,0.7419,,False,
1986,66.191,32,Ben,0.8980,,1.0,0.0,0.0,0.1391,0.9568,0.9695,0.7307,,False,
1987,66.224,32,Ben,0.8968,,1.0,0.0,0.0,0.1358,0.9555,0.9664,0.7437,,False,
1988,66.257,32,Ben,0.8969,,1.0,0.0,0.0139,0.1429,0.9565,0.9653,0.7498,,False,
1989,66.291,32,Ben,0.8959,,1.0,0.0,0.0104,0.1582,0.9553,0.9629,0.7523,,False,
1990,66.324,32,Ben,0.8933,,1.0,0.0,0.0139,0.1751,0.9502,0.9594,0.762,,False,
1991,66.357,32,Ben,0.8916,,1.0,0.0,0.0104,0.1714,0.9511,0.9508,0.7786,,False,
1992,66.391,32,Ben,0.8928,,1.0,0.0,0.0174,0.174,0.9576,0.9469,0.7837,,False,
1993,66.424,32,Ben,0.8956,,1.0,0.0,0.0139,0.1484,0.9668,0.9454,0.7803,,False,
1994,66.457,32,Ben,0.8980,,1.0,0.0,0.0,0.1407,0.9693,0.952,0.7802,,False,
1995,66.491,32,Ben,0.8968,,1.0,0.0,0.0139,0.1147,0.9669,0.9502,0.7783,,False,
1996,66.524,32,Ben,0.8978,,1.0,0.0,0.0069,0.0926,0.9682,0.9526,0.7712,,False,
1997,66.557,32,Ben,0.8990,,1.0,0.0,0.0,0.0766,0.9693,0.9561,0.7586,,False,
1998,66.591,32,Ben,0.8996,,1.0,0.0,0.0069,0.0537,0.9677,0.9606,0.77,,False,
1999,66.624,32,Ben,0.8987,,1.0,0.0,0.0,0.0816,0.9647,0.9611,0.7726,,False,
2000,66.657,32,Ben,0.9004,,1.0,0.0,0.0,0.0963,0.9671,0.9648,0.7706,,False,
2001,66.691,32,Ben,0.8992,,1.0,0.0,0.0,0.1142,0.9622,0.9668,0.765,,False,
2002,66.724,32,Ben,0.8981,,1.0,0.0,0.0035,0.1224,0.9637,0.9603,0.7808,,False,
2003,66.757,32,Ben,0.8955,,1.0,0.0,0.0069,0.1205,0.959,0.956,0.7893,,False,
2004,66.791,32,Ben,0.8931,,1.0,0.0,0.0102,0.1087,0.9501,0.9588,0.7835,,False,
2005,66.824,32,Ben,0.8887,,1.0,0.0,0.0306,0.0904,0.9439,0.9491,0.7714,,False,
2006,66.857,32,Ben,0.8903,,1.0,0.0,0.0102,0.07,0.9459,0.9528,0.766,,False,
2007,66.891,32,Ben,0.8904,,1.0,0.005,0.0026,0.0617,0.9528,0.9437,0.7582,,False,
2008,66.924,32,Ben,0.8881,,1.0,0.0,0.0,0.0367,0.9511,0.9362,0.7539,,False,
2009,66.957,32,Ben,0.8900,,1.0,0.0089,0.0,0.042,0.9552,0.9385,0.7487,,False,
2010,66.991,32,Ben,0.8914,,1.0,0.0035,0.0026,0.0714,0.9538,0.9461,0.7476,,False,
2011,67.024,32,Ben,0.8914,,1.0,0.0,0.0,0.0901,0.9521,0.9489,0.7611,,False,
2012,67.058,32,Ben,0.8906,,1.0,0.0,0.0,0.0996,0.9528,0.9445,0.7734,,False,
2013,67.091,32,Ben,0.8912,,1.0,0.0,0.0069,0.1021,0.9491,0.9521,0.7734,,False,
2014,67.124,32,Ben,0.8969,,1.0,0.0,0.0035,0.1036,0.958,0.9633,0.7766,,False,
2015,67.158,32,Ben,0.8943,,1.0,0.0,0.0,0.1167,0.9509,0.9626,0.7784,,False,
2016,67.191,32,Ben,0.8914,,1.0,0.0,0.0,0.1186,0.9514,0.9498,0.7626,,False,
2017,67.224,32,Ben,0.8883,,1.0,0.0,0.0,0.1153,0.9517,0.9364,0.7652,,False,
2018,67.258,32,Ben,0.8882,,1.0,0.0,0.0,0.0971,0.9491,0.9394,0.7522,,False,
2019,67.291,32,Ben,0.8879,,1.0,0.0,0.0,0.0786,0.9518,0.9346,0.7473,,False,
2020,67.324,32,Ben,0.8898,,1.0,0.0,0.0102,0.0835,0.9501,0.9447,0.764,,False,
2021,67.358,32,Ben,0.8901,,1.0,0.0,0.0069,0.1006,0.9516,0.9441,0.7654,,False,
2022,67.391,32,Ben,0.8931,,1.0,0.0,0.0026,0.1083,0.9581,0.9472,0.7972,,False,
2023,67.424,32,Ben,0.8902,,1.0,0.0,0.0,0.1178,0.9558,0.9386,0.7954,,False,
2024,67.458,32,Ben,0.8906,,1.0,0.0,0.0035,0.1177,0.957,0.9386,0.8093,,False,
2025,67.491,32,Ben,0.8895,,1.0,0.0,0.0,0.1315,0.962,0.9269,0.7938,,False,
2026,67.524,32,Ben,0.8941,,1.0,0.0,0.0174,0.1483,0.9562,0.954,0.7935,,False,
2027,67.558,32,Ben,0.8896,,1.0,0.0,0.0077,0.1326,0.9556,0.9362,0.7722,,False,
2028,67.591,32,Ben,0.8916,,1.0,0.0036,0.0102,0.1262,0.9543,0.9463,0.7569,,False,
2029,67.624,32,Ben,0.8898,,1.0,0.0012,0.0026,0.1083,0.9557,0.9368,0.7483,,False,
2030,67.658,32,Ben,0.8843,,1.0,0.0017,0.0077,0.102,0.9509,0.9206,0.7406,,False,
2031,67.691,32,Ben,0.8802,,1.0,0.0,0.002,0.0886,0.9548,0.898,0.7274,,False,
2032,67.724,32,Ben,0.8818,,1.0,0.0,0.0051,0.0867,0.9584,0.8996,0.7113,,False,
2033,67.758,32,Ben,0.8811,,1.0,0.0,0.0,0.098,0.9623,0.8912,0.7042,,False,
2034,67.791,32,Ben,0.8806,,1.0,0.0,0.0,0.0857,0.961,0.891,0.7014,,False,
2035,67.824,32,Ben,0.8785,,1.0,0.0045,0.0,0.1013,0.9579,0.8867,0.6883,,False,
2036,67.858,32,Ben,0.8805,,1.0,0.0051,0.0,0.1134,0.9515,0.9043,0.7106,,False,
2037,67.891,32,Ben,0.8831,,1.0,0.0018,0.0,0.1153,0.9464,0.9222,0.727,,False,
2038,67.924,32,Ben,0.8867,,1.0,0.0345,0.0,0.1028,0.9434,0.9414,0.7329,,False,
2039,67.958,32,Ben,0.8911,,1.0,0.0077,0.0,0.0994,0.9496,0.951,0.7429,,False,
2040,67.991,32,Ben,0.8922,,1.0,0.0,0.0,0.0983,0.953,0.9507,0.7698,,False,
2041,68.025,32,Ben,0.8906,,1.0,0.0,0.0,0.1389,0.9448,0.9558,0.7712,,False,
2044,68.125,32,Ben,0.8029,,1.0,0.06,0.0243,0.0915,0.9528,0.9295,0.6835,,False,
2045,68.158,32,Ben,0.8812,,1.0,0.0,0.0357,0.1168,0.9434,0.9186,0.6981,,False,
2046,68.191,32,Ben,0.8785,,1.0,0.0267,0.0102,0.084,0.9434,0.9071,0.7092,,False,
2047,68.225,32,Ben,0.8760,,1.0,0.0019,0.0179,0.0317,0.9387,0.9035,0.713,,False,
2048,68.258,32,Ben,0.8680,,1.0,0.0,0.0,0.0306,0.8907,0.9382,0.7248,,False,
2050,68.325,32,Ben,0.7369,,1.0,0.0,0.0521,0.1091,0.823,0.9296,0.6634,punch,False,
2051,68.358,32,Ben,0.8417,,1.0,0.0,0.0104,0.1143,0.8181,0.9315,0.6822,,False,
2052,68.391,32,Ben,0.8580,,1.0,0.0455,0.0243,0.176,0.8797,0.912,0.6586,,False,
2058,68.591,32,Ben,0.7725,,1.0,0.0059,0.0,0.1769,0.9185,0.891,0.668,,False,
2059,68.625,32,Ben,0.8653,,1.0,0.0,0.0,0.1477,0.9138,0.894,0.6772,,False,
2060,68.658,32,Ben,0.8721,,1.0,0.0,0.0,0.1406,0.9312,0.8978,0.6754,,False,
2061,68.691,32,Ben,0.8745,,1.0,0.0,0.0,0.1797,0.9411,0.8939,0.6681,,False,
2062,68.725,32,Ben,0.8652,,1.0,0.0163,0.0,0.1429,0.9254,0.8772,0.6535,,False,
2063,68.758,32,Ben,0.8583,,1.0,0.0311,0.0,0.1456,0.9162,0.8615,0.6973,,False,
2064,68.791,32,Ben,0.8525,,1.0,0.0799,0.0,0.0922,0.9119,0.8437,0.6938,,False,
2067,68.892,32,Ben,0.7948,,1.0,0.0764,0.0,0.0807,0.9289,0.897,0.7387,,False,
2068,68.925,32,Ben,0.8713,,1.0,0.0,0.0,0.0847,0.9336,0.8912,0.7414,,False,
2069,68.958,32,Ben,0.8658,,1.0,0.0,0.0,0.0844,0.9249,0.8804,0.7279,,False,
2070,68.992,32,Ben,0.8709,,1.0,0.0,0.0,0.1062,0.9344,0.8885,0.6641,,False,
2081,69.358,32,Ben,0.7849,,1.0,0.0,0.0,0.1179,0.8748,0.9234,0.6962,,False,
2082,69.392,32,Ben,0.8599,,1.0,0.0,0.0035,0.113,0.8801,0.9194,0.7001,,False,
2083,69.425,32,Ben,0.8601,,1.0,0.0,0.0,0.1208,0.8775,0.9239,0.6952,,False,
2084,69.458,32,Ben,0.8658,,1.0,0.0035,0.0035,0.1245,0.8946,0.9234,0.6983,,False,
2085,69.492,32,Ben,0.8680,,1.0,0.0,0.0104,0.1153,0.8932,0.9345,0.6987,,False,
2086,69.525,32,Ben,0.8667,,1.0,0.0,0.0069,0.105,0.8986,0.9216,0.7018,,False,
2087,69.558,32,Ben,0.8728,,1.0,0.0,0.0069,0.1036,0.8959,0.951,0.7134,,False,
2088,69.592,32,Ben,0.8760,,1.0,0.0,0.0,0.0666,0.9052,0.9509,0.7145,,False,
2089,69.625,32,Ben,0.8713,,1.0,0.0,0.0069,0.0643,0.8979,0.9419,0.7113,,False,
2090,69.658,32,Ben,0.8747,,1.0,0.0,0.0,0.0771,0.909,0.9402,0.6822,,False,
2091,69.692,32,Ben,0.8786,,1.0,0.0,0.0,0.0948,0.9228,0.9369,0.6798,,False,
2092,69.725,32,Ben,0.8773,,1.0,0.0,0.0,0.0916,0.9235,0.9305,0.6767,,False,
2093,69.758,32,Ben,0.8733,,1.0,0.0,0.0,0.109,0.9178,0.9217,0.6618,,False,
2094,69.792,32,Ben,0.8760,,1.0,0.0,0.0,0.1074,0.9191,0.9314,0.6761,,False,
2095,69.825,32,Ben,0.8866,,1.0,0.0,0.0,0.0997,0.9279,0.9629,0.7006,,False,
2096,69.859,32,Ben,0.8893,,1.0,0.0,0.0,0.0929,0.9325,0.9678,0.7374,,False,
2097,69.892,32,Ben,0.8928,,1.0,0.0,0.0,0.0859,0.9404,0.9712,0.7515,,False,
2101,70.025,32,Ben,0.7933,,1.0,0.0,0.0,0.0236,0.9417,0.9652,0.7602,,False,
2102,70.059,32,Ben,0.8876,,1.0,0.0,0.0,0.0318,0.934,0.9587,0.7639,,False,
2103,70.092,32,Ben,0.8844,,1.0,0.0,0.0,0.0239,0.9313,0.949,0.7795,,False,
2104,70.125,32,Ben,0.8826,,1.0,0.0,0.0,0.02,0.924,0.952,0.7793,,False,
2105,70.159,32,Ben,0.8743,,1.0,0.0,0.0,0.0159,0.9135,0.9321,0.7864,,False,
2106,70.192,32,Ben,0.8674,,1.0,0.0,0.0035,0.0198,0.9109,0.9072,0.79,,False,
2107,70.225,32,Ben,0.8701,,1.0,0.0,0.0035,0.0271,0.9047,0.9269,0.7885,,False,
2108,70.259,32,Ben,0.8703,,1.0,0.0,0.0069,0.0244,0.9012,0.9328,0.7805,,False,
2109,70.292,32,Ben,0.8716,,1.0,0.0,0.0104,0.0511,0.8978,0.9433,0.7646,,False,
2110,70.325,32,Ben,0.8697,,1.0,0.0,0.0069,0.06,0.9031,0.9277,0.7528,,False,
2111,70.359,32,Ben,0.8615,,1.0,0.0,0.0104,0.0651,0.899,0.8994,0.7485,,False,
2112,70.392,32,Ben,0.8665,,1.0,0.0,0.0,0.0812,0.8988,0.9203,0.7885,,False,
2113,70.425,32,Ben,0.8694,,1.0,0.0,0.0035,0.0968,0.8982,0.9332,0.7924,,False,
2114,70.459,32,Ben,0.8666,,1.0,0.0,0.0,0.1026,0.8957,0.9251,0.7812,,False,
2115,70.492,32,Ben,0.8716,,1.0,0.0,0.0,0.106,0.9029,0.9358,0.7778,,False,
2116,70.525,32,Ben,0.8717,,1.0,0.0,0.0,0.1015,0.9147,0.9198,0.7759,,False,
2117,70.559,32,Ben,0.8727,,1.0,0.0,0.0026,0.1185,0.9269,0.9064,0.7779,,False,
2118,70.592,32,Ben,0.8751,,1.0,0.0,0.0035,0.115,0.9328,0.9083,0.7785,,False,
2119,70.625,32,Ben,0.8809,,1.0,0.0,0.0104,0.1092,0.9458,0.9139,0.7766,,False,
2120,70.659,32,Ben,0.8789,,1.0,0.0,0.0104,0.1041,0.9428,0.9098,0.7668,,False,
2121,70.692,32,Ben,0.8781,,1.0,0.0053,0.0104,0.0845,0.9383,0.9127,0.7735,,False,
2122,70.725,32,Ben,0.8714,,1.0,0.0128,0.0069,0.076,0.9283,0.899,0.7555,,False,
2123,70.759,32,Ben,0.8680,,1.0,0.0005,0.0174,0.0848,0.9231,0.8924,0.7505,,False,
2124,70.792,32,Ben,0.8626,,1.0,0.0022,0.0278,0.0626,0.9101,0.8882,0.7326,,False,
2125,70.826,32,Ben,0.8628,,1.0,0.0219,0.0417,0.0582,0.905,0.8961,0.7314,,False,
2126,70.859,32,Ben,0.8631,,1.0,0.0015,0.0451,0.0737,0.9127,0.8867,0.7368,,False,
2127,70.892,32,Ben,0.8587,,1.0,0.0,0.0382,0.0675,0.9086,0.8742,0.7177,,False,
2128,70.926,32,Ben,0.8608,,1.0,0.0,0.0521,0.0703,0.9039,0.8895,0.7316,,False,
2129,70.959,32,Ben,0.8630,,1.0,0.0069,0.0104,0.0655,0.9039,0.8987,0.7407,,False,
2130,70.992,32,Ben,0.8641,,1.0,0.0,0.0,0.06,0.8938,0.9177,0.7251,,False,
2131,71.026,32,Ben,0.8653,face_mismatch,1.0,0.0,0.0,0.0607,0.8858,0.9089,0.7294,,False,
2132,71.059,32,Ben,0.8687,face_mismatch,1.0,0.0,0.0,0.072,0.8812,0.9278,0.7252,,False,
2134,71.126,32,Ben,0.7141,,1.0,0.0169,0.0,0.0679,0.8782,0.9272,0.7359,,False,
2135,71.159,32,Ben,0.8652,face_mismatch,1.0,0.0312,0.0,0.0664,0.8727,0.9233,0.7337,,False,
2136,71.192,32,Ben,0.8613,,1.0,0.0171,0.0,0.064,0.8739,0.9342,0.7461,,False,
2137,71.226,32,Ben,0.8602,,1.0,0.0,0.0,0.0635,0.8755,0.9271,0.7511,,False,
2138,71.259,32,Ben,0.8580,,1.0,0.0,0.0,0.0526,0.8847,0.9052,0.7406,,False,
2139,71.292,32,Ben,0.8604,,1.0,0.0,0.0035,0.0512,0.8931,0.9029,0.7299,,False,
2140,71.326,32,Ben,0.8622,,1.0,0.0,0.0,0.0302,0.9055,0.8931,0.765,,False,
2141,71.359,32,Ben,0.8675,,1.0,0.0,0.0035,0.0321,0.9126,0.9051,0.7588,,False,
2142,71.392,32,Ben,0.8758,,1.0,0.0,0.0,0.088,0.9283,0.9173,0.7613,,False,
2158,71.926,32,Ben,0.7074,,1.0,0.0104,0.0,0.0233,0.8764,0.9372,0.7831,,False,
2159,71.959,32,Ben,0.8657,,1.0,0.0,0.0,0.02,0.8803,0.9434,0.7841,,False,
2160,71.993,32,Ben,0.8666,,1.0,0.0035,0.0,0.0163,0.8833,0.9429,0.7697,,False,
2161,72.026,32,Ben,0.8656,,1.0,0.0035,0.0,0.0227,0.8822,0.9402,0.7706,,False,
2162,72.059,32,Ben,0.8634,,1.0,0.0,0.0,0.0324,0.8819,0.9315,0.7566,,False,
2163,72.093,32,Ben,0.8644,,1.0,0.0,0.0,0.0385,0.8774,0.9419,0.7817,,False,
2164,72.126,32,Ben,0.8624,,1.0,0.0,0.0,0.0385,0.8725,0.9406,0.7721,,False,
2165,72.159,32,Ben,0.8650,,1.0,0.0,0.0,0.0402,0.8772,0.9448,0.776,,False,
2166,72.193,32,Ben,0.8681,,1.0,0.0,0.0035,0.0458,0.8796,0.9545,0.7872,,False,
2167,72.226,32,Ben,0.8649,,1.0,0.0,0.0,0.0547,0.8849,0.9336,0.7889,,False,
2168,72.259,32,Ben,0.8660,,1.0,0.0,0.0,0.0519,0.8871,0.9351,0.7723,,False,
2169,72.293,32,Ben,0.8639,,1.0,0.0035,0.0104,0.0547,0.8861,0.9277,0.7819,,False,
2170,72.326,32,Ben,0.8636,,1.0,0.0,0.0035,0.053,0.8863,0.9259,0.7779,,False,
2171,72.359,32,Ben,0.8647,,1.0,0.0069,0.0,0.0765,0.8839,0.934,0.7695,,False,
2172,72.393,32,Ben,0.8648,,1.0,0.0,0.0,0.0767,0.8824,0.9365,0.7814,,False,
2173,72.426,32,Ben,0.8629,,1.0,0.0312,0.0,0.0781,0.8766,0.9371,0.7865,,False,
2174,72.459,32,Ben,0.8648,,1.0,0.0122,0.0139,0.0786,0.8822,0.9369,0.7918,,False,
2175,72.493,32,Ben,0.8660,,1.0,0.0,0.0035,0.0853,0.8853,0.9373,0.7869,,False,
2176,72.526,32,Ben,0.8699,,1.0,0.0,0.0035,0.0842,0.8906,0.9461,0.8113,,False,
2177,72.559,32,Ben,0.8698,,1.0,0.0,0.0069,0.0934,0.8953,0.9393,0.8006,,False,
2178,72.593,32,Ben,0.8712,,1.0,0.0,0.0069,0.0848,0.8981,0.9409,0.8059,,False,
2179,72.626,32,Ben,0.8739,,1.0,0.0,0.0,0.0794,0.9058,0.9413,0.8049,,False,
2180,72.66,32,Ben,0.8775,,1.0,0.0,0.0,0.0719,0.9147,0.9436,0.8085,,False,
2181,72.693,32,Ben,0.8764,,1.0,0.0,0.0035,0.0645,0.915,0.9387,0.7906,,False,
2182,72.726,32,Ben,0.8777,,1.0,0.0045,0.0208,0.0536,0.9216,0.9347,0.7833,,False,
2183,72.76,32,Ben,0.8793,,1.0,0.0035,0.0278,0.0525,0.9266,0.9344,0.7751,,False,
2184,72.793,32,Ben,0.8800,,1.0,0.0104,0.0521,0.0446,0.9292,0.9335,0.7711,,False,
2185,72.826,32,Ben,0.8842,,1.0,0.0,0.0625,0.0501,0.9399,0.9359,0.7664,,False,
2186,72.86,32,Ben,0.8842,,1.0,0.0,0.0938,0.0511,0.9404,0.9354,0.764,,False,
2187,72.893,32,Ben,0.8831,,1.0,0.0,0.1076,0.0571,0.9406,0.9306,0.7474,,False,
2188,72.926,32,Ben,0.8785,,1.0,0.0069,0.0972,0.0593,0.9334,0.9216,0.7474,,False,
2189,72.96,32,Ben,0.8781,,1.0,0.0,0.1285,0.0625,0.9292,0.9257,0.7528,,False,
2190,72.993,32,Ben,0.8752,,1.0,0.0,0.1354,0.0539,0.925,0.9196,0.7578,,False,
2191,73.026,32,Ben,0.8760,,1.0,0.0,0.1181,0.0506,0.9245,0.9238,0.7511,,False,
2192,73.06,32,Ben,0.8759,,1.0,0.0,0.1042,0.056,0.9236,0.9246,0.7554,,False,
2193,73.093,32,Ben,0.8735,,1.0,0.0,0.0833,0.0571,0.923,0.9154,0.7495,,False,
2194,73.126,32,Ben,0.8747,,1.0,0.0,0.0799,0.0564,0.9225,0.921,0.7477,,False,
2195,73.16,32,Ben,0.8746,,1.0,0.0,0.0521,0.0543,0.9221,0.921,0.7552,,False,
2196,73.193,32,Ben,0.8737,,1.0,0.0069,0.066,0.0472,0.9201,0.9202,0.7451,,False,
2197,73.226,32,Ben,0.8737,,1.0,0.0,0.0486,0.0436,0.9213,0.9185,0.7428,,False,
2198,73.26,32,Ben,0.8716,,1.0,0.0035,0.059,0.0449,0.9199,0.9118,0.7464,,False,
2199,73.293,32,Ben,0.8710,,1.0,0.0035,0.0556,0.0387,0.9171,0.9132,0.7467,,False,
2200,73.326,32,Ben,0.8696,,1.0,0.0035,0.0521,0.0431,0.913,0.9131,0.7549,,False,
2201,73.36,32,Ben,0.8707,,1.0,0.0,0.0556,0.054,0.9083,0.9246,0.7633,,False,
2202,73.393,32,Ben,0.8695,,1.0,0.0,0.0556,0.0487,0.9058,0.9232,0.7882,,False,
2203,73.426,32,Ben,0.8717,,1.0,0.0035,0.0556,0.0461,0.9063,0.9316,0.7922,,False,
2204,73.46,32,Ben,0.8712,,1.0,0.0,0.0764,0.0456,0.9104,0.9238,0.7938,,False,
2205,73.493,32,Ben,0.8717,,1.0,0.0,0.0868,0.0422,0.9126,0.9225,0.7833,,False,
2206,73.527,32,Ben,0.8734,,1.0,0.0,0.1007,0.0435,0.9132,0.9289,0.7928,,False,
2207,73.56,32,Ben,0.8750,,1.0,0.0,0.0868,0.0367,0.9117,0.9376,0.7999,,False,
2208,73.593,32,Ben,0.8751,,1.0,0.0,0.0833,0.0339,0.9105,0.9397,0.778,,False,
2209,73.627,32,Ben,0.8763,,1.0,0.0,0.0903,0.0344,0.9133,0.9409,0.7831,,False,
2210,73.66,32,Ben,0.8773,,1.0,0.0035,0.0868,0.0383,0.9147,0.9429,0.786,,False,
2211,73.693,32,Ben,0.8768,,1.0,0.0,0.0868,0.0437,0.9187,0.9351,0.7897,,False,
2212,73.727,32,Ben,0.8801,,1.0,0.0104,0.0764,0.057,0.923,0.9428,0.7909,,False,
2213,73.76,32,Ben,0.8852,,1.0,0.0069,0.0347,0.0545,0.9297,0.9547,0.7936,,False,
2214,73.793,32,Ben,0.8825,,1.0,0.0,0.0035,0.0683,0.9253,0.9496,0.7933,,False,
2215,73.827,32,Ben,0.8804,,1.0,0.0174,0.0,0.0621,0.9212,0.9467,0.8062,,False,
2216,73.86,32,Ben,0.8814,,1.0,0.0069,0.0,0.0714,0.9206,0.9515,0.8183,,False,
2217,73.893,32,Ben,0.8814,,1.0,0.0,0.0,0.0749,0.9168,0.9569,0.8243,,False,
2218,73.927,32,Ben,0.8816,,1.0,0.0,0.0,0.0755,0.9177,0.9565,0.8396,,False,
2219,73.96,32,Ben,0.8789,,1.0,0.0,0.0,0.0632,0.908,0.9589,0.8442,,False,
2220,73.993,32,Ben,0.8748,,1.0,0.0,0.0,0.0612,0.8963,0.9587,0.8564,,False,
2221,74.027,32,Ben,0.8779,,1.0,0.0,0.0,0.0729,0.9037,0.9612,0.8489,,False,
2222,74.06,32,Ben,0.8734,,1.0,0.0,0.0,0.0536,0.8947,0.9549,0.8555,,False,
2223,74.093,32,Ben,0.8745,,1.0,0.0,0.0,0.0643,0.8974,0.9556,0.8609,,False,
2224,74.127,32,Ben,0.8763,,1.0,0.0,0.0312,0.0788,0.9028,0.9555,0.8542,,False,
2225,74.16,32,Ben,0.8780,,1.0,0.0,0.0486,0.087,0.9045,0.9602,0.8528,,False,
2226,74.193,32,Ben,0.8791,,1.0,0.0,0.0799,0.102,0.9067,0.9618,0.8525,,False,
2227,74.227,32,Ben,0.8807,,1.0,0.0,0.0486,0.1069,0.9094,0.9647,0.8499,,False,
2228,74.26,32,Ben,0.8808,,1.0,0.0,0.0556,0.1002,0.9099,0.9645,0.8561,,False,
2229,74.293,32,Ben,0.8802,,1.0,0.0,0.0451,0.1066,0.9095,0.9624,0.8563,,False,
2230,74.327,32,Ben,0.8796,,1.0,0.0,0.0556,0.1116,0.9059,0.9651,0.8522,,False,
2231,74.36,32,Ben,0.8791,,1.0,0.0,0.0556,0.1129,0.904,0.9656,0.8623,,False,
2232,74.393,32,Ben,0.8777,,1.0,0.0,0.0312,0.1099,0.9016,0.9633,0.8569,,False,
2233,74.427,32,Ben,0.8760,,1.0,0.0,0.0278,0.1105,0.901,0.9568,0.8726,,False,
2234,74.46,32,Ben,0.8771,,1.0,0.0,0.0312,0.0978,0.9029,0.9589,0.8674,,False,
2235,74.494,32,Ben,0.8769,,1.0,0.0,0.0069,0.1077,0.9034,0.9572,0.8582,,False,
2236,74.527,32,Ben,0.8757,,1.0,0.0,0.0069,0.1136,0.9016,0.9548,0.8496,,False,
2237,74.56,32,Ben,0.8771,,1.0,0.0033,0.0035,0.1288,0.9053,0.9553,0.8392,,False,
2238,74.594,32,Ben,0.8801,,1.0,0.0097,0.0,0.1295,0.9128,0.9573,0.8434,,False,
2239,74.627,32,Ben,0.8814,,1.0,0.0199,0.0,0.1124,0.913,0.9624,0.8523,,False,
2240,74.66,32,Ben,0.8798,,1.0,0.0208,0.0,0.0908,0.9091,0.9614,0.8527,,False,
2241,74.694,32,Ben,0.8807,,1.0,0.0035,0.0,0.0564,0.9096,0.9645,0.8636,,False,
2242,74.727,32,Ben,0.8841,,1.0,0.0069,0.0174,0.0675,0.9152,0.9704,0.869,,False,
2243,74.76,32,Ben,0.8847,,1.0,0.0174,0.0139,0.0649,0.9194,0.9672,0.8666,,False,
2244,74.794,32,Ben,0.8889,,1.0,0.0032,0.0139,0.056,0.9321,0.9664,0.8658,,False,
2245,74.827,32,Ben,0.8853,,1.0,0.0035,0.0035,0.0469,0.9269,0.9591,0.864,,False,
2246,74.86,32,Ben,0.8894,,1.0,0.0097,0.0,0.043,0.9347,0.9652,0.8637,,False,
2247,74.894,32,Ben,0.8834,,1.0,0.0139,0.0035,0.0279,0.9212,0.9591,0.8605,,False,
2248,74.927,32,Ben,0.8872,,1.0,0.0134,0.0243,0.0291,0.9272,0.9664,0.8639,,False,
2249,74.96,32,Ben,0.8856,,1.0,0.0069,0.0451,0.0265,0.9264,0.961,0.8632,,False,
2250,74.994,32,Ben,0.8875,,1.0,0.0208,0.0625,0.0291,0.9328,0.9597,0.8494,,False,
2251,75.027,32,Ben,0.8879,,1.0,0.0307,0.0729,0.0284,0.9346,0.959,0.8498,,False,
2252,75.06,32,Ben,0.8893,,1.0,0.0571,0.0903,0.0364,0.9383,0.9594,0.8486,,False,
2253,75.094,32,Ben,0.8881,,1.0,0.0278,0.0903,0.0322,0.9308,0.9652,0.854,,False,
2254,75.127,32,Ben,0.8894,,1.0,0.0164,0.0868,0.0341,0.9334,0.9667,0.8514,,False,
2255,75.16,32,Ben,0.8889,,1.0,0.0161,0.1146,0.0375,0.9314,0.9678,0.8445,,False,
2256,75.194,32,Ben,0.8862,,1.0,0.0067,0.0764,0.0328,0.9242,0.9666,0.8548,,False,
2257,75.227,32,Ben,0.8812,,1.0,0.0035,0.0521,0.0306,0.9145,0.9594,0.858,,False,
2258,75.26,32,Ben,0.8783,,1.0,0.0,0.0521,0.0333,0.9135,0.9487,0.8447,,False,
2259,75.294,32,Ben,0.8718,,1.0,0.0035,0.0104,0.0298,0.8928,0.9511,0.859,,False,
2260,75.327,32,Ben,0.8718,,1.0,0.0,0.0104,0.0343,0.8932,0.9503,0.8586,,False,
2261,75.36,32,Ben,0.8720,,1.0,0.0,0.0069,0.0358,0.8897,0.9563,0.8576,,False,
2262,75.394,32,Ben,0.8693,,1.0,0.0,0.0174,0.0387,0.8837,0.9535,0.8573,,False,
2263,75.427,32,Ben,0.8679,,1.0,0.0,0.0069,0.0406,0.8766,0.9576,0.8535,,False,
2264,75.461,32,Ben,0.8662,,1.0,0.0,0.0035,0.0399,0.8716,0.9576,0.8427,,False,
2265,75.494,32,Ben,0.8669,,1.0,0.0,0.0035,0.052,0.8738,0.9574,0.8516,,False,
2266,75.527,32,Ben,0.8697,,1.0,0.0,0.0035,0.0485,0.88,0.9603,0.8528,,False,
2267,75.561,32,Ben,0.8701,,1.0,0.0,0.0035,0.0485,0.8798,0.9623,0.8468,,False,
2268,75.594,32,Ben,0.8697,,1.0,0.0,0.0035,0.0485,0.8808,0.9594,0.844,,False,
2269,75.627,32,Ben,0.8722,,1.0,0.0,0.0,0.0492,0.8888,0.9582,0.8462,,False,
2270,75.661,32,Ben,0.8716,,1.0,0.0,0.0,0.0512,0.8892,0.9554,0.8463,,False,
2271,75.694,32,Ben,0.8723,,1.0,0.0,0.0035,0.0478,0.8907,0.956,0.848,,False,
2272,75.727,32,Ben,0.8734,,1.0,0.0,0.0,0.0512,0.895,0.9547,0.8412,,False,
2273,75.761,32,Ben,0.8768,,1.0,0.0,0.0208,0.0505,0.9049,0.9548,0.8428,,False,
2274,75.794,32,Ben,0.8788,,1.0,0.0,0.0208,0.0499,0.9115,0.9537,0.8397,,False,
2275,75.827,32,Ben,0.8779,,1.0,0.0,0.0208,0.0492,0.9088,0.9539,0.8412,,False,
2276,75.861,32,Ben,0.8772,,1.0,0.0,0.0208,0.0452,0.9096,0.9496,0.8336,,False,
2277,75.894,32,Ben,0.8789,,1.0,0.0,0.0382,0.0478,0.9136,0.9512,0.8409,,False,
2278,75.927,32,Ben,0.8793,,1.0,0.0,0.0208,0.054,0.9158,0.9499,0.8422,,False,
2279,75.961,32,Ben,0.8798,,1.0,0.0035,0.0451,0.0553,0.9161,0.9513,0.8397,,False,
2280,75.994,32,Ben,0.8777,,1.0,0.0035,0.0312,0.0677,0.9162,0.9425,0.8373,,False,
2281,76.027,32,Ben,0.8746,,1.0,0.0,0.0208,0.0713,0.9073,0.9422,0.8378,,False,
2282,76.061,32,Ben,0.8718,,1.0,0.0,0.0104,0.0777,0.8988,0.9426,0.8322,,False,
2283,76.094,32,Ben,0.8719,,1.0,0.0,0.0139,0.0756,0.897,0.9457,0.8246,,False,
2284,76.127,32,Ben,0.8703,,1.0,0.0,0.0069,0.0877,0.8918,0.9463,0.8344,,False,
2285,76.161,32,Ben,0.8707,,1.0,0.0,0.0139,0.0763,0.8946,0.9439,0.8367,,False,
2286,76.194,32,Ben,0.8717,,1.0,0.0,0.0069,0.0727,0.8937,0.9493,0.8385,,False,
2287,76.227,32,Ben,0.8693,,1.0,0.0,0.0069,0.0683,0.8862,0.9499,0.835,,False,
2288,76.261,32,Ben,0.8693,,1.0,0.0,0.0069,0.0628,0.886,0.9502,0.8395,,False,
2289,76.294,32,Ben,0.8690,,1.0,0.0,0.0069,0.0601,0.8865,0.9485,0.8369,,False,
2290,76.328,32,Ben,0.8671,,1.0,0.0,0.0035,0.0492,0.8832,0.9449,0.835,,False,
2291,76.361,32,Ben,0.8676,,1.0,0.0,0.0104,0.056,0.8834,0.947,0.8367,,False,
2292,76.394,32,Ben,0.8714,,1.0,0.0,0.0035,0.0601,0.8867,0.958,0.8473,,False,
2293,76.428,32,Ben,0.8712,,1.0,0.0,0.0035,0.0628,0.887,0.9567,0.8475,,False,
2294,76.461,32,Ben,0.8725,,1.0,0.0,0.0,0.057,0.8885,0.96,0.8549,,False,
2295,76.494,32,Ben,0.8761,,1.0,0.0035,0.0069,0.0551,0.8982,0.9613,0.8571,,False,
2296,76.528,32,Ben,0.8785,,1.0,0.0035,0.0174,0.0529,0.9046,0.9623,0.8636,,False,
2297,76.561,32,Ben,0.8811,,1.0,0.0069,0.0278,0.0604,0.913,0.9611,0.8626,,False,
2298,76.594,32,Ben,0.8839,,1.0,0.0069,0.0347,0.0529,0.9193,0.9639,0.866,,False,
2299,76.628,32,Ben,0.8857,,1.0,0.0,0.059,0.0537,0.9247,0.9636,0.8696,,False,
2300,76.661,32,Ben,0.8919,,1.0,0.0,0.0868,0.0505,0.9435,0.9628,0.8586,,False,
2301,76.694,32,Ben,0.8923,,1.0,0.0,0.0833,0.0464,0.9451,0.9623,0.8542,,False,
2302,76.728,32,Ben,0.8919,,1.0,0.0136,0.1215,0.0525,0.9458,0.9598,0.8446,,False,
2303,76.761,32,Ben,0.8915,,1.0,0.0156,0.1146,0.0574,0.9431,0.962,0.8391,,False,
2304,76.794,32,Ben,0.8925,,1.0,0.0224,0.1181,0.0528,0.9388,0.972,0.846,,False,
2305,76.828,32,Ben,0.8918,,1.0,0.0331,0.1146,0.0522,0.9364,0.9725,0.8474,,False,
2306,76.861,32,Ben,0.8877,,1.0,0.0275,0.1042,0.0451,0.933,0.9604,0.8299,,False,
2307,76.894,32,Ben,0.8860,,1.0,0.0229,0.1042,0.0504,0.9315,0.9554,0.8238,,False,
2308,76.928,32,Ben,0.8867,,1.0,0.0199,0.1076,0.0401,0.9303,0.9599,0.8256,,False,
2309,76.961,32,Ben,0.8862,,1.0,0.0161,0.0972,0.041,0.9291,0.9596,0.8252,,False,
2310,76.994,32,Ben,0.8862,,1.0,0.0092,0.0972,0.0429,0.9289,0.96,0.8295,,False,
2311,77.028,32,Ben,0.8873,,1.0,0.0174,0.0903,0.0333,0.9341,0.9572,0.8298,,False,
2312,77.061,32,Ben,0.8890,,1.0,0.003,0.1076,0.0367,0.9388,0.9575,0.8311,,False,
2313,77.094,32,Ben,0.8910,,1.0,0.0035,0.0764,0.0306,0.9418,0.9615,0.8416,,False,
2314,77.128,32,Ben,0.8913,,1.0,0.0032,0.0868,0.034,0.9434,0.9607,0.8402,,False,
2315,77.161,32,Ben,0.8918,,1.0,0.0,0.0868,0.0389,0.9455,0.9598,0.8459,,False,
2316,77.194,32,Ben,0.8907,,1.0,0.0,0.066,0.0295,0.943,0.9588,0.8451,,False,
2317,77.228,32,Ben,0.8889,,1.0,0.0,0.0451,0.0356,0.9449,0.9484,0.8291,,False,
2318,77.261,32,Ben,0.8865,,1.0,0.0035,0.0347,0.0333,0.9398,0.9457,0.8303,,False,
2319,77.295,32,Ben,0.8858,,1.0,0.0104,0.0417,0.035,0.9345,0.9502,0.8371,,False,
2320,77.328,32,Ben,0.8828,,1.0,0.0,0.0243,0.0358,0.9206,0.9573,0.8479,,False,
2321,77.361,32,Ben,0.8810,,1.0,0.0,0.0208,0.0365,0.9161,0.9565,0.8503,,False,
2322,77.395,32,Ben,0.8782,,1.0,0.0,0.0069,0.0447,0.91,0.9532,0.8465,,False,
2323,77.428,32,Ben,0.8773,,1.0,0.0,0.0,0.0477,0.907,0.9539,0.8498,,False,
2324,77.461,32,Ben,0.8786,,1.0,0.0,0.0,0.0447,0.9082,0.9574,0.8553,,False,
2325,77.495,32,Ben,0.8780,,1.0,0.0,0.0104,0.0551,0.9064,0.9576,0.8594,,False,
2326,77.528,32,Ben,0.8775,,1.0,0.0,0.0069,0.044,0.9034,0.9598,0.8586,,False,
2327,77.561,32,Ben,0.8771,,1.0,0.0,0.0208,0.0499,0.9034,0.9583,0.8547,,False,
2328,77.595,32,Ben,0.8769,,1.0,0.0,0.0243,0.0551,0.9021,0.9591,0.853,,False,
2329,77.628,32,Ben,0.8773,,1.0,0.0,0.0174,0.0589,0.9031,0.9595,0.8586,,False,
2330,77.661,32,Ben,0.8780,,1.0,0.0,0.0278,0.0589,0.9034,0.9618,0.8619,,False,
2331,77.695,32,Ben,0.8773,,1.0,0.0,0.0243,0.0566,0.9034,0.9589,0.8564,,False,
2332,77.728,32,Ben,0.8786,,1.0,0.0,0.0208,0.0581,0.9064,0.9602,0.8591,,False,
2333,77.761,32,Ben,0.8820,,1.0,0.0104,0.0278,0.0574,0.9154,0.9615,0.8586,,False,
2334,77.795,32,Ben,0.8810,,1.0,0.0035,0.0312,0.0584,0.9126,0.9615,0.8627,,False,
2335,77.828,32,Ben,0.8847,,1.0,0.0069,0.0451,0.0533,0.9197,0.9665,0.8625,,False,
2336,77.861,32,Ben,0.8853,,1.0,0.0,0.0521,0.0505,0.921,0.9672,0.8626,,False,
2337,77.895,32,Ben,0.8855,,1.0,0.0,0.0417,0.0478,0.9218,0.967,0.8617,,False,
2338,77.928,32,Ben,0.8866,,1.0,0.0,0.0451,0.0551,0.9295,0.9606,0.8472,,False,
2339,77.961,32,Ben,0.8878,,1.0,0.0,0.0486,0.0577,0.9319,0.9624,0.8404,,False,
2340,77.995,32,Ben,0.8885,,1.0,0.0,0.0521,0.0623,0.9336,0.9628,0.8429,,False,
2341,78.028,32,Ben,0.8882,,1.0,0.0,0.0521,0.0669,0.9332,0.9623,0.8388,,False,
2342,78.061,32,Ben,0.8876,,1.0,0.0,0.0486,0.0695,0.9313,0.9622,0.8417,,False,
2343,78.095,32,Ben,0.8858,,1.0,0.0,0.0486,0.0669,0.9267,0.9613,0.8404,,False,
2344,78.128,32,Ben,0.8876,,1.0,0.0035,0.0347,0.0682,0.9327,0.9602,0.8386,,False,
2345,78.162,32,Ben,0.8855,,1.0,0.0,0.0417,0.0704,0.9266,0.9604,0.8425,,False,
2346,78.195,32,Ben,0.8858,,1.0,0.0035,0.0278,0.069,0.9261,0.9622,0.8437,,False,
2347,78.228,32,Ben,0.8860,,1.0,0.0035,0.0278,0.0704,0.9272,0.9616,0.8466,,False,
2348,78.262,32,Ben,0.8848,,1.0,0.0,0.0278,0.0691,0.9241,0.961,0.8593,,False,
2349,78.295,32,Ben,0.8860,,1.0,0.0,0.0208,0.0691,0.9246,0.965,0.8609,,False,
2350,78.328,32,Ben,0.8858,,1.0,0.0174,0.0243,0.067,0.9248,0.9642,0.8573,,False,
2351,78.362,32,Ben,0.8834,,1.0,0.0139,0.0139,0.0649,0.9146,0.9685,0.8603,,False,
2352,78.395,32,Ben,0.8845,,1.0,0.0139,0.0139,0.0677,0.9148,0.9727,0.8655,,False,
2353,78.428,32,Ben,0.8809,,1.0,0.0,0.0104,0.0706,0.9092,0.9656,0.8575,,False,
2354,78.462,32,Ben,0.8808,,1.0,0.0,0.0104,0.0713,0.9085,0.9661,0.8582,,False,
2355,78.495,32,Ben,0.8799,,1.0,0.0035,0.0104,0.0699,0.9051,0.9674,0.8602,,False,
2356,78.528,32,Ben,0.8810,,1.0,0.0035,0.0104,0.0699,0.9082,0.9674,0.8601,,False,
2357,78.562,32,Ben,0.8824,,1.0,0.0069,0.0104,0.0641,0.9125,0.9671,0.862,,False,
2358,78.595,32,Ben,0.8825,,1.0,0.0174,0.0139,0.0656,0.9124,0.9677,0.8615,,False,
2359,78.628,32,Ben,0.8839,,1.0,0.0139,0.0139,0.0677,0.9166,0.9679,0.8599,,False,
2360,78.662,32,Ben,0.8867,,1.0,0.0174,0.0208,0.0641,0.9251,0.9674,0.8585,,False,
2361,78.695,32,Ben,0.8867,,1.0,0.0312,0.0243,0.0663,0.9257,0.9666,0.8597,,False,
2362,78.728,32,Ben,0.8871,,1.0,0.0243,0.0278,0.0663,0.9268,0.9668,0.8597,,False,
2363,78.762,32,Ben,0.8880,,1.0,0.0208,0.0243,0.0592,0.9275,0.9694,0.8623,,False,
2364,78.795,32,Ben,0.8873,,1.0,0.0035,0.0278,0.0656,0.9283,0.9655,0.8532,,False,
2365,78.828,32,Ben,0.8874,,1.0,0.0208,0.0347,0.067,0.9278,0.9665,0.8523,,False,
2366,78.862,32,Ben,0.8894,,1.0,0.0139,0.0347,0.069,0.9347,0.9649,0.8556,,False,
2367,78.895,32,Ben,0.8900,,1.0,0.0104,0.0347,0.0724,0.9346,0.9678,0.8526,,False,
2368,78.928,32,Ben,0.8899,,1.0,0.0104,0.0521,0.0697,0.9348,0.9668,0.8511,,False,
2369,78.962,32,Ben,0.8901,,1.0,0.0139,0.0486,0.0676,0.9351,0.9675,0.8516,,False,
2370,78.995,32,Ben,0.8903,,1.0,0.0,0.059,0.0615,0.9344,0.9693,0.8499,,False,
2371,79.028,32,Ben,0.8908,,1.0,0.0035,0.059,0.0622,0.9345,0.9713,0.8525,,False,
2372,79.062,32,Ben,0.8905,,1.0,0.0035,0.0556,0.056,0.9336,0.9713,0.8521,,False,
2373,79.095,32,Ben,0.8906,,1.0,0.0,0.059,0.0642,0.9344,0.9704,0.8503,,False,
2374,79.129,32,Ben,0.8905,,1.0,0.0,0.0486,0.069,0.9343,0.9701,0.8492,,False,
2375,79.162,32,Ben,0.8904,,1.0,0.0,0.0486,0.0649,0.9348,0.9692,0.8507,,False,
2376,79.195,32,Ben,0.8901,,1.0,0.0,0.0486,0.0615,0.9346,0.9682,0.8505,,False,
2377,79.229,32,Ben,0.8902,,1.0,0.0069,0.0278,0.0601,0.9348,0.9681,0.8535,,False,
2378,79.262,32,Ben,0.8896,,1.0,0.0035,0.0312,0.0635,0.934,0.9667,0.8524,,False,
2379,79.295,32,Ben,0.8895,,1.0,0.0,0.0278,0.0642,0.9344,0.9658,0.8513,,False,
2380,79.329,32,Ben,0.8910,,1.0,0.0104,0.0278,0.0635,0.9368,0.9686,0.853,,False,
2381,79.362,32,Ben,0.8908,,1.0,0.0,0.0243,0.0622,0.9366,0.9683,0.8531,,False,
2382,79.395,32,Ben,0.8911,,1.0,0.0069,0.0243,0.0628,0.9361,0.9703,0.8562,,False,
2383,79.429,32,Ben,0.8913,,1.0,0.0,0.0243,0.0676,0.936,0.9711,0.8577,,False,
2384,79.462,32,Ben,0.8913,,1.0,0.0174,0.0278,0.0656,0.9365,0.9704,0.8615,,False,
2385,79.495,32,Ben,0.8917,,1.0,0.0035,0.0312,0.0683,0.9372,0.9709,0.8641,,False,
2386,79.529,32,Ben,0.8889,,1.0,0.0069,0.0243,0.0699,0.9303,0.9692,0.8599,,False,
2387,79.562,32,Ben,0.8887,,1.0,0.0104,0.0243,0.0691,0.9287,0.9705,0.8633,,False,
2388,79.595,32,Ben,0.8877,,1.0,0.0104,0.0278,0.0677,0.9261,0.9701,0.8636,,False,
2389,79.629,32,Ben,0.8869,,1.0,0.0104,0.0312,0.0677,0.9246,0.9688,0.8586,,False,
2390,79.662,32,Ben,0.8879,,1.0,0.0069,0.0312,0.0684,0.9255,0.9716,0.8596,,False,
2391,79.695,32,Ben,0.8910,,1.0,0.0069,0.0312,0.0667,0.9336,0.9731,0.8631,,False,
2392,79.729,32,Ben,0.8898,,1.0,0.0069,0.0278,0.066,0.93,0.9733,0.8632,,False,
2393,79.762,32,Ben,0.8859,,1.0,0.0069,0.0278,0.079,0.9204,0.9705,0.8614,,False,
2394,79.795,32,Ben,0.8846,,1.0,0.0069,0.0278,0.0732,0.9162,0.9714,0.8629,,False,
2395,79.829,32,Ben,0.8835,,1.0,0.0069,0.0347,0.071,0.9128,0.9715,0.8626,,False,
2396,79.862,32,Ben,0.8861,,1.0,0.0104,0.0347,0.0708,0.9195,0.9726,0.8621,,False,
2397,79.895,32,Ben,0.8816,,1.0,0.0035,0.0278,0.071,0.909,0.9691,0.8604,,False,
2398,79.929,32,Ben,0.8813,,1.0,0.0035,0.0312,0.0754,0.9085,0.9685,0.8587,,False,
2399,79.962,32,Ben,0.8832,,1.0,0.0035,0.0208,0.0715,0.913,0.9699,0.8604,,False,
2400,79.996,32,Ben,0.8824,,1.0,0.0069,0.0278,0.0597,0.9098,0.9712,0.862,,False,
2401,80.029,32,Ben,0.8778,,1.0,0.0243,0.0069,0.0528,0.9045,0.9594,0.8642,,False,
2402,80.062,32,Ben,0.8771,,1.0,0.0243,0.0104,0.0473,0.9021,0.9599,0.8673,,False,
2403,80.096,32,Ben,0.8767,,1.0,0.0278,0.0035,0.0535,0.8967,0.9658,0.8687,,False,
2404,80.129,32,Ben,0.8769,,1.0,0.0278,0.0312,0.0527,0.897,0.9662,0.8699,,False,
2405,80.162,32,Ben,0.8764,,1.0,0.0278,0.0347,0.0449,0.896,0.9655,0.8701,,False,
2406,80.196,32,Ben,0.8758,,1.0,0.0208,0.0104,0.047,0.8934,0.967,0.8703,,False,
2407,80.229,32,Ben,0.8787,,1.0,0.0174,0.0208,0.0478,0.9006,0.9687,0.869,,False,
2408,80.262,32,Ben,0.8788,,1.0,0.0174,0.0243,0.043,0.8994,0.9709,0.8736,,False,
2409,80.296,32,Ben,0.8791,,1.0,0.0139,0.0347,0.0471,0.9018,0.9688,0.87,,False,
2410,80.329,32,Ben,0.8778,,1.0,0.0139,0.0278,0.0485,0.8971,0.9699,0.8676,,False,
2411,80.362,32,Ben,0.8760,,1.0,0.0243,0.0139,0.041,0.8942,0.9664,0.8686,,False,
2412,80.396,32,Ben,0.8753,,1.0,0.0069,0.0347,0.0457,0.8937,0.9643,0.8721,,False,
2413,80.429,32,Ben,0.8745,,1.0,0.0104,0.0347,0.0335,0.8916,0.9639,0.8592,,False,
2414,80.462,32,Ben,0.8753,,1.0,0.0069,0.0417,0.0424,0.8947,0.9631,0.859,,False,
2415,80.496,32,Ben,0.8755,,1.0,0.0139,0.0382,0.0396,0.891,0.9692,0.871,,False,
2416,80.529,32,Ben,0.8755,,1.0,0.0174,0.0382,0.0447,0.895,0.9635,0.8608,,False,
2417,80.562,32,Ben,0.8732,,1.0,0.0069,0.0208,0.0434,0.8862,0.9663,0.8603,,False,
2418,80.596,32,Ben,0.8713,,1.0,0.0069,0.0208,0.0454,0.8886,0.9547,0.8415,,False,
2419,80.629,32,Ben,0.8690,,1.0,0.0278,0.0104,0.0481,0.8853,0.9499,0.8379,,False,
2420,80.662,32,Ben,0.8677,,1.0,0.0067,0.0278,0.0494,0.8896,0.9383,0.8278,,False,
2421,80.696,32,Ben,0.8665,,1.0,0.0067,0.0347,0.048,0.8861,0.9384,0.816,,False,
2422,80.729,32,Ben,0.8675,,1.0,0.0168,0.0486,0.0487,0.8876,0.9404,0.8248,,False,
2423,80.762,32,Ben,0.8672,,1.0,0.0203,0.0486,0.0558,0.8871,0.9401,0.8182,,False,
2424,80.796,32,Ben,0.8677,,1.0,0.0168,0.0556,0.0586,0.8921,0.935,0.8216,,False,
2425,80.829,32,Ben,0.8721,,1.0,0.0273,0.0486,0.0658,0.9,0.942,0.8227,,False,
2426,80.862,32,Ben,0.8712,,1.0,0.0238,0.059,0.0586,0.8981,0.9409,0.82,,False,
2427,80.896,32,Ben,0.8724,,1.0,0.0208,0.0382,0.0678,0.9002,0.9431,0.8219,,False,
2428,80.929,32,Ben,0.8741,,1.0,0.0208,0.0451,0.0678,0.9065,0.9414,0.8216,,False,
2429,80.963,32,Ben,0.8766,,1.0,0.0208,0.0312,0.0671,0.9136,0.9416,0.8235,,False,
2430,80.996,32,Ben,0.8748,,1.0,0.0139,0.0069,0.0636,0.9115,0.937,0.8153,,False,
2431,81.029,32,Ben,0.8780,,1.0,0.0278,0.0,0.0643,0.9139,0.947,0.8222,,False,
2432,81.063,32,Ben,0.8798,,1.0,0.0243,0.0,0.0643,0.9152,0.9526,0.8233,,False,
2433,81.096,32,Ben,0.8781,,1.0,0.0278,0.0,0.0637,0.9151,0.9457,0.829,,False,
2434,81.129,32,Ben,0.8811,,1.0,0.0139,0.0035,0.0671,0.9192,0.9524,0.8245,,False,
2435,81.163,32,Ben,0.8812,,1.0,0.0174,0.0,0.0664,0.9226,0.9481,0.82,,False,
2436,81.196,32,Ben,0.8814,,1.0,0.0174,0.0,0.0563,0.9216,0.9503,0.8182,,False,
2437,81.229,32,Ben,0.8818,,1.0,0.0174,0.0,0.0617,0.9264,0.945,0.8102,,False,
2438,81.263,32,Ben,0.8876,,1.0,0.0174,0.0035,0.0551,0.9293,0.9651,0.8135,,False,
2439,81.296,32,Ben,0.8832,,1.0,0.0139,0.0104,0.0529,0.9315,0.9437,0.8084,,False,
2440,81.329,32,Ben,0.8840,,1.0,0.0139,0.0035,0.0516,0.9352,0.942,0.8107,,False,
2441,81.363,32,Ben,0.8881,,1.0,0.0104,0.0035,0.0542,0.941,0.9507,0.7988,,False,
2442,81.396,32,Ben,0.8961,,1.0,0.0139,0.0104,0.0576,0.9497,0.9715,0.815,,False,
2443,81.429,32,Ben,0.8963,,1.0,0.0139,0.0,0.0547,0.9532,0.9674,0.8037,,False,
2444,81.463,32,Ben,0.8950,,1.0,0.0104,0.0174,0.0667,0.9541,0.9607,0.7992,,False,
2445,81.496,32,Ben,0.8957,,1.0,0.0171,0.0174,0.0699,0.9535,0.9646,0.8019,,False,
2446,81.529,32,Ben,0.8960,,1.0,0.0206,0.0104,0.0686,0.952,0.9681,0.8169,,False,
2447,81.563,32,Ben,0.8947,,1.0,0.0136,0.0347,0.0685,0.9503,0.9649,0.8207,,False,
2448,81.596,32,Ben,0.8950,,1.0,0.0136,0.0312,0.0642,0.9483,0.9692,0.8333,,False,
2449,81.629,32,Ben,0.8937,,1.0,0.0208,0.0347,0.0589,0.9473,0.9649,0.827,,False,
2450,81.663,32,Ben,0.8917,,1.0,0.0104,0.0312,0.0714,0.9416,0.9649,0.8127,,False,
2451,81.696,32,Ben,0.8906,,1.0,0.0137,0.0278,0.0632,0.9404,0.9618,0.8144,,False,
2452,81.729,32,Ben,0.8864,,1.0,0.0102,0.0312,0.0615,0.9349,0.9523,0.8086,,False,
2453,81.763,32,Ben,0.8861,,1.0,0.0171,0.0278,0.0638,0.9318,0.9553,0.8391,,False,
2454,81.796,32,Ben,0.8848,,1.0,0.0069,0.0486,0.0673,0.9325,0.9489,0.8382,,False,
2455,81.829,32,Ben,0.8850,,1.0,0.0035,0.0451,0.0732,0.9286,0.9552,0.8478,,False,
2456,81.863,32,Ben,0.8840,,1.0,0.0035,0.0729,0.0732,0.9257,0.9551,0.8501,,False,
2457,81.896,32,Ben,0.8820,,1.0,0.0035,0.0694,0.0741,0.9188,0.9566,0.8649,,False,
2458,81.93,32,Ben,0.8791,,1.0,0.0,0.0729,0.0746,0.9178,0.946,0.8649,,False,
2459,81.963,32,Ben,0.8808,,1.0,0.003,0.0868,0.0738,0.9212,0.9484,0.864,,False,
2460,81.996,32,Ben,0.8766,,1.0,0.0094,0.0903,0.083,0.9162,0.938,0.8583,,False,
2461,82.03,32,Ben,0.8750,,1.0,0.0094,0.0799,0.0856,0.9127,0.9361,0.8583,,False,
2462,82.063,32,Ben,0.8761,,1.0,0.0094,0.0903,0.084,0.9131,0.9403,0.8578,,False,
2463,82.096,32,Ben,0.8775,,1.0,0.0028,0.0972,0.0862,0.9191,0.9377,0.8401,,False,
2464,82.13,32,Ben,0.8781,,1.0,0.0033,0.0868,0.0846,0.9197,0.939,0.8413,,False,
2465,82.163,32,Ben,0.8794,,1.0,0.0,0.0868,0.082,0.9216,0.9421,0.8394,,False,
2466,82.196,32,Ben,0.8778,,1.0,0.0,0.0938,0.0861,0.92,0.9375,0.8373,,False,
2467,82.23,32,Ben,0.8806,,1.0,0.0,0.0938,0.085,0.9249,0.9423,0.8403,,False,
2468,82.263,32,Ben,0.8814,,1.0,0.0035,0.0903,0.0845,0.9179,0.9553,0.8494,,False,
2469,82.296,32,Ben,0.8815,,1.0,0.0067,0.0764,0.0878,0.9177,0.9563,0.8537,,False,
2470,82.33,32,Ben,0.8831,,1.0,0.0098,0.0764,0.0841,0.9254,0.9521,0.8616,,False,
2471,82.363,32,Ben,0.8839,,1.0,0.0065,0.0486,0.0922,0.9249,0.956,0.8628,,False,
2472,82.396,32,Ben,0.8836,,1.0,0.0029,0.0312,0.0922,0.9212,0.9599,0.8487,,False,
2473,82.43,32,Ben,0.8860,,1.0,0.0029,0.0278,0.0804,0.9254,0.9641,0.8561,,False,
2474,82.463,32,Ben,0.8868,,1.0,0.0027,0.0278,0.0799,0.9272,0.9647,0.8642,,False,
2475,82.496,32,Ben,0.8908,,1.0,0.0,0.0278,0.0876,0.9299,0.9778,0.8675,,False,
2476,82.53,32,Ben,0.8930,,1.0,0.0,0.0035,0.0743,0.9372,0.9765,0.865,,False,
2477,82.563,32,Ben,0.8918,,1.0,0.0,0.0035,0.0749,0.9359,0.9732,0.8569,,False,
2478,82.596,32,Ben,0.8936,,1.0,0.0,0.0312,0.0855,0.9443,0.969,0.8695,,False,
2479,82.63,32,Ben,0.8932,,1.0,0.0,0.0243,0.0837,0.9452,0.9661,0.8745,,False,
2480,82.663,32,Ben,0.8929,,1.0,0.0,0.0208,0.0792,0.9474,0.9617,0.8813,,False,
2481,82.696,32,Ben,0.8941,,1.0,0.0,0.0382,0.0673,0.9518,0.9602,0.8839,,False,
2482,82.73,32,Ben,0.8934,,1.0,0.0,0.0104,0.0526,0.9543,0.954,0.8658,,False,
2483,82.763,32,Ben,0.8912,,1.0,0.0,0.0069,0.0487,0.9555,0.9431,0.8727,,False,
2484,82.797,32,Ben,0.8951,,1.0,0.0,0.0139,0.0481,0.9561,0.9585,0.8736,,False,
2485,82.83,32,Ben,0.8945,,1.0,0.0,0.0278,0.0468,0.9549,0.9575,0.8668,,False,
2486,82.863,32,Ben,0.8943,,1.0,0.0,0.0208,0.0429,0.9507,0.9626,0.8735,,False,
2487,82.897,32,Ben,0.8944,,1.0,0.0,0.0243,0.034,0.9475,0.9676,0.8635,,False,
2488,82.93,32,Ben,0.8936,,1.0,0.0,0.0,0.031,0.9435,0.9702,0.8693,,False,
2489,82.963,32,Ben,0.8910,,1.0,0.0,0.0035,0.0327,0.9367,0.9687,0.8606,,False,
2490,82.997,32,Ben,0.8895,,1.0,0.0,0.0312,0.0315,0.9335,0.967,0.8689,,False,
2491,83.03,32,Ben,0.8908,,1.0,0.0,0.0347,0.0363,0.9311,0.9759,0.879,,False,
2492,83.063,32,Ben,0.8902,,1.0,0.0,0.0347,0.0333,0.927,0.9791,0.8693,,False,
2493,83.097,32,Ben,0.8877,,1.0,0.0,0.0069,0.0429,0.9223,0.9753,0.8704,,False,
2494,83.13,32,Ben,0.8855,,1.0,0.0,0.0,0.0413,0.9179,0.9726,0.872,,False,
2495,83.163,32,Ben,0.8851,,1.0,0.0,0.0069,0.0453,0.9223,0.9645,0.8604,,False,
2496,83.197,32,Ben,0.8851,,1.0,0.0,0.0139,0.0424,0.9206,0.967,0.8607,,False,
2497,83.23,32,Ben,0.8824,,1.0,0.0,0.0139,0.0403,0.9163,0.9621,0.8562,,False,
2498,83.263,32,Ben,0.8811,,1.0,0.0,0.0069,0.0444,0.9117,0.9631,0.8441,,False,
2499,83.297,32,Ben,0.8812,,1.0,0.0,0.0069,0.0487,0.9123,0.9624,0.837,,False,
2500,83.33,32,Ben,0.8797,,1.0,0.0,0.0,0.058,0.9099,0.9599,0.8319,,False,
2501,83.363,32,Ben,0.8797,,1.0,0.0,0.0069,0.0603,0.9114,0.9576,0.822,,False,
2502,83.397,32,Ben,0.8793,,1.0,0.0,0.0069,0.059,0.9105,0.9573,0.8181,,False,
2503,83.43,32,Ben,0.8793,,1.0,0.0,0.0035,0.0631,0.9101,0.9576,0.8168,,False,
2504,83.463,32,Ben,0.8789,,1.0,0.0,0.0035,0.0576,0.9087,0.9579,0.8185,,False,
2505,83.497,32,Ben,0.8793,,1.0,0.0,0.0139,0.0537,0.9076,0.9612,0.8267,,False,
2506,83.53,32,Ben,0.8806,,1.0,0.0,0.0104,0.05,0.9066,0.9681,0.8517,,False,
2507,83.563,32,Ben,0.8820,,1.0,0.0,0.0,0.0527,0.911,0.9679,0.8542,,False,
2508,83.597,32,Ben,0.8832,,1.0,0.0,0.0208,0.0465,0.9098,0.9744,0.8584,,False,
2509,83.63,32,Ben,0.8807,,1.0,0.0,0.0382,0.0453,0.9067,0.9684,0.862,,False,
2510,83.663,32,Ben,0.8845,,1.0,0.0,0.0139,0.0507,0.9134,0.9749,0.8592,,False,
2511,83.697,32,Ben,0.8834,,1.0,0.0,0.0035,0.0513,0.9101,0.975,0.8613,,False,
2512,83.73,32,Ben,0.8836,,1.0,0.0,0.0069,0.0567,0.9111,0.9741,0.8635,,False,
2513,83.764,32,Ben,0.8846,,1.0,0.0,0.0069,0.0427,0.9136,0.9748,0.8652,,False,
2514,83.797,32,Ben,0.8813,,1.0,0.0,0.0069,0.0347,0.9057,0.9724,0.8729,,False,
2515,83.83,32,Ben,0.8838,,1.0,0.0,0.0035,0.04,0.9126,0.973,0.8642,,False,
2516,83.864,32,Ben,0.8850,,1.0,0.0,0.0486,0.0413,0.917,0.9717,0.8663,,False,
2517,83.897,32,Ben,0.8879,,1.0,0.0,0.0764,0.0417,0.925,0.9723,0.8623,,False,
2518,83.93,32,Ben,0.8881,,1.0,0.034,0.0799,0.0424,0.9262,0.9715,0.863,,False,
2519,83.964,32,Ben,0.8855,,1.0,0.0243,0.0868,0.0361,0.918,0.9725,0.8637,,False,
2520,83.997,32,Ben,0.8943,,1.0,0.0476,0.0486,0.052,0.9475,0.9673,0.8671,,False,
2521,84.03,32,Ben,0.8861,,1.0,0.0312,0.0,0.0327,0.9143,0.9801,0.8726,,False,
2522,84.064,32,Ben,0.8911,,1.0,0.0278,0.0208,0.0519,0.9273,0.9827,0.8585,,False,
2523,84.097,32,Ben,0.8859,,1.0,0.0243,0.0278,0.0533,0.9128,0.9816,0.8675,,False,
2524,84.13,32,Ben,0.8805,,1.0,0.0,0.0035,0.0727,0.904,0.9715,0.8708,,False,
2525,84.164,32,Ben,0.8816,,1.0,0.0,0.0,0.0736,0.9044,0.9756,0.8687,,False,
2526,84.197,32,Ben,0.8817,,1.0,0.0,0.0,0.0778,0.9074,0.9715,0.8682,,False,
2527,84.23,32,Ben,0.8831,,1.0,0.0,0.0,0.1007,0.9074,0.9774,0.8641,,False,
2528,84.264,32,Ben,0.8827,,1.0,0.0,0.0,0.1033,0.9084,0.9742,0.8703,,False,
2529,84.297,32,Ben,0.8853,,1.0,0.0,0.0,0.1109,0.9151,0.9759,0.8646,,False,
2530,84.33,32,Ben,0.8852,,1.0,0.0,0.0,0.1186,0.9148,0.9757,0.8696,,False,
2531,84.364,32,Ben,0.8828,,1.0,0.0,0.0,0.1167,0.9099,0.9727,0.8686,,False,
2532,84.397,32,Ben,0.8839,,1.0,0.0,0.0,0.1167,0.9095,0.9776,0.8666,,False,
2533,84.43,32,Ben,0.8810,,1.0,0.0,0.0,0.1173,0.9043,0.9729,0.8747,,False,
2534,84.464,32,Ben,0.8803,,1.0,0.0,0.0,0.1141,0.9055,0.9684,0.8749,,False,
2535,84.497,32,Ben,0.8782,,1.0,0.0,0.0,0.1111,0.9019,0.9649,0.8666,,False,
2536,84.53,32,Ben,0.8791,,1.0,0.0,0.0,0.1111,0.9028,0.9673,0.8698,,False,
2537,84.564,32,Ben,0.8777,,1.0,0.0,0.0,0.1111,0.9035,0.9605,0.8719,,False,
2538,84.597,32,Ben,0.8781,,1.0,0.0,0.0,0.1037,0.9033,0.9622,0.8723,,False,
2539,84.631,32,Ben,0.8748,,1.0,0.0,0.0,0.1019,0.9001,0.9532,0.8698,,False,
2540,84.664,32,Ben,0.8775,,1.0,0.0,0.0,0.1,0.9045,0.9584,0.8752,,False,
2541,84.697,32,Ben,0.8771,,1.0,0.0,0.0035,0.1031,0.9036,0.9579,0.8744,,False,
2542,84.731,32,Ben,0.8773,,1.0,0.0,0.0,0.1012,0.9007,0.9628,0.8747,,False,
2543,84.764,32,Ben,0.8717,,1.0,0.0,0.0,0.1026,0.8943,0.9485,0.8773,,False,
2544,84.797,32,Ben,0.8556,,1.0,0.0,0.0,0.1285,0.8823,0.8986,0.8467,,False,
2551,85.031,32,Ben,0.8745,,1.0,0.0,0.0,0.1,0.8908,0.965,0.8541,,False,
2552,85.064,32,Ben,0.8742,,1.0,0.0,0.0035,0.1006,0.8928,0.9609,0.8546,,False,
2553,85.097,32,Ben,0.8764,,1.0,0.0,0.0,0.0984,0.897,0.9642,0.8601,,False,
2554,85.131,32,Ben,0.8766,,1.0,0.0,0.0,0.0966,0.8982,0.9632,0.8611,,False,
2555,85.164,32,Ben,0.8768,,1.0,0.0,0.0104,0.0943,0.9001,0.9616,0.863,,False,
2556,85.197,32,Ben,0.8773,,1.0,0.0,0.0035,0.0913,0.9024,0.9603,0.8634,,False,
2557,85.231,32,Ben,0.8778,,1.0,0.0,0.0,0.0929,0.9047,0.9592,0.8816,,False,
2558,85.264,32,Ben,0.8782,,1.0,0.0,0.0035,0.088,0.9066,0.9582,0.8817,,False,
2559,85.297,32,Ben,0.8887,,1.0,0.0,0.0243,0.1101,0.9363,0.9599,0.869,,False,
2560,85.331,32,Ben,0.8899,,1.0,0.0,0.0694,0.1014,0.9389,0.961,0.864,,False,
2561,85.364,32,Ben,0.8850,,1.0,0.0091,0.0139,0.0735,0.9292,0.9543,0.8832,,False,
2562,85.397,32,Ben,0.8875,,1.0,0.0186,0.0208,0.0786,0.9356,0.9557,0.8881,,False,
2563,85.431,32,Ben,0.8906,,1.0,0.0222,0.1007,0.0767,0.946,0.954,0.889,,False,
2564,85.464,32,Ben,0.8864,,1.0,0.0263,0.0938,0.0851,0.9371,0.9491,0.8992,,False,
2565,85.497,32,Ben,0.8917,face_mismatch,1.0,0.0097,0.1076,0.0731,0.9345,0.9562,0.8956,,False,
2566,85.531,32,Ben,0.8898,face_mismatch,1.0,0.0032,0.1181,0.0801,0.9296,0.959,0.8887,,False,
2567,85.564,32,Ben,0.8895,,1.0,0.0065,0.0694,0.0856,0.9311,0.9706,0.8765,,False,
2568,85.598,32,Ben,0.8852,,1.0,0.0032,0.0417,0.0719,0.9246,0.962,0.8906,,False,
2569,85.631,32,Ben,0.8853,,1.0,0.0,0.0417,0.0783,0.9221,0.9658,0.8901,,False,
2570,85.664,32,Ben,0.8849,,1.0,0.0,0.0174,0.0889,0.9203,0.9668,0.8816,,False,
2571,85.698,32,Ben,0.8830,,1.0,0.0,0.0278,0.0839,0.918,0.9621,0.8655,,False,
2572,85.731,32,Ben,0.8829,,1.0,0.0,0.0208,0.0852,0.9179,0.9616,0.8621,,False,
2573,85.764,32,Ben,0.8828,,1.0,0.0,0.0312,0.0786,0.9192,0.9596,0.8595,,False,
2574,85.798,32,Ben,0.8855,,1.0,0.0,0.0104,0.0622,0.9296,0.956,0.8526,,False,
2575,85.831,32,Ben,0.8845,,1.0,0.0,0.0069,0.0608,0.9292,0.9525,0.8595,,False,
2576,85.864,32,Ben,0.8859,,1.0,0.0,0.0035,0.0551,0.9309,0.956,0.8588,,False,
2577,85.898,32,Ben,0.8901,,1.0,0.0,0.0139,0.0396,0.9325,0.9712,0.8691,,False,
2578,85.931,32,Ben,0.8888,,1.0,0.0,0.0208,0.041,0.9277,0.9723,0.8845,,False,
2579,85.964,32,Ben,0.8897,,1.0,0.0312,0.0208,0.0426,0.9299,0.973,0.8817,,False,
2580,85.998,32,Ben,0.8877,,1.0,0.0104,0.0139,0.0321,0.9256,0.9708,0.8841,,False,
2581,86.031,32,Ben,0.8874,,1.0,0.0451,0.0382,0.0372,0.9267,0.968,0.8714,,False,
2582,86.064,32,Ben,0.8852,,1.0,0.0486,0.0312,0.0328,0.9235,0.9634,0.8751,,False,
2583,86.098,32,Ben,0.8862,,1.0,0.0382,0.0243,0.0472,0.9313,0.9566,0.8694,,False,
2584,86.131,32,Ben,0.8855,,1.0,0.0556,0.0174,0.0467,0.932,0.9527,0.8576,,False,
2585,86.164,32,Ben,0.8880,,1.0,0.0556,0.0139,0.0511,0.9386,0.9535,0.8555,,False,
2586,86.198,32,Ben,0.8866,,1.0,0.0521,0.0139,0.0492,0.9379,0.9488,0.8481,,False,
2587,86.231,32,Ben,0.8887,,1.0,0.0486,0.0139,0.0467,0.9409,0.9534,0.853,,False,
2588,86.264,32,Ben,0.8865,,1.0,0.0727,0.0347,0.0498,0.9396,0.9458,0.8634,,False,
2589,86.298,32,Ben,0.8849,,1.0,0.0687,0.0139,0.0333,0.9323,0.9498,0.8684,,False,
2591,86.364,32,Ben,0.7635,,1.0,0.0678,0.0,0.02,0.9353,0.9361,0.8556,,False,
2592,86.398,32,Ben,0.8842,,1.0,0.045,0.0,0.019,0.934,0.9444,0.8551,,False,
2593,86.431,32,Ben,0.8814,,1.0,0.0212,0.0035,0.0363,0.9249,0.9455,0.8475,,False,
2594,86.465,32,Ben,0.8826,,1.0,0.0461,0.0,0.0419,0.9296,0.9439,0.8274,,False,
2595,86.498,32,Ben,0.8855,,1.0,0.0439,0.0,0.0528,0.9327,0.9515,0.8373,,False,
2596,86.531,32,Ben,0.8815,,1.0,0.0102,0.0069,0.0794,0.9216,0.9506,0.8435,,False,
2597,86.565,32,Ben,0.8811,,1.0,0.0031,0.0243,0.1077,0.9224,0.948,0.837,,False,
2598,86.598,32,Ben,0.8856,,1.0,0.0105,0.0139,0.1232,0.9345,0.9493,0.8421,,False,
2599,86.631,32,Ben,0.8826,,1.0,0.0,0.0139,0.1351,0.9279,0.9464,0.8366,,False,
2600,86.665,32,Ben,0.8850,,1.0,0.0,0.0139,0.1253,0.9303,0.953,0.833,,False,
2601,86.698,32,Ben,0.8842,,1.0,0.0,0.0069,0.1306,0.9266,0.9549,0.8343,,False,
2602,86.731,32,Ben,0.8852,,1.0,0.0,0.0139,0.121,0.9254,0.9605,0.8468,,False,
2603,86.765,32,Ben,0.8828,,1.0,0.0,0.0104,0.125,0.9221,0.9555,0.8355,,False,
2604,86.798,32,Ben,0.8837,,1.0,0.0,0.0,0.1274,0.9269,0.9523,0.8485,,False,
2605,86.831,32,Ben,0.8840,,1.0,0.0,0.0208,0.1399,0.9248,0.9565,0.8412,,False,
2606,86.865,32,Ben,0.8840,,1.0,0.0,0.0104,0.1224,0.9217,0.9609,0.8388,,False,
2607,86.898,32,Ben,0.8807,,1.0,0.0,0.0104,0.11,0.9162,0.9551,0.8341,,False,
2608,86.931,32,Ben,0.8788,,1.0,0.0,0.0139,0.1074,0.9097,0.9563,0.8274,,False,
2609,86.965,32,Ben,0.8809,,1.0,0.0,0.0,0.1098,0.9097,0.965,0.8446,,False,
2610,86.998,32,Ben,0.8776,,1.0,0.0,0.0,0.0952,0.9035,0.9601,0.8422,,False,
2611,87.031,32,Ben,0.8788,,1.0,0.0,0.0,0.0962,0.9047,0.9634,0.8488,,False,
2612,87.065,32,Ben,0.8806,,1.0,0.0,0.0,0.0978,0.9089,0.9649,0.8528,,False,
2613,87.098,32,Ben,0.8798,,1.0,0.0,0.0,0.1011,0.9079,0.9629,0.8516,,False,
2614,87.131,32,Ben,0.8817,,1.0,0.0,0.0,0.1153,0.9087,0.9699,0.8628,,False,
2615,87.165,32,Ben,0.8830,,1.0,0.0,0.0,0.1084,0.9093,0.9743,0.8592,,False,
2616,87.198,32,Ben,0.8815,,1.0,0.0,0.0,0.1126,0.9082,0.9695,0.8591,,False,
2617,87.231,32,Ben,0.8832,,1.0,0.0,0.0,0.1197,0.9099,0.9745,0.865,,False,
2618,87.265,32,Ben,0.8819,,1.0,0.0,0.0,0.1116,0.907,0.9731,0.8621,,False,
2619,87.298,32,Ben,0.8821,,1.0,0.0,0.0,0.1148,0.9076,0.973,0.8634,,False,
2620,87.331,32,Ben,0.8816,,1.0,0.0,0.0,0.1211,0.908,0.9705,0.8585,,False,
2621,87.365,32,Ben,0.8803,,1.0,0.0,0.0,0.1117,0.9037,0.9711,0.8558,,False,
2622,87.398,32,Ben,0.8804,,1.0,0.0,0.0,0.1117,0.9014,0.9746,0.8577,,False,
2623,87.432,32,Ben,0.8788,,1.0,0.0,0.0035,0.1112,0.898,0.9728,0.8538,,False,
2624,87.465,32,Ben,0.8771,,1.0,0.0,0.0035,0.1132,0.8942,0.9713,0.853,,False,
2625,87.498,32,Ben,0.8782,,1.0,0.0,0.0069,0.123,0.8964,0.9726,0.8496,,False,
2626,87.532,32,Ben,0.8776,,1.0,0.0,0.0104,0.1204,0.8955,0.9713,0.8498,,False,
2627,87.565,32,Ben,0.8784,,1.0,0.0,0.0104,0.1306,0.8951,0.9754,0.8507,,False,
2628,87.598,32,Ben,0.8781,,1.0,0.0,0.0139,0.125,0.895,0.9742,0.8544,,False,
2629,87.632,32,Ben,0.8786,,1.0,0.0,0.0208,0.1219,0.8979,0.9721,0.8534,,False,
2630,87.665,32,Ben,0.8792,,1.0,0.0,0.0208,0.1265,0.8997,0.9721,0.8462,,False,
2631,87.698,32,Ben,0.8808,,1.0,0.0,0.0347,0.1259,0.9022,0.9753,0.8522,,False,
2632,87.732,32,Ben,0.8810,,1.0,0.0,0.0347,0.1295,0.9023,0.976,0.8612,,False,
2633,87.765,32,Ben,0.8832,,1.0,0.0,0.0347,0.1255,0.9065,0.979,0.8613,,False,
2634,87.798,32,Ben,0.8851,,1.0,0.0,0.0347,0.1183,0.9118,0.9796,0.8677,,False,
2635,87.832,32,Ben,0.8855,,1.0,0.0,0.0278,0.12,0.9125,0.9804,0.8672,,False,
2636,87.865,32,Ben,0.8871,,1.0,0.0,0.0208,0.117,0.9172,0.9804,0.8702,,False,
2637,87.898,32,Ben,0.8867,,1.0,0.0,0.0208,0.1204,0.9166,0.9795,0.8712,,False,
2638,87.932,32,Ben,0.8872,,1.0,0.0,0.0347,0.1261,0.9179,0.9798,0.8667,,False,
2639,87.965,32,Ben,0.8894,,1.0,0.0,0.0139,0.1259,0.923,0.9815,0.8629,,False,
2640,87.998,32,Ben,0.8894,,1.0,0.0,0.0278,0.1288,0.9231,0.9813,0.8655,,False,
2641,88.032,32,Ben,0.8874,,1.0,0.0,0.0069,0.1265,0.9228,0.9737,0.8618,,False,
2642,88.065,32,Ben,0.8869,,1.0,0.0,0.0139,0.1187,0.9178,0.9784,0.8577,,False,
2643,88.098,32,Ben,0.8866,,1.0,0.0,0.0139,0.1153,0.9171,0.9784,0.8573,,False,
2644,88.132,32,Ben,0.8874,,1.0,0.0,0.0069,0.1159,0.9197,0.9778,0.8562,,False,
2645,88.165,32,Ben,0.8848,,1.0,0.0,0.0,0.123,0.9142,0.9749,0.8544,,False,
2646,88.198,32,Ben,0.8848,,1.0,0.0,0.0,0.1165,0.9148,0.974,0.8534,,False,
2647,88.232,32,Ben,0.8846,,1.0,0.0,0.0,0.1189,0.9155,0.9723,0.8551,,False,
2648,88.265,32,Ben,0.8840,,1.0,0.0,0.0,0.1221,0.9134,0.9726,0.8521,,False,
2649,88.298,32,Ben,0.8809,,1.0,0.0,0.0069,0.1388,0.9077,0.968,0.8448,,False,
2650,88.332,32,Ben,0.8809,,1.0,0.0,0.0,0.1412,0.906,0.9703,0.8432,,False,
2651,88.365,32,Ben,0.8824,,1.0,0.0,0.0,0.137,0.9095,0.9717,0.8397,,False,
2652,88.399,32,Ben,0.8811,,1.0,0.0,0.0,0.1347,0.9076,0.969,0.8383,,False,
2653,88.432,32,Ben,0.8822,,1.0,0.0,0.0208,0.1255,0.9111,0.9683,0.8389,,False,
2654,88.465,32,Ben,0.8849,,1.0,0.0,0.0312,0.1163,0.9157,0.9732,0.8444,,False,
2655,88.499,32,Ben,0.8847,,1.0,0.0,0.0486,0.104,0.9168,0.9707,0.8412,,False,
2656,88.532,32,Ben,0.8842,,1.0,0.0,0.0278,0.0963,0.9165,0.9692,0.8364,,False,
2657,88.565,32,Ben,0.8871,,1.0,0.0,0.0069,0.0779,0.9242,0.9704,0.8413,,False,
2658,88.599,32,Ben,0.8901,,1.0,0.0,0.0035,0.0762,0.9314,0.9724,0.8475,,False,
2659,88.632,32,Ben,0.8914,,1.0,0.0206,0.0069,0.0509,0.9314,0.9781,0.8562,,False,
2660,88.665,32,Ben,0.8912,,1.0,0.066,0.0104,0.0334,0.9301,0.9789,0.8561,,False,
2661,88.699,32,Ben,0.8942,,1.0,0.0729,0.0174,0.0233,0.9374,0.9813,0.8543,,False,
2662,88.732,32,Ben,0.8918,,1.0,0.0382,0.0,0.0289,0.9311,0.9802,0.8514,,False,
2663,88.765,32,Ben,0.8939,,1.0,0.0069,0.0035,0.0308,0.9378,0.9794,0.853,,False,
2664,88.799,32,Ben,0.8945,,1.0,0.0,0.0035,0.0355,0.9402,0.9785,0.8465,,False,
2665,88.832,32,Ben,0.8871,,1.0,0.0,0.0069,0.0335,0.9182,0.9787,0.8521,,False,
2666,88.865,32,Ben,0.8754,,1.0,0.0,0.0035,0.0452,0.8831,0.9796,0.8502,,False,
2667,88.899,32,Ben,0.8734,,1.0,0.0,0.0035,0.0459,0.8791,0.9772,0.8531,,False,
2668,88.932,32,Ben,0.8730,,1.0,0.0,0.0,0.0466,0.8773,0.978,0.8491,,False,
2669,88.965,32,Ben,0.8733,,1.0,0.0,0.0069,0.046,0.8781,0.9783,0.8434,,False,
2670,88.999,32,Ben,0.8795,,1.0,0.0,0.0,0.0468,0.8952,0.9796,0.8385,,False,
2671,89.032,32,Ben,0.8752,,1.0,0.0,0.0,0.0435,0.8846,0.9769,0.8348,,False,
2672,89.065,32,Ben,0.8857,,1.0,0.0,0.0035,0.046,0.9149,0.9778,0.8413,,False,
2673,89.099,32,Ben,0.8759,,1.0,0.0,0.0069,0.0513,0.8877,0.9754,0.835,,False,
2674,89.132,32,Ben,0.8806,,1.0,0.0,0.0069,0.0547,0.9016,0.9751,0.841,,False,
2675,89.165,32,Ben,0.8850,,1.0,0.0,0.0139,0.0576,0.9153,0.974,0.839,,False,
2676,89.199,32,Ben,0.8934,,1.0,0.0,0.0035,0.0611,0.9396,0.9748,0.8424,,False,
2677,89.232,32,Ben,0.8919,,1.0,0.0,0.0069,0.0687,0.933,0.978,0.8562,,False,
2678,89.266,32,Ben,0.8910,,1.0,0.0069,0.0,0.0687,0.9301,0.9781,0.8511,,False,
2679,89.299,32,Ben,0.8901,,1.0,0.059,0.0035,0.0693,0.9282,0.9772,0.8509,,False,
2680,89.332,32,Ben,0.8912,,1.0,0.0347,0.0,0.0699,0.931,0.9776,0.8456,,False,
2681,89.366,32,Ben,0.8920,,1.0,0.0417,0.0174,0.0636,0.9314,0.9805,0.8453,,False,
2682,89.399,32,Ben,0.8890,,1.0,0.0727,0.0382,0.0722,0.925,0.977,0.8406,,False,
2683,89.432,32,Ben,0.8910,,1.0,0.0586,0.0451,0.0695,0.9301,0.9781,0.8375,,False,
2684,89.466,32,Ben,0.8886,,1.0,0.0583,0.0486,0.0678,0.922,0.9796,0.8418,,False,
2685,89.499,32,Ben,0.8888,,1.0,0.0785,0.0347,0.0666,0.9238,0.978,0.8429,,False,
2687,89.566,32,Ben,0.7658,,1.0,0.0717,0.0347,0.0484,0.9242,0.9765,0.8423,,False,
2688,89.599,32,Ben,0.8879,,1.0,0.0722,0.0208,0.0549,0.9236,0.9745,0.8356,,False,
2690,89.666,32,Ben,0.7591,,1.0,0.0694,0.0069,0.0528,0.9094,0.9767,0.8491,,False,
2691,89.699,32,Ben,0.8854,,1.0,0.0412,0.0104,0.0535,0.9125,0.9796,0.852,,False,
2692,89.732,32,Ben,0.8843,,1.0,0.0134,0.0,0.0658,0.9092,0.9798,0.8534,,False,
2693,89.766,32,Ben,0.8858,,1.0,0.0102,0.0069,0.0652,0.9131,0.9806,0.8549,,False,
2694,89.799,32,Ben,0.8858,,1.0,0.0,0.0,0.075,0.9132,0.9804,0.8526,,False,
2695,89.832,32,Ben,0.8830,,1.0,0.0,0.0104,0.076,0.9086,0.9754,0.8556,,False,
2696,89.866,32,Ben,0.8788,,1.0,0.0,0.0208,0.076,0.8966,0.975,0.8585,,False,
2697,89.899,32,Ben,0.8774,,1.0,0.0,0.0208,0.0772,0.8909,0.9772,0.8607,,False,
2698,89.932,32,Ben,0.8759,,1.0,0.0,0.0174,0.0952,0.8897,0.9727,0.8605,,False,
2699,89.966,32,Ben,0.8728,,1.0,0.0,0.0347,0.0945,0.8789,0.9749,0.855,,False,
2700,89.999,32,Ben,0.8692,,1.0,0.0,0.0417,0.0939,0.8696,0.9732,0.8544,,False,
2701,90.032,32,Ben,0.8802,,1.0,0.0,0.0382,0.0999,0.9103,0.9613,0.8521,,False,
2702,90.066,32,Ben,0.8822,,1.0,0.0,0.0486,0.0956,0.9134,0.965,0.8498,,False,
2703,90.099,32,Ben,0.8812,,1.0,0.0,0.0347,0.1004,0.9132,0.9613,0.8482,,False,
2704,90.132,32,Ben,0.8818,,1.0,0.0,0.0382,0.086,0.9151,0.9613,0.8504,,False,
2705,90.166,32,Ben,0.8821,,1.0,0.0,0.0451,0.0772,0.9164,0.9605,0.8507,,False,
2706,90.199,32,Ben,0.8827,,1.0,0.0,0.0417,0.0691,0.9191,0.959,0.85,,False,
2707,90.233,32,Ben,0.8837,,1.0,0.0,0.0729,0.066,0.9238,0.9568,0.8539,,False,
2708,90.266,32,Ben,0.8834,,1.0,0.0347,0.0729,0.0763,0.9219,0.9583,0.8535,,False,
2709,90.299,32,Ben,0.8826,,1.0,0.0243,0.0694,0.0744,0.9212,0.956,0.8531,,False,
2710,90.333,32,Ben,0.8863,,1.0,0.0444,0.0625,0.0774,0.932,0.9559,0.862,,False,
2711,90.366,32,Ben,0.8887,,1.0,0.0472,0.0556,0.0685,0.9343,0.9625,0.8664,,False,
2712,90.399,32,Ben,0.8906,,1.0,0.0743,0.0556,0.0661,0.94,0.9627,0.8666,,False,
2714,90.466,32,Ben,0.7677,,1.0,0.078,0.0417,0.0494,0.9363,0.9635,0.8574,,False,
2715,90.499,32,Ben,0.8903,,1.0,0.0757,0.0417,0.0476,0.9366,0.9661,0.8615,,False,
2716,90.533,32,Ben,0.8871,,1.0,0.0451,0.0625,0.0385,0.9245,0.9699,0.8574,,False,
2717,90.566,32,Ben,0.8880,,1.0,0.0451,0.059,0.0404,0.9266,0.9706,0.8554,,False,
2718,90.599,32,Ben,0.8814,,1.0,0.0625,0.0521,0.0333,0.9095,0.9675,0.855,,False,
2719,90.633,32,Ben,0.8843,,1.0,0.0486,0.0521,0.032,0.918,0.9676,0.8608,,False,
2720,90.666,32,Ben,0.8863,,1.0,0.0521,0.0347,0.0353,0.9198,0.9731,0.8609,,False,
2721,90.699,32,Ben,0.8860,,1.0,0.059,0.0174,0.0376,0.9161,0.9772,0.868,,False,
2722,90.733,32,Ben,0.8882,,1.0,0.059,0.0174,0.0367,0.9245,0.9746,0.868,,False,
2723,90.766,32,Ben,0.8886,,1.0,0.0104,0.0069,0.0446,0.9263,0.9737,0.8697,,False,
2724,90.799,32,Ben,0.8885,,1.0,0.0,0.0,0.0564,0.925,0.9748,0.8683,,False,
2725,90.833,32,Ben,0.8887,,1.0,0.0,0.0035,0.0518,0.9253,0.9753,0.8689,,False,
2726,90.866,32,Ben,0.8880,,1.0,0.0,0.0,0.0542,0.9223,0.9769,0.8636,,False,
2727,90.899,32,Ben,0.8876,,1.0,0.0,0.0104,0.054,0.9197,0.9787,0.8667,,False,
2728,90.933,32,Ben,0.8877,,1.0,0.0,0.0,0.0492,0.9199,0.9787,0.8692,,False,
2729,90.966,32,Ben,0.8886,,1.0,0.0,0.0,0.057,0.9222,0.9795,0.8686,,False,
2730,90.999,32,Ben,0.8844,,1.0,0.0,0.0035,0.0574,0.9107,0.9782,0.8687,,False,
2731,91.033,32,Ben,0.8857,,1.0,0.0,0.0,0.0597,0.916,0.9759,0.8752,,False,
2732,91.066,32,Ben,0.8865,,1.0,0.0,0.0,0.0649,0.9156,0.9798,0.8699,,False,
2733,91.1,32,Ben,0.8848,,1.0,0.0,0.0,0.0615,0.9115,0.9789,0.8736,,False,
2734,91.133,32,Ben,0.8927,,1.0,0.0,0.0035,0.0757,0.9351,0.9781,0.87,,False,
2735,91.166,32,Ben,0.8902,,1.0,0.0,0.0035,0.07,0.9271,0.9792,0.8718,,False,
2736,91.2,32,Ben,0.8929,,1.0,0.0,0.0,0.0615,0.9348,0.9794,0.8745,,False,
2737,91.233,32,Ben,0.8904,,1.0,0.0,0.0,0.0628,0.9291,0.977,0.868,,False,
2738,91.266,32,Ben,0.8911,,1.0,0.0,0.0,0.0622,0.9301,0.9784,0.8759,,False,
2739,91.3,32,Ben,0.8917,,1.0,0.0,0.0,0.0622,0.931,0.9797,0.8754,,False,
2740,91.333,32,Ben,0.8907,,1.0,0.0,0.0,0.0567,0.9293,0.9781,0.8695,,False,
2741,91.366,32,Ben,0.8917,,1.0,0.0139,0.0069,0.0485,0.9336,0.976,0.871,,False,
2742,91.4,32,Ben,0.8928,,1.0,0.0278,0.0,0.0505,0.9352,0.9783,0.8684,,False,
2743,91.433,32,Ben,0.8956,,1.0,0.0414,0.0,0.0546,0.9427,0.9797,0.8672,,False,
2744,91.466,32,Ben,0.8934,,1.0,0.0417,0.0069,0.0551,0.9368,0.9785,0.8696,,False,
2745,91.5,32,Ben,0.8942,,1.0,0.0451,0.0069,0.0557,0.9385,0.9797,0.8759,,False,
2746,91.533,32,Ben,0.8942,,1.0,0.0451,0.0069,0.0544,0.9387,0.9792,0.8746,,False,
2747,91.566,32,Ben,0.8963,,1.0,0.0451,0.0069,0.0485,0.945,0.979,0.8752,,False,
2748,91.6,32,Ben,0.8950,,1.0,0.0764,0.0104,0.0526,0.9431,0.9766,0.8699,,False,
2749,91.633,32,Ben,0.8925,,1.0,0.0451,0.0069,0.0511,0.9355,0.9768,0.8747,,False,
2750,91.666,32,Ben,0.8937,,1.0,0.0729,0.0069,0.0546,0.9393,0.9764,0.8755,,False,
2751,91.7,32,Ben,0.8933,,1.0,0.0729,0.0104,0.0423,0.9381,0.9765,0.8726,,False,
2752,91.733,32,Ben,0.8930,,1.0,0.0729,0.0104,0.0383,0.9366,0.9773,0.8763,,False,
2753,91.766,32,Ben,0.8955,,1.0,0.0417,0.0104,0.0393,0.9415,0.9807,0.8732,,False,
2754,91.8,32,Ben,0.8939,,1.0,0.0417,0.0139,0.0374,0.9402,0.976,0.8652,,False,
2755,91.833,32,Ben,0.8961,,1.0,0.0382,0.0069,0.0361,0.9463,0.9765,0.8609,,False,
2756,91.866,32,Ben,0.8947,,1.0,0.0382,0.0069,0.0319,0.945,0.9725,0.8489,,False,
2757,91.9,32,Ben,0.8948,,1.0,0.0417,0.0035,0.0354,0.9441,0.9743,0.8564,,False,
2758,91.933,32,Ben,0.8947,,1.0,0.0694,0.0069,0.034,0.9428,0.9756,0.8598,,False,
2759,91.966,32,Ben,0.8953,,1.0,0.0694,0.0069,0.0292,0.9429,0.9781,0.8566,,False,
2760,92.0,32,Ben,0.8925,,1.0,0.0312,0.0069,0.0283,0.9353,0.9771,0.8456,,False,
2761,92.033,32,Ben,0.8951,,1.0,0.0451,0.0069,0.0285,0.9454,0.9737,0.8457,,False,
2762,92.067,32,Ben,0.8947,,1.0,0.0657,0.0069,0.0306,0.9443,0.9734,0.8576,,False,
2763,92.1,32,Ben,0.9001,,1.0,0.0719,0.0104,0.0439,0.9566,0.9786,0.848,,False,
2764,92.133,32,Ben,0.9007,,1.0,0.062,0.0278,0.0505,0.9578,0.9793,0.8546,,False,
2765,92.167,32,Ben,0.9028,,1.0,0.0518,0.0486,0.0467,0.965,0.978,0.8543,,False,
2766,92.2,32,Ben,0.9043,,1.0,0.0796,0.0278,0.0513,0.9676,0.9806,0.8471,,False,
2767,92.233,32,Ben,0.9032,,1.0,0.0783,0.0486,0.0567,0.965,0.9797,0.8526,,False,
2768,92.267,32,Ben,0.9033,,1.0,0.0717,0.0486,0.058,0.9669,0.9773,0.8499,,False,
2769,92.3,32,Ben,0.9024,,1.0,0.061,0.0521,0.0549,0.9663,0.9746,0.845,,False,
2770,92.333,32,Ben,0.9031,,1.0,0.0571,0.0486,0.0611,0.9662,0.9774,0.8496,,False,
2771,92.367,32,Ben,0.9006,,1.0,0.0599,0.0417,0.0667,0.9615,0.9739,0.847,,False,
2772,92.4,32,Ben,0.9010,,1.0,0.0705,0.0278,0.0574,0.9612,0.976,0.8535,,False,
2773,92.433,32,Ben,0.9002,,1.0,0.0402,0.0278,0.0623,0.9587,0.9759,0.8546,,False,
2774,92.467,32,Ben,0.8998,,1.0,0.0541,0.0069,0.0623,0.9565,0.9774,0.8536,,False,
2775,92.5,32,Ben,0.8990,,1.0,0.0162,0.0278,0.0648,0.9533,0.9788,0.8579,,False,
2776,92.533,32,Ben,0.8985,,1.0,0.0201,0.0347,0.0735,0.9517,0.9788,0.8638,,False,
2777,92.567,32,Ben,0.8985,,1.0,0.0236,0.0139,0.0862,0.9514,0.9791,0.8604,,False,
2778,92.6,32,Ben,0.8972,,1.0,0.0136,0.0347,0.0769,0.9488,0.9774,0.855,,False,
2779,92.633,32,Ben,0.8982,,1.0,0.0164,0.0347,0.0765,0.9522,0.9769,0.8644,,False,
2780,92.667,32,Ben,0.8983,,1.0,0.0196,0.0069,0.0675,0.9534,0.9754,0.8725,,False,
2781,92.7,32,Ben,0.8987,,1.0,0.0514,0.0069,0.0704,0.9545,0.9758,0.8702,,False,
2782,92.733,32,Ben,0.8991,,1.0,0.0516,0.0069,0.0807,0.9571,0.9736,0.878,,False,
2783,92.767,32,Ben,0.8996,,1.0,0.0486,0.0069,0.0846,0.958,0.9743,0.8728,,False,
2784,92.8,32,Ben,0.9000,,1.0,0.0347,0.0139,0.0853,0.9584,0.9757,0.8732,,False,
2785,92.833,32,Ben,0.8977,,1.0,0.059,0.0104,0.0784,0.9593,0.9646,0.8729,,False,
2786,92.867,32,Ben,0.8927,,1.0,0.0625,0.0104,0.0846,0.949,0.9585,0.8614,,False,
2787,92.9,32,Ben,0.8917,,1.0,0.0694,0.0,0.0503,0.9471,0.9569,0.8775,,False,
2788,92.934,32,Ben,0.8947,,1.0,0.0764,0.0035,0.049,0.9537,0.9603,0.8818,,False,
2789,92.967,32,Ben,0.8963,,1.0,0.0729,0.0069,0.051,0.9535,0.9672,0.872,,False,
2791,93.034,32,Ben,0.7754,,1.0,0.0729,0.0139,0.0654,0.9425,0.9786,0.8748,,False,
2792,93.067,32,Ben,0.8944,,1.0,0.0625,0.0139,0.0622,0.941,0.977,0.8644,,False,
2793,93.1,32,Ben,0.8935,,1.0,0.0451,0.0035,0.0519,0.9369,0.9791,0.8645,,False,
2794,93.134,32,Ben,0.8932,,1.0,0.0417,0.0,0.0551,0.9323,0.9844,0.8682,,False,
2795,93.167,32,Ben,0.8920,,1.0,0.0347,0.0139,0.0571,0.9313,0.9807,0.864,,False,
2796,93.2,32,Ben,0.8911,,1.0,0.0278,0.0139,0.059,0.9304,0.978,0.8598,,False,
2797,93.234,32,Ben,0.8904,,1.0,0.0521,0.0104,0.059,0.9289,0.9773,0.8582,,False,
2798,93.267,32,Ben,0.8896,,1.0,0.0521,0.0139,0.0558,0.926,0.9781,0.8605,,False,
2799,93.3,32,Ben,0.8899,,1.0,0.0486,0.0104,0.0603,0.9261,0.9793,0.8609,,False,
2800,93.334,32,Ben,0.8897,,1.0,0.0625,0.0069,0.0558,0.9255,0.9791,0.8575,,False,
2801,93.367,32,Ben,0.8894,,1.0,0.0625,0.0069,0.0571,0.9253,0.9785,0.8641,,False,
2802,93.4,32,Ben,0.7456,,0.0,0.0556,0.0035,0.0517,0.9142,0.9781,0.8721,,False,
2803,93.434,32,Ben,0.8839,,1.0,0.0347,0.0,0.0436,0.9076,0.9806,0.8789,,False,
2804,93.467,32,Ben,0.8820,,1.0,0.0382,0.0,0.0449,0.9016,0.9809,0.889,,False,
2805,93.5,32,Ben,0.8801,,1.0,0.066,0.0104,0.0463,0.8981,0.978,0.8887,,False,
2806,93.534,32,Ben,0.8762,,1.0,0.0521,0.0069,0.0525,0.8874,0.9772,0.8909,,False,
2807,93.567,32,Ben,0.8727,,1.0,0.066,0.0208,0.0265,0.8769,0.9774,0.8846,,False,
2811,93.7,32,Ben,0.7504,,1.0,0.0486,0.0069,0.0406,0.8838,0.9654,0.8699,,False,
2812,93.734,32,Ben,0.8714,,1.0,0.0291,0.0,0.0514,0.8833,0.9628,0.8608,,False,
2813,93.767,32,Ben,0.8731,,1.0,0.0029,0.0,0.0563,0.8885,0.9625,0.8428,,False,
2814,93.8,32,Ben,0.8753,,1.0,0.0097,0.0,0.0726,0.8919,0.9667,0.8414,,False,
2815,93.834,32,Ben,0.8756,,1.0,0.0,0.0,0.0828,0.8929,0.9667,0.8539,,False,
2816,93.867,32,Ben,0.7367,,0.0,0.0,0.0208,0.0852,0.9104,0.9464,0.8816,,False,
2817,93.901,32,Ben,0.8743,,1.0,0.0,0.0347,0.1021,0.9143,0.931,0.8896,,False,
2818,93.934,32,Ben,0.8742,,1.0,0.0,0.0521,0.1153,0.9127,0.9328,0.8921,,False,
2819,93.967,32,Ben,0.8777,,1.0,0.0035,0.0625,0.1217,0.9261,0.9286,0.882,,False,
2820,94.001,32,Ben,0.8811,,1.0,0.0,0.1458,0.1108,0.9288,0.9387,0.8724,,False,
2821,94.034,32,Ben,0.8850,,1.0,0.0,0.1146,0.1207,0.9319,0.9505,0.8582,,False,
2822,94.067,32,Ben,0.8873,,1.0,0.0,0.0486,0.1304,0.9339,0.9574,0.8365,,False,
2823,94.101,32,Ben,0.8839,,1.0,0.0,0.0382,0.1301,0.9374,0.9381,0.8162,,False,
2824,94.134,32,Ben,0.8807,,1.0,0.0,0.0347,0.1053,0.9324,0.9322,0.8676,,False,
2825,94.167,32,Ben,0.8829,,1.0,0.0,0.0,0.0756,0.9424,0.9272,0.8792,,False,
2826,94.201,32,Ben,0.8812,,1.0,0.0,0.0,0.0439,0.9379,0.9264,0.8671,,False,
2827,94.234,32,Ben,0.8767,,1.0,0.0144,0.0,0.0417,0.933,0.9144,0.8493,,False,
2828,94.267,32,Ben,0.8764,,1.0,0.0216,0.0,0.0415,0.9301,0.9175,0.8233,,False,
2829,94.301,32,Ben,0.8772,,1.0,0.0,0.0,0.0335,0.9332,0.9164,0.8145,,False,
2830,94.334,32,Ben,0.8852,,1.0,0.0,0.0,0.0353,0.9377,0.9434,0.8321,,False,
2832,94.401,32,Ben,0.7763,,1.0,0.0,0.0153,0.0598,0.9381,0.9294,0.8093,,False,
2833,94.434,32,Ben,0.8866,,1.0,0.0,0.0026,0.0874,0.9447,0.9393,0.8093,,False,
2834,94.467,32,Ben,0.8833,,1.0,0.0,0.0,0.1012,0.9374,0.9356,0.8142,,False,
2835,94.501,32,Ben,0.8826,,1.0,0.0,0.0,0.0763,0.9406,0.9282,0.7952,,False,
2836,94.534,32,Ben,0.8803,,1.0,0.0,0.0,0.0732,0.9346,0.9272,0.7968,,False,
2837,94.567,32,Ben,0.8799,,1.0,0.0,0.0104,0.0665,0.9242,0.9403,0.8069,,False,
2838,94.601,32,Ben,0.8830,,1.0,0.0,0.0312,0.0709,0.928,0.948,0.7775,,False,
2839,94.634,32,Ben,0.8901,,1.0,0.0,0.0451,0.0738,0.9494,0.9471,0.7612,,False,
2842,94.734,32,Ben,0.8048,,1.0,0.0,0.0208,0.067,0.9273,0.9814,0.7845,,False,
2843,94.767,32,Ben,0.8981,,1.0,0.0,0.0139,0.0447,0.9419,0.9911,0.7927,,False,
2844,94.801,32,Ben,0.9015,,1.0,0.0,0.0035,0.0341,0.9551,0.9864,0.7879,,False,
2845,94.834,32,Ben,0.8982,,1.0,0.0,0.0,0.037,0.954,0.9744,0.7755,,False,
2846,94.868,32,Ben,0.8856,,1.0,0.0376,0.0,0.0748,0.9433,0.937,0.7099,,False,
2847,94.901,32,Ben,0.8795,,1.0,0.0742,0.0,0.1226,0.942,0.9135,0.7188,,False,
2848,94.934,32,Ben,0.8678,,1.0,0.0195,0.0,0.142,0.9239,0.8905,0.7425,,False,
2849,94.968,32,Ben,0.8703,,1.0,0.0,0.0,0.1508,0.9217,0.9037,0.742,,False,
2850,95.001,32,Ben,0.8760,,1.0,0.0,0.0104,0.1306,0.9234,0.9251,0.7727,,False,
2851,95.034,32,Ben,0.8775,,1.0,0.0,0.0035,0.1187,0.9259,0.9277,0.7678,,False,
2852,95.068,32,Ben,0.8793,,1.0,0.0,0.0035,0.1379,0.9327,0.9257,0.7461,,False,
2853,95.101,32,Ben,0.8831,,1.0,0.0,0.0,0.1192,0.9425,0.9277,0.7121,,False,
2854,95.134,32,Ben,0.8877,,1.0,0.0,0.0,0.1409,0.9477,0.9394,0.7047,,False,
2855,95.168,32,Ben,0.8819,,1.0,0.0,0.0,0.1332,0.9288,0.9422,0.7174,,False,
2856,95.201,32,Ben,0.8842,,1.0,0.0,0.0069,0.1082,0.9403,0.9355,0.7145,,False,
2857,95.234,32,Ben,0.8821,,1.0,0.0,0.0,0.1016,0.936,0.9327,0.7121,,False,
2858,95.268,32,Ben,0.8830,,1.0,0.0,0.0,0.1202,0.9338,0.9397,0.7351,,False,
2859,95.301,32,Ben,0.8830,,1.0,0.0,0.0,0.1366,0.9398,0.9312,0.7053,,False,
2860,95.334,32,Ben,0.8896,,1.0,0.0,0.0069,0.1469,0.9547,0.9375,0.7189,,False,
2861,95.368,32,Ben,0.8890,,1.0,0.0,0.0139,0.1437,0.9464,0.9466,0.7344,,False,
2862,95.401,32,Ben,0.8887,,1.0,0.0,0.0104,0.1384,0.9395,0.9554,0.7408,,False,
2863,95.434,32,Ben,0.8884,,1.0,0.0,0.0104,0.125,0.9364,0.9584,0.7559,,False,
2864,95.468,32,Ben,0.8893,,1.0,0.0,0.0069,0.1285,0.9424,0.9536,0.7557,,False,
2865,95.501,32,Ben,0.8899,,1.0,0.0,0.0069,0.1181,0.946,0.951,0.7546,,False,
2866,95.534,32,Ben,0.8911,,1.0,0.0,0.0,0.1067,0.9514,0.9483,0.7545,,False,
2867,95.568,32,Ben,0.8928,,1.0,0.0,0.0,0.1071,0.953,0.9534,0.7602,,False,
2868,95.601,32,Ben,0.8943,,1.0,0.0,0.0,0.0969,0.9529,0.9597,0.7591,,False,
2869,95.634,32,Ben,0.8958,,1.0,0.0,0.0,0.071,0.9547,0.9633,0.7473,,False,
2872,95.735,32,Ben,0.8163,,1.0,0.0031,0.0104,0.099,0.9414,0.9501,0.7501,,False,
2873,95.768,32,Ben,0.8886,,1.0,0.0022,0.0278,0.117,0.941,0.9527,0.7385,,False,
2874,95.801,32,Ben,0.8883,,1.0,0.0,0.0139,0.1307,0.9427,0.949,0.754,,False,
2875,95.835,32,Ben,0.8914,,1.0,0.0,0.0069,0.1347,0.947,0.9559,0.7437,,False,
2876,95.868,32,Ben,0.8926,,1.0,0.0,0.0,0.1483,0.9563,0.9478,0.7586,,False,
2877,95.901,32,Ben,0.8921,,1.0,0.0,0.0,0.1233,0.9539,0.9492,0.7399,,False,
2878,95.935,32,Ben,0.8934,,1.0,0.0,0.0,0.1092,0.9613,0.9442,0.7379,,False,
2879,95.968,32,Ben,0.8863,,1.0,0.0,0.0,0.1026,0.9438,0.9394,0.7265,,False,
2880,96.001,32,Ben,0.8861,,1.0,0.0,0.0,0.0929,0.9379,0.9469,0.7201,,False,
2881,96.035,32,Ben,0.8873,,1.0,0.0,0.0,0.0792,0.9425,0.9452,0.7055,,False,
2882,96.068,32,Ben,0.8912,,1.0,0.0026,0.0051,0.0856,0.9465,0.9557,0.715,,False,
2883,96.101,32,Ben,0.8954,,1.0,0.0128,0.0026,0.114,0.9593,0.9551,0.7402,,False,
2884,96.135,32,Ben,0.8923,,1.0,0.0,0.0077,0.1402,0.9518,0.9528,0.7317,,False,
2885,96.168,32,Ben,0.8925,,1.0,0.0,0.0,0.1492,0.9567,0.9467,0.7575,,False,
2886,96.201,32,Ben,0.8882,,1.0,0.0,0.0077,0.134,0.9456,0.9445,0.7625,,False,
2887,96.235,32,Ben,0.8932,,1.0,0.0,0.0,0.125,0.9612,0.9431,0.7696,,False,
2888,96.268,32,Ben,0.8884,,1.0,0.0,0.0,0.1316,0.9516,0.9368,0.7819,,False,
2889,96.301,32,Ben,0.8942,,1.0,0.0,0.0,0.1094,0.9587,0.951,0.7766,,False,
2890,96.335,32,Ben,0.8964,face_mismatch,1.0,0.0,0.0,0.109,0.9526,0.9451,0.7593,,False,
2893,96.435,49,Ben,0.6165,,0.0,0.0722,0.0051,0.0296,0.8405,0.8508,0.7423,,False,
2895,96.501,32,Ben,0.8192,,1.0,0.0,0.0104,0.081,0.948,0.9433,0.7749,,False,
2896,96.535,32,Ben,0.8891,,1.0,0.0,0.0069,0.0982,0.9497,0.9426,0.795,,False,
2897,96.568,32,Ben,0.8895,,1.0,0.0,0.0,0.0951,0.9486,0.9459,0.802,,False,
2898,96.601,32,Ben,0.8878,,1.0,0.0,0.0026,0.1178,0.9381,0.9537,0.8081,,False,
2899,96.635,32,Ben,0.8884,,1.0,0.0,0.0051,0.1232,0.9523,0.9359,0.786,,False,
2900,96.668,32,Ben,0.8847,,1.0,0.0,0.0,0.1254,0.9466,0.9286,0.7774,,False,
2901,96.702,32,Ben,0.8797,,1.0,0.0,0.0,0.1178,0.9384,0.9192,0.7656,,False,
2902,96.735,32,Ben,0.8756,,1.0,0.0,0.0,0.0874,0.9377,0.9033,0.7247,,False,
2903,96.768,32,Ben,0.8737,,1.0,0.0035,0.0,0.0746,0.937,0.8965,0.6801,,False,
2905,96.835,32,Ben,0.8044,,1.0,0.0186,0.0026,0.0564,0.9382,0.8907,0.6772,,False,
2906,96.868,32,Ben,0.8747,,1.0,0.0188,0.0077,0.0582,0.9355,0.9028,0.6929,,False,
2907,96.902,32,Ben,0.8819,,1.0,0.0157,0.0077,0.069,0.9444,0.9199,0.7189,,False,
2908,96.935,32,Ben,0.8848,,1.0,0.0124,0.0204,0.0709,0.9439,0.933,0.7312,,False,
2909,96.968,32,Ben,0.8857,,1.0,0.0,0.0,0.0789,0.9415,0.9398,0.7438,,False,
2910,97.002,32,Ben,0.8862,,1.0,0.0,0.0,0.0606,0.9409,0.943,0.7565,,False,
2911,97.035,32,Ben,0.8892,,1.0,0.0491,0.0,0.0456,0.9475,0.9459,0.7419,,False,
2912,97.068,32,Ben,0.8930,,1.0,0.0091,0.0,0.0303,0.9504,0.9577,0.7368,,False,
2913,97.102,32,Ben,0.8939,,1.0,0.0164,0.0,0.0229,0.952,0.9593,0.7412,,False,
2914,97.135,32,Ben,0.8902,,1.0,0.0079,0.0,0.0165,0.9431,0.9564,0.7509,,False,
2915,97.168,32,Ben,0.9000,face_mismatch,1.0,0.0115,0.0,0.0292,0.9463,0.9669,0.7446,,False,
2916,97.202,32,Ben,0.8964,,1.0,0.0,0.0,0.0624,0.9496,0.9732,0.7525,,False,
2917,97.235,32,Ben,0.8946,,1.0,0.0236,0.0,0.0909,0.9454,0.9715,0.7589,,False,
2918,97.268,32,Ben,0.8907,,1.0,0.0,0.0,0.0954,0.9413,0.961,0.7751,,False,
2919,97.302,32,Ben,0.8905,,1.0,0.0,0.0,0.1155,0.9437,0.9569,0.7724,,False,
2920,97.335,32,Ben,0.8953,,1.0,0.0,0.0,0.1213,0.9504,0.9672,0.7879,,False,
2921,97.368,32,Ben,0.8995,,1.0,0.0,0.0,0.1396,0.9565,0.9763,0.793,,False,
2922,97.402,32,Ben,0.9000,,1.0,0.0,0.0,0.1365,0.9563,0.9785,0.773,,False,
2923,97.435,32,Ben,0.8966,,1.0,0.0,0.0,0.132,0.9523,0.97,0.7375,,False,
2924,97.468,32,Ben,0.8916,,1.0,0.0,0.0,0.1054,0.9423,0.9635,0.7524,,False,
2925,97.502,32,Ben,0.8860,,1.0,0.0,0.0,0.1059,0.9353,0.9499,0.7353,,False,
2926,97.535,32,Ben,0.8771,,1.0,0.0,0.0,0.0897,0.9163,0.9398,0.7189,,False,
2930,97.669,32,Ben,0.8315,,1.0,0.0,0.0,0.115,0.946,0.9567,0.7285,,False,
2931,97.702,32,Ben,0.8969,,1.0,0.0,0.0,0.127,0.959,0.9619,0.7359,,False,
2932,97.735,32,Ben,0.8988,,1.0,0.0,0.0,0.1354,0.9571,0.9723,0.7587,,False,
2933,97.769,32,Ben,0.8993,,1.0,0.0,0.0,0.1356,0.9627,0.9668,0.7735,,False,
2934,97.802,32,Ben,0.9005,,1.0,0.0,0.0,0.1248,0.9674,0.965,0.7784,,False,
2935,97.835,32,Ben,0.8993,,1.0,0.0,0.0,0.1171,0.9692,0.9575,0.7825,,False,
2936,97.869,32,Ben,0.8994,,1.0,0.0,0.0,0.1045,0.9705,0.956,0.7646,,False,
2937,97.902,32,Ben,0.9001,,1.0,0.0,0.0,0.0836,0.9706,0.9589,0.7463,,False,
2938,97.935,32,Ben,0.8998,,1.0,0.0,0.0,0.0724,0.9732,0.9538,0.7286,,False,
2939,97.969,32,Ben,0.8991,,1.0,0.0,0.0,0.0629,0.9674,0.9591,0.7559,,False,
2940,98.002,32,Ben,0.8952,,1.0,0.0,0.0,0.0883,0.9632,0.9486,0.7686,,False,
2941,98.035,32,Ben,0.8948,,1.0,0.0,0.0,0.118,0.9573,0.9553,0.7668,,False,
2942,98.069,32,Ben,0.8899,,1.0,0.0035,0.0,0.1301,0.9494,0.9461,0.7753,,False,
2943,98.102,32,Ben,0.8850,,1.0,0.0033,0.0069,0.1137,0.9402,0.939,0.7836,,False,
2944,98.135,32,Ben,0.8731,,1.0,0.0056,0.0,0.0927,0.9246,0.9113,0.8023,,False,
2945,98.169,32,Ben,0.8753,,1.0,0.0,0.0,0.0749,0.9276,0.9164,0.7981,,False,
2946,98.202,32,Ben,0.8750,,1.0,0.0,0.0,0.0853,0.9334,0.907,0.7856,,False,
2947,98.235,32,Ben,0.8626,,1.0,0.0,0.0,0.0754,0.9237,0.8691,0.7635,,False,
2948,98.269,32,Ben,0.8598,,1.0,0.0,0.0,0.0583,0.9247,0.856,0.755,,False,
2949,98.302,32,Ben,0.8552,,1.0,0.0,0.0,0.0431,0.9197,0.8437,0.765,,False,
2950,98.335,32,Ben,0.8508,,1.0,0.0,0.0,0.031,0.9128,0.8351,0.7765,,False,
2951,98.369,32,Ben,0.8479,,1.0,0.0,0.0,0.0254,0.9069,0.8314,0.7785,,False,
2952,98.402,32,Ben,0.8502,,1.0,0.007,0.0,0.0164,0.9126,0.8328,0.7786,,False,
2953,98.435,32,Ben,0.8506,,1.0,0.0078,0.0,0.0164,0.9137,0.8331,0.768,,False,
2954,98.469,32,Ben,0.8514,,1.0,0.004,0.0,0.0254,0.9134,0.8368,0.7591,,False,
2955,98.502,32,Ben,0.8495,,1.0,0.0,0.0,0.0237,0.9115,0.8315,0.7562,,False,
2956,98.536,32,Ben,0.8488,,1.0,0.0,0.0,0.0246,0.9115,0.8289,0.7654,,False,
2957,98.569,32,Ben,0.8518,,1.0,0.0,0.0,0.0229,0.9137,0.8381,0.7679,,False,
2958,98.602,32,Ben,0.8498,,1.0,0.0,0.0,0.0246,0.9122,0.8319,0.7731,,False,
2959,98.636,32,Ben,0.8516,,1.0,0.0,0.0,0.0265,0.9129,0.8382,0.7793,,False,
2960,98.669,32,Ben,0.8531,,1.0,0.0,0.0,0.0267,0.9189,0.836,0.7738,,False,
2961,98.702,32,Ben,0.8522,,1.0,0.0,0.0,0.0233,0.9149,0.8382,0.7741,,False,
2962,98.736,32,Ben,0.8475,,1.0,0.0004,0.0,0.0197,0.9021,0.8367,0.7744,,False,
2963,98.769,32,Ben,0.8467,,1.0,0.0,0.0,0.0192,0.8998,0.8364,0.7618,,False,
2964,98.802,32,Ben,0.8488,,1.0,0.003,0.0,0.0288,0.8998,0.8452,0.7599,,False,
2965,98.836,32,Ben,0.8539,,1.0,0.0068,0.0,0.0261,0.9205,0.8373,0.7539,,False,
2966,98.869,32,Ben,0.8644,,1.0,0.0285,0.0,0.0277,0.9461,0.8445,0.7453,,False,
2967,98.902,32,Ben,0.8618,,1.0,0.0053,0.0,0.0219,0.9424,0.8393,0.7466,,False,
2968,98.936,32,Ben,0.8618,,1.0,0.0055,0.0,0.0124,0.948,0.831,0.7546,,False,
2969,98.969,32,Ben,0.8554,,1.0,0.0198,0.0,0.0095,0.9386,0.818,0.7629,,False,
2970,99.002,32,Ben,0.8548,,1.0,0.0,0.0,0.009,0.9438,0.8078,0.7547,,False,
2971,99.036,32,Ben,0.8616,,1.0,0.0,0.0,0.0095,0.9544,0.8213,0.7709,,False,
2972,99.069,32,Ben,0.8426,,1.0,0.0,0.0,0.0167,0.9024,0.8158,0.7774,,False,
2973,99.102,32,Ben,0.8384,,1.0,0.0033,0.0,0.0107,0.8994,0.8026,0.7897,,False,
2974,99.136,32,Ben,0.8374,,1.0,0.0,0.0,0.0133,0.9026,0.7939,0.7818,,False,
2975,99.169,32,Ben,0.8365,,1.0,0.013,0.0,0.0286,0.9164,0.7707,0.7813,,False,
2976,99.202,32,Ben,0.8371,,1.0,0.0133,0.0,0.0405,0.925,0.7609,0.7797,,False,
2977,99.236,32,Ben,0.8418,,1.0,0.0101,0.0,0.0335,0.9421,0.756,0.7666,,False,
2978,99.269,32,Ben,0.8387,,1.0,0.0068,0.0,0.0287,0.9416,0.744,0.7496,,False,
2979,99.302,32,Ben,0.8355,,1.0,0.0129,0.0,0.0196,0.9365,0.7379,0.7484,,False,
2980,99.336,32,Ben,0.8385,,1.0,0.0086,0.0,0.0196,0.941,0.7438,0.748,,False,
2981,99.369,32,Ben,0.8418,,1.0,0.0102,0.0,0.0135,0.9441,0.7533,0.7534,,False,
2982,99.402,32,Ben,0.8430,,1.0,0.0,0.0,0.0219,0.9459,0.7559,0.752,,False,
2983,99.436,32,Ben,0.8437,,1.0,0.0067,0.0,0.0242,0.946,0.7584,0.7507,,False,
2984,99.469,32,Ben,0.8430,,1.0,0.0,0.0,0.0278,0.9513,0.748,0.7511,,False,
2985,99.503,32,Ben,0.8396,,1.0,0.0,0.0139,0.0385,0.9534,0.7311,0.7484,,False,
2986,99.536,32,Ben,0.8348,,1.0,0.0,0.0332,0.0564,0.9435,0.7249,0.745,,False,
2987,99.569,32,Ben,0.8332,,1.0,0.0,0.051,0.0597,0.9456,0.7155,0.7397,,False,
2988,99.603,32,Ben,0.8309,,1.0,0.0,0.0,0.0633,0.9369,0.7182,0.7372,,False,
2989,99.636,32,Ben,0.8251,,1.0,0.0,0.0434,0.0549,0.9331,0.6994,0.733,,False,
2990,99.669,32,Ben,0.8245,,1.0,0.0,0.0995,0.0615,0.9341,0.6953,0.7253,,False,
2991,99.703,32,Ben,0.8257,,1.0,0.0,0.0451,0.0426,0.9291,0.7076,0.7289,,False,
2992,99.736,32,Ben,0.8225,,1.0,0.026,0.0208,0.0236,0.9207,0.7061,0.7304,,False,
2993,99.769,32,Ben,0.8184,,1.0,0.0098,0.0035,0.009,0.9221,0.6869,0.7084,,False,
2994,99.803,32,Ben,0.8162,,1.0,0.0,0.0104,0.0089,0.915,0.6881,0.706,,False,
2995,99.836,32,Ben,0.8183,,1.0,0.0,0.0139,0.0217,0.9174,0.6934,0.72,,False,
2996,99.869,32,Ben,0.8240,,1.0,0.0,0.0417,0.0211,0.9326,0.6956,0.7274,,False,
2997,99.903,32,Ben,0.8224,,1.0,0.0141,0.0486,0.0289,0.9314,0.6904,0.7151,,False,
2998,99.936,32,Ben,0.8184,,1.0,0.0109,0.0417,0.0233,0.9276,0.6792,0.7129,,False,
2999,99.969,32,Ben,0.8156,,1.0,0.0,0.0312,0.0187,0.9186,0.6802,0.7134,,False,
3000,100.003,32,Ben,0.8165,,1.0,0.0,0.0417,0.0214,0.922,0.6792,0.7117,,False,
3001,100.036,32,Ben,0.8171,,1.0,0.0,0.0612,0.0657,0.9313,0.6685,0.6932,,False,
3002,100.069,32,Ben,0.8189,,1.0,0.0,0.0357,0.0609,0.9334,0.673,0.7007,,False,
3003,100.103,32,Ben,0.8235,,1.0,0.001,0.0357,0.0685,0.9439,0.6773,0.6958,,False,
3004,100.136,32,Ben,0.8207,,1.0,0.0,0.0104,0.0568,0.9368,0.6756,0.6978,,False,
3005,100.169,32,Ben,0.8236,,1.0,0.0,0.0459,0.0568,0.9366,0.6881,0.7036,,False,
3006,100.203,32,Ben,0.8272,,1.0,0.0,0.0137,0.0792,0.9414,0.6964,0.6962,,False,
3007,100.236,32,Ben,0.8262,,1.0,0.0,0.0137,0.0766,0.9407,0.6931,0.697,,False,
3008,100.269,32,Ben,0.8227,,1.0,0.0,0.0255,0.0673,0.9334,0.6889,0.6937,,False,
3009,100.303,32,Ben,0.8162,,1.0,0.0,0.0102,0.0633,0.9063,0.7001,0.7096,,False,
3010,100.336,32,Ben,0.8205,,1.0,0.0,0.0208,0.0786,0.8647,0.777,0.8059,,False,
3014,100.47,51,Ben,0.6740,,1.0,0.0,0.0,0.0221,0.9466,0.5137,0.7252,,False,
3015,100.503,51,Ben,0.7855,,1.0,0.0,0.0,0.0221,0.9442,0.5187,0.7264,,False,
3016,100.536,51,Ben,0.7851,,1.0,0.0,0.0,0.0221,0.9451,0.5155,0.7256,,False,
3017,100.57,51,Ben,0.7851,,1.0,0.0,0.0,0.0221,0.9451,0.5155,0.7253,,False,
3018,100.603,51,Ben,0.7848,,1.0,0.0,0.0,0.0221,0.9445,0.5153,0.7257,,False,
3019,100.636,51,Ben,0.7851,,1.0,0.0,0.0,0.0221,0.9434,0.518,0.7271,,False,
3020,100.67,51,Ben,0.7847,,1.0,0.0,0.0,0.0221,0.9445,0.5147,0.73,,False,
3021,100.703,51,Ben,0.7836,,1.0,0.0,0.0,0.0232,0.9418,0.5141,0.7282,,False,
3022,100.736,51,Ben,0.7832,,1.0,0.0,0.0,0.022,0.9423,0.5116,0.7275,,False,
3023,100.77,51,Ben,0.7832,,1.0,0.0,0.0,0.022,0.9423,0.5118,0.728,,False,
3037,101.236,32,Ben,0.7455,,1.0,0.0,0.0,0.1061,0.8976,0.6952,0.6605,,False,
3039,101.303,32,Ben,0.7493,,1.0,0.0004,0.0069,0.1126,0.8987,0.6888,0.6713,,False,
3040,101.337,32,Ben,0.8075,,1.0,0.0,0.059,0.1145,0.8973,0.6769,0.6765,,False,
3041,101.37,32,Ben,0.8081,,1.0,0.0014,0.074,0.0928,0.8961,0.6811,0.6853,,False,
3042,101.403,32,Ben,0.8264,,1.0,0.0,0.0799,0.0617,0.8855,0.7723,0.8118,,False,
3043,101.437,32,Ben,0.8347,,1.0,0.0124,0.0347,0.0801,0.8943,0.7944,0.8118,,False,
3044,101.47,32,Ben,0.8325,,1.0,0.0273,0.0417,0.0886,0.8729,0.8154,0.8304,,False,
3054,101.803,32,Ben,0.8006,,1.0,0.0312,0.0,0.0751,0.9378,0.8008,0.7769,,False,
3055,101.837,32,Ben,0.8548,,1.0,0.0011,0.0,0.0933,0.9215,0.8395,0.7656,,False,
3056,101.87,32,Ben,0.8536,,1.0,0.0042,0.0,0.1083,0.9218,0.8343,0.7802,,False,
3057,101.903,32,Ben,0.8629,,1.0,0.0521,0.0035,0.143,0.9246,0.8687,0.7671,,False,
3058,101.937,32,Ben,0.8566,,1.0,0.0,0.0,0.1495,0.9187,0.8512,0.7298,,False,
3059,101.97,32,Ben,0.8574,,1.0,0.0,0.0,0.1279,0.9123,0.8635,0.7295,,False,
3060,102.003,32,Ben,0.8546,,1.0,0.0,0.0,0.1143,0.9027,0.8653,0.7083,,False,
3061,102.037,32,Ben,0.8516,,1.0,0.0135,0.0,0.103,0.894,0.8651,0.6948,,False,
3062,102.07,32,Ben,0.8527,,1.0,0.0,0.0035,0.1373,0.9091,0.8482,0.7036,,False,
3063,102.103,32,Ben,0.8526,,1.0,0.0,0.0,0.146,0.9095,0.8472,0.724,,False,
3064,102.137,32,Ben,0.8496,,1.0,0.0,0.0104,0.126,0.9062,0.8396,0.7374,,False,
3065,102.17,32,Ben,0.8408,,1.0,0.0,0.0179,0.1395,0.8971,0.8158,0.727,,False,
3080,102.67,32,Ben,0.7226,,1.0,0.0,0.0312,0.1765,0.9083,0.8431,0.8521,,False,
3081,102.704,32,Ben,0.8577,,1.0,0.0,0.0104,0.1543,0.9099,0.8681,0.8399,,False,
3082,102.737,32,Ben,0.8548,,1.0,0.0,0.0035,0.1383,0.903,0.8659,0.8437,,False,
3083,102.77,32,Ben,0.8506,,1.0,0.0,0.0102,0.1532,0.8936,0.8615,0.8166,,False,
3090,103.004,32,Ben,0.7283,,1.0,0.0,0.0139,0.169,0.9198,0.8775,0.7622,,False,
3091,103.037,32,Ben,0.8640,,1.0,0.0,0.0,0.1366,0.9188,0.8817,0.7567,,False,
3092,103.07,32,Ben,0.8645,,1.0,0.0,0.0035,0.1481,0.9173,0.886,0.783,,False,
3093,103.104,32,Ben,0.8659,,1.0,0.0,0.0,0.1348,0.9165,0.8929,0.7972,,False,
3094,103.137,32,Ben,0.8635,,1.0,0.0,0.0,0.1468,0.9136,0.8871,0.7998,,False,
3095,103.171,32,Ben,0.8630,,1.0,0.0,0.0035,0.1305,0.9072,0.8941,0.7641,,False,
3096,103.204,32,Ben,0.8704,,1.0,0.0,0.0,0.0985,0.9102,0.9205,0.7815,,False,
3097,103.237,32,Ben,0.8734,,1.0,0.0,0.0139,0.066,0.9146,0.9267,0.7939,,False,
3098,103.271,32,Ben,0.8729,,1.0,0.0,0.0,0.0591,0.903,0.9413,0.8086,,False,
3099,103.304,32,Ben,0.8730,,1.0,0.023,0.0,0.0756,0.908,0.9346,0.8384,,False,
3100,103.337,32,Ben,0.8730,,1.0,0.0375,0.0,0.0964,0.9035,0.9409,0.839,,False,
3101,103.371,32,Ben,0.8741,,1.0,0.0204,0.0,0.12,0.9144,0.93,0.8393,,False,
3102,103.404,32,Ben,0.8749,,1.0,0.023,0.0,0.1442,0.9231,0.9209,0.8261,,False,
3103,103.437,32,Ben,0.8732,,1.0,0.0203,0.0,0.1587,0.9255,0.9106,0.7974,,False,
3104,103.471,32,Ben,0.8742,,1.0,0.0199,0.0,0.163,0.9224,0.9189,0.7914,,False,
3105,103.504,32,Ben,0.8775,,1.0,0.009,0.0,0.1518,0.9317,0.9196,0.7956,,False,
3106,103.537,32,Ben,0.8857,,1.0,0.0059,0.0,0.1408,0.9419,0.9394,0.8134,,False,
3107,103.571,32,Ben,0.8903,,1.0,0.0086,0.0,0.1154,0.9523,0.9438,0.8183,,False,
3108,103.604,32,Ben,0.8908,,1.0,0.0094,0.0,0.0993,0.9568,0.9395,0.8199,,False,
3109,103.637,32,Ben,0.8945,,1.0,0.0184,0.0,0.0701,0.9548,0.9577,0.8289,,False,
3110,103.671,32,Ben,0.8945,,1.0,0.031,0.0,0.0485,0.9491,0.966,0.8361,,False,
3111,103.704,32,Ben,0.8961,,1.0,0.028,0.0,0.044,0.9543,0.9652,0.8343,,False,
3112,103.737,32,Ben,0.8961,,1.0,0.0274,0.0,0.0303,0.9537,0.966,0.8423,,False,
3113,103.771,32,Ben,0.8953,,1.0,0.0306,0.0,0.0316,0.9514,0.9661,0.8387,,False,
3116,103.871,32,Ben,0.7474,,1.0,0.0169,0.0,0.0165,0.9466,0.9617,0.8222,,False,
3117,103.904,32,Ben,0.8907,,1.0,0.0355,0.0,0.02,0.94,0.9629,0.835,,False,
3126,104.204,32,Ben,0.7445,,1.0,0.0255,0.0,0.0245,0.9327,0.9544,0.8139,,False,
3127,104.238,32,Ben,0.8896,,1.0,0.0155,0.0,0.0263,0.9402,0.9579,0.8228,,False,
3128,104.271,32,Ben,0.8907,,1.0,0.0137,0.0,0.0189,0.944,0.9573,0.8129,,False,
3129,104.304,32,Ben,0.8907,,1.0,0.0228,0.0,0.0191,0.9475,0.9523,0.7966,,False,
3130,104.338,32,Ben,0.8922,,1.0,0.0232,0.0,0.0209,0.9521,0.9519,0.801,,False,
3131,104.371,32,Ben,0.8922,,1.0,0.0336,0.0,0.0215,0.9563,0.946,0.801,,False,
3132,104.404,32,Ben,0.8942,,1.0,0.0325,0.0,0.0204,0.9602,0.949,0.7945,,False,
3133,104.438,32,Ben,0.8946,,1.0,0.0299,0.0,0.0254,0.9644,0.9444,0.8067,,False,
3134,104.471,32,Ben,0.8946,,1.0,0.0177,0.0,0.0261,0.9677,0.94,0.8148,,False,
3135,104.504,32,Ben,0.8977,,1.0,0.0345,0.0,0.0274,0.9704,0.9492,0.8092,,False,
3136,104.538,32,Ben,0.8983,,1.0,0.0208,0.0,0.0245,0.9714,0.95,0.8109,,False,
3137,104.571,32,Ben,0.8970,,1.0,0.0239,0.0,0.0327,0.9717,0.9443,0.8151,,False,
3138,104.604,32,Ben,0.8991,,1.0,0.0423,0.0,0.0303,0.9705,0.9545,0.815,,False,
3139,104.638,32,Ben,0.8981,,1.0,0.0339,0.0,0.0298,0.9687,0.9532,0.8224,,False,
3140,104.671,32,Ben,0.8961,,1.0,0.0156,0.0,0.0244,0.9658,0.949,0.7946,,False,
3141,104.704,32,Ben,0.8943,,1.0,0.0534,0.0,0.0304,0.9647,0.9431,0.8143,,False,
3142,104.738,32,Ben,0.8959,,1.0,0.0362,0.0,0.0312,0.9626,0.9527,0.8109,,False,
3143,104.771,32,Ben,0.8954,,1.0,0.0293,0.0,0.0264,0.9596,0.9548,0.8117,,False,
3144,104.804,32,Ben,0.8936,,1.0,0.0232,0.0,0.0226,0.9573,0.9505,0.8118,,False,
3150,105.005,32,Ben,0.7562,,1.0,0.0152,0.0,0.028,0.942,0.9616,0.7992,,False,
3151,105.038,32,Ben,0.8908,,1.0,0.0454,0.0,0.0243,0.946,0.955,0.7819,,False,
3152,105.071,32,Ben,0.8911,,1.0,0.0369,0.0,0.0255,0.947,0.9548,0.7691,,False,
3153,105.105,32,Ben,0.8904,,1.0,0.0618,0.0,0.022,0.946,0.9533,0.7755,,False,
3154,105.138,32,Ben,0.8903,,1.0,0.0361,0.0,0.0254,0.946,0.9526,0.7984,,False,
3155,105.171,32,Ben,0.8922,,1.0,0.0416,0.0,0.0251,0.9486,0.957,0.7937,,False,
3156,105.205,32,Ben,0.8931,,1.0,0.0484,0.0,0.0238,0.9483,0.9611,0.8019,,False,
3157,105.238,32,Ben,0.8927,,1.0,0.0485,0.0,0.0198,0.9485,0.9591,0.8036,,False,
3158,105.271,32,Ben,0.8913,,1.0,0.0315,0.0,0.0266,0.9458,0.9571,0.8063,,False,
3159,105.305,32,Ben,0.8904,,1.0,0.0457,0.0,0.0267,0.9463,0.9527,0.7939,,False,
3160,105.338,32,Ben,0.8914,,1.0,0.0364,0.0,0.0316,0.9501,0.9517,0.7628,,False,
3161,105.371,32,Ben,0.8905,,1.0,0.0488,0.0,0.0394,0.9539,0.9423,0.7722,,False,
3162,105.405,32,Ben,0.8892,,1.0,0.041,0.0,0.0554,0.951,0.9411,0.7682,,False,
3163,105.438,32,Ben,0.8955,,1.0,0.039,0.0,0.066,0.9579,0.9577,0.7682,,False,
3164,105.471,32,Ben,0.8962,,1.0,0.036,0.0,0.082,0.9595,0.9584,0.7871,,False,
3165,105.505,32,Ben,0.8990,,1.0,0.0344,0.0,0.09,0.9606,0.9683,0.7955,,False,
3166,105.538,32,Ben,0.9002,,1.0,0.0306,0.0,0.0968,0.9625,0.9706,0.815,,False,
3167,105.571,32,Ben,0.9014,,1.0,0.061,0.0,0.1077,0.9641,0.9733,0.8308,,False,
3168,105.605,32,Ben,0.8986,,1.0,0.0363,0.0,0.1357,0.9621,0.9644,0.8557,,False,
3169,105.638,32,Ben,0.8956,,1.0,0.0113,0.0,0.1418,0.9553,0.9617,0.8613,,False,
3170,105.671,32,Ben,0.8945,,1.0,0.0135,0.0,0.1515,0.9501,0.9644,0.8795,,False,
3171,105.705,32,Ben,0.8883,,1.0,0.0,0.0,0.1514,0.9393,0.9538,0.8772,,False,
3172,105.738,32,Ben,0.8829,,1.0,0.0,0.0069,0.1635,0.9361,0.9361,0.8601,,False,
3180,106.005,32,Ben,0.7194,,1.0,0.0454,0.066,0.1051,0.8876,0.9269,0.7757,,False,
3181,106.038,32,Ben,0.8613,,1.0,0.0677,0.0729,0.098,0.8839,0.9197,0.7806,,False,
3182,106.072,32,Ben,0.8577,,1.0,0.0354,0.0417,0.0805,0.8752,0.9171,0.7729,punch,False,
3183,106.105,32,Ben,0.8542,,1.0,0.0,0.0625,0.0765,0.872,0.9072,0.7623,punch,False,
3184,106.138,32,Ben,0.8511,,1.0,0.0,0.0174,0.077,0.8599,0.9116,0.7495,,False,
3185,106.172,32,Ben,0.8430,,1.0,0.0,0.0104,0.0682,0.8477,0.8948,0.7376,,False,
3186,106.205,32,Ben,0.8343,,1.0,0.0076,0.0,0.0506,0.8406,0.8688,0.7271,,False,
3321,110.707,32,Ben,0.7583,,1.0,0.0303,0.0816,0.0905,0.7975,0.7413,0.6567,,False,
3322,110.74,32,Ben,0.7882,,1.0,0.0404,0.0383,0.0952,0.799,0.7357,0.6492,,False,
3323,110.773,32,Ben,0.7859,,1.0,0.0133,0.0204,0.0928,0.7959,0.7304,0.6512,,False,
3324,110.807,32,Ben,0.7868,,1.0,0.0173,0.0051,0.0952,0.7975,0.7318,0.6519,,False,
3325,110.84,32,Ben,0.7881,,1.0,0.0564,0.0,0.0915,0.7978,0.7368,0.654,,False,
3326,110.873,32,Ben,0.7891,,1.0,0.0289,0.0026,0.0887,0.8068,0.7284,0.6397,,False,
3327,110.907,32,Ben,0.7922,,1.0,0.0251,0.0,0.0896,0.8139,0.7311,0.6321,,False,
3328,110.94,32,Ben,0.7928,,1.0,0.0134,0.0,0.0938,0.8102,0.739,0.6425,,False,
3329,110.973,32,Ben,0.7948,,1.0,0.0154,0.0026,0.1014,0.8086,0.7496,0.6449,,False,
3330,111.007,32,Ben,0.7949,,1.0,0.0407,0.0051,0.1031,0.8039,0.7566,0.6538,,False,
3331,111.04,32,Ben,0.7961,,1.0,0.0607,0.0051,0.1031,0.8105,0.752,0.6491,,False,
3332,111.073,32,Ben,0.7971,,1.0,0.0537,0.0026,0.1106,0.8147,0.7503,0.6512,,False,
3333,111.107,32,Ben,0.7984,,1.0,0.0711,0.0,0.1004,0.8168,0.7527,0.659,,False,
3334,111.14,32,Ben,0.8010,,1.0,0.0479,0.0,0.1015,0.818,0.7622,0.6584,,False,
3335,111.173,32,Ben,0.8001,,1.0,0.0701,0.0,0.0983,0.8173,0.7593,0.6533,,False,
3336,111.207,32,Ben,0.8005,,1.0,0.0473,0.0,0.101,0.8174,0.7606,0.6604,,False,
3337,111.24,32,Ben,0.8002,,1.0,0.0504,0.0,0.1036,0.8151,0.7626,0.6456,,False,
3338,111.273,32,Ben,0.7979,,1.0,0.0553,0.0,0.1103,0.8121,0.7575,0.6462,,False,
3339,111.307,32,Ben,0.7972,,1.0,0.0155,0.0,0.1133,0.8106,0.7568,0.6528,,False,
3340,111.34,32,Ben,0.7974,,1.0,0.0286,0.0,0.1065,0.8055,0.7649,0.6543,,False,
3341,111.373,32,Ben,0.8004,,1.0,0.0295,0.0,0.1059,0.8092,0.7721,0.6578,,False,
3342,111.407,32,Ben,0.7989,,1.0,0.0277,0.0,0.1102,0.8083,0.7672,0.6569,,False,
3343,111.44,32,Ben,0.7987,,1.0,0.0162,0.0,0.0987,0.809,0.7652,0.6556,,False,
3344,111.474,32,Ben,0.8014,,1.0,0.0065,0.0,0.1009,0.8083,0.7775,0.6587,,False,
3345,111.507,32,Ben,0.8022,,1.0,0.0,0.0,0.1058,0.8139,0.7728,0.6573,,False,
3346,111.54,32,Ben,0.8021,,1.0,0.0,0.0026,0.121,0.8161,0.7692,0.6523,,False,
3347,111.574,32,Ben,0.8043,,1.0,0.0,0.0026,0.1226,0.8234,0.7683,0.6455,,False,
3348,111.607,32,Ben,0.8023,,1.0,0.0,0.0,0.1249,0.8176,0.7678,0.6496,,False,
3349,111.64,32,Ben,0.8009,,1.0,0.0,0.0026,0.1237,0.8178,0.762,0.6546,,False,
3350,111.674,32,Ben,0.8023,,1.0,0.0,0.0051,0.146,0.8185,0.7665,0.6572,,False,
3351,111.707,32,Ben,0.8037,,1.0,0.0,0.0026,0.1438,0.8234,0.7655,0.6633,,False,
3352,111.74,32,Ben,0.8095,,1.0,0.0,0.0153,0.1516,0.8289,0.7821,0.6725,,False,
3353,111.774,32,Ben,0.8104,,1.0,0.0314,0.0102,0.1421,0.8301,0.7839,0.6729,,False,
3354,111.807,32,Ben,0.8082,,1.0,0.0492,0.0077,0.144,0.8304,0.7744,0.668,,False,
3355,111.84,32,Ben,0.8094,,1.0,0.0516,0.0051,0.1391,0.8344,0.7737,0.661,,False,
3356,111.874,32,Ben,0.8169,,1.0,0.0589,0.0026,0.1144,0.8343,0.8052,0.6684,,False,
3357,111.907,32,Ben,0.8236,,1.0,0.0563,0.0,0.0614,0.8398,0.8253,0.696,,False,
3358,111.94,32,Ben,0.8219,,1.0,0.0506,0.0077,0.063,0.8412,0.8162,0.7017,,False,
3359,111.974,32,Ben,0.8266,,1.0,0.0436,0.0051,0.0514,0.8401,0.8373,0.717,,False,
3360,112.007,32,Ben,0.8259,,1.0,0.0439,0.0026,0.0477,0.8432,0.8299,0.721,,False,
3361,112.04,32,Ben,0.8266,,1.0,0.0088,0.0077,0.0525,0.8391,0.8386,0.7232,,False,
3362,112.074,32,Ben,0.8253,,1.0,0.0105,0.0026,0.0493,0.8337,0.8409,0.7304,,False,
3363,112.107,32,Ben,0.8209,,1.0,0.0165,0.0026,0.0623,0.8288,0.8295,0.7204,,False,
3364,112.14,32,Ben,0.8183,,1.0,0.0,0.0,0.1175,0.8256,0.8233,0.707,,False,
3365,112.174,32,Ben,0.8146,,1.0,0.0,0.0,0.1227,0.8254,0.8082,0.7048,,False,
3366,112.207,32,Ben,0.8165,,1.0,0.0,0.0035,0.1283,0.8264,0.8145,0.7043,,False,
3367,112.24,32,Ben,0.8153,,1.0,0.0,0.0,0.1721,0.826,0.8102,0.6949,,False,
3411,113.708,32,Ben,0.8654,,1.0,0.0323,0.0625,0.1778,0.9244,0.9596,0.8832,,False,
3412,113.741,32,Ben,0.8837,,1.0,0.0332,0.0694,0.176,0.9273,0.9518,0.8831,,False,
3413,113.774,32,Ben,0.8871,,1.0,0.034,0.0729,0.1654,0.9326,0.9583,0.8818,,False,
3414,113.808,32,Ben,0.8884,,1.0,0.0206,0.0729,0.1571,0.936,0.9592,0.8694,,False,
3415,113.841,32,Ben,0.8866,,1.0,0.0136,0.0521,0.1667,0.9374,0.9494,0.8765,,False,
3416,113.874,32,Ben,0.8870,,1.0,0.0208,0.059,0.1337,0.9391,0.9489,0.8787,,False,
3417,113.908,32,Ben,0.8866,,1.0,0.0238,0.0799,0.1185,0.9363,0.9511,0.8702,,False,
3418,113.941,32,Ben,0.8856,,1.0,0.0174,0.0868,0.1021,0.9322,0.9529,0.8731,,False,
3419,113.974,32,Ben,0.8871,,1.0,0.0102,0.066,0.0977,0.9297,0.9625,0.8796,,False,
3420,114.008,32,Ben,0.8886,,1.0,0.0035,0.0799,0.0977,0.932,0.9653,0.8891,,False,
3421,114.041,32,Ben,0.8903,,1.0,0.0069,0.066,0.0736,0.9317,0.9731,0.8607,,False,
3422,114.074,32,Ben,0.8888,,1.0,0.0069,0.059,0.0681,0.9282,0.9718,0.8575,,False,
3423,114.108,32,Ben,0.8874,,1.0,0.0,0.0417,0.0437,0.9215,0.9752,0.8663,,False,
3424,114.141,32,Ben,0.8871,,1.0,0.0,0.0451,0.0498,0.9186,0.9781,0.8584,,False,
3425,114.174,32,Ben,0.8833,,1.0,0.0,0.0312,0.0452,0.9083,0.977,0.8528,,False,
3426,114.208,32,Ben,0.8638,,1.0,0.0,0.0104,0.0444,0.8505,0.9776,0.8578,,False,
3427,114.241,32,Ben,0.8697,,1.0,0.0,0.0069,0.0446,0.8661,0.9801,0.8505,,False,
3428,114.275,32,Ben,0.8723,,1.0,0.0,0.0174,0.0439,0.8729,0.9814,0.8565,,False,
3429,114.308,32,Ben,0.8694,,1.0,0.0,0.0035,0.0347,0.8663,0.9784,0.8596,,False,
3430,114.341,32,Ben,0.8667,,1.0,0.0,0.0035,0.0393,0.8593,0.9773,0.8568,,False,
3431,114.375,32,Ben,0.8729,,1.0,0.0,0.0,0.0359,0.877,0.9782,0.8675,,False,
3432,114.408,32,Ben,0.8711,,1.0,0.0,0.0035,0.0333,0.8742,0.9746,0.8605,,False,
3433,114.441,32,Ben,0.8710,,1.0,0.0,0.0104,0.0367,0.875,0.9729,0.8636,,False,
3434,114.475,32,Ben,0.8675,,1.0,0.0,0.0104,0.0354,0.8641,0.9739,0.863,,False,
3435,114.508,32,Ben,0.8645,,1.0,0.0,0.0,0.0407,0.8592,0.9684,0.8546,,False,
3436,114.541,32,Ben,0.8664,,1.0,0.0,0.0069,0.0407,0.8629,0.971,0.8572,,False,
3437,114.575,32,Ben,0.8647,,1.0,0.0,0.0069,0.0367,0.863,0.9638,0.8473,,False,
3438,114.608,32,Ben,0.8661,,1.0,0.0,0.0069,0.0393,0.865,0.9665,0.8486,,False,
3439,114.641,32,Ben,0.8648,,1.0,0.0,0.0035,0.0433,0.8662,0.9595,0.841,,False,
3440,114.675,32,Ben,0.8643,,1.0,0.0,0.0069,0.0459,0.8666,0.9571,0.843,,False,
3441,114.708,32,Ben,0.8651,,1.0,0.0,0.0174,0.0479,0.8652,0.9623,0.8469,,False,
3442,114.741,32,Ben,0.8663,,1.0,0.0,0.0069,0.0531,0.8678,0.9635,0.841,,False,
3443,114.775,32,Ben,0.8675,,1.0,0.0,0.0139,0.0512,0.8707,0.9644,0.8422,,False,
3444,114.808,32,Ben,0.8680,,1.0,0.0,0.0208,0.0533,0.8715,0.9655,0.8455,,False,
3445,114.841,32,Ben,0.8668,,1.0,0.0,0.0139,0.0533,0.871,0.9609,0.8424,,False,
3446,114.875,32,Ben,0.8684,,1.0,0.0,0.0104,0.056,0.8722,0.9661,0.8479,,False,
3447,114.908,32,Ben,0.8678,,1.0,0.0,0.0104,0.0574,0.8702,0.9664,0.8508,,False,
3448,114.941,32,Ben,0.8675,,1.0,0.0,0.0174,0.0567,0.8692,0.9665,0.8492,,False,
3449,114.975,32,Ben,0.8684,,1.0,0.0,0.0208,0.0553,0.8711,0.9678,0.852,,False,
3450,115.008,32,Ben,0.8683,,1.0,0.0,0.0243,0.0546,0.872,0.966,0.8539,,False,
3451,115.041,32,Ben,0.8678,,1.0,0.0,0.0069,0.0478,0.8709,0.9655,0.8553,,False,
3452,115.075,32,Ben,0.8664,,1.0,0.0,0.0069,0.0492,0.8693,0.9618,0.8594,,False,
3453,115.108,32,Ben,0.8676,,1.0,0.0,0.0104,0.0505,0.8686,0.9678,0.8541,,False,
3454,115.142,32,Ben,0.8677,,1.0,0.0,0.0139,0.0525,0.8718,0.9637,0.8551,,False,
3455,115.175,32,Ben,0.8685,,1.0,0.0,0.0174,0.0564,0.8716,0.9673,0.8506,,False,
3456,115.208,32,Ben,0.8693,,1.0,0.0,0.0139,0.0511,0.8733,0.9682,0.8556,,False,
3457,115.242,32,Ben,0.8696,,1.0,0.0,0.0139,0.0616,0.8733,0.9697,0.8561,,False,
3458,115.275,32,Ben,0.8693,,1.0,0.0,0.0104,0.0601,0.8731,0.9685,0.8632,,False,
3459,115.308,32,Ben,0.8705,,1.0,0.0,0.0104,0.0526,0.875,0.9707,0.8665,,False,
3460,115.342,32,Ben,0.8750,,1.0,0.0,0.0208,0.0574,0.8881,0.9711,0.8635,,False,
3461,115.375,32,Ben,0.8750,,1.0,0.0,0.0243,0.0533,0.8903,0.9679,0.8636,,False,
3462,115.408,32,Ben,0.8794,,1.0,0.0,0.0243,0.0471,0.905,0.9653,0.8592,,False,
3463,115.442,32,Ben,0.8774,,1.0,0.0,0.0243,0.0505,0.9016,0.962,0.8563,,False,
3464,115.475,32,Ben,0.8819,,1.0,0.0,0.0174,0.0437,0.9142,0.9627,0.8535,,False,
3465,115.508,32,Ben,0.8819,,1.0,0.0,0.0278,0.0417,0.9151,0.9616,0.8547,,False,
3466,115.542,32,Ben,0.8830,,1.0,0.0,0.0278,0.0423,0.9175,0.9625,0.858,,False,
3467,115.575,32,Ben,0.8852,,1.0,0.0,0.0347,0.043,0.9236,0.9631,0.8598,,False,
3468,115.608,32,Ben,0.8860,,1.0,0.0,0.0382,0.0458,0.9248,0.9648,0.8651,,False,
3469,115.642,32,Ben,0.8890,,1.0,0.0035,0.0347,0.0479,0.9322,0.967,0.8612,,False,
3470,115.675,32,Ben,0.8917,,1.0,0.0069,0.0278,0.0511,0.9394,0.9681,0.8623,,False,
3471,115.708,32,Ben,0.8938,,1.0,0.0035,0.0451,0.0449,0.9466,0.9665,0.8585,,False,
3472,115.742,32,Ben,0.8973,,1.0,0.0032,0.0486,0.0486,0.9557,0.9682,0.86,,False,
3473,115.775,32,Ben,0.9007,,1.0,0.0397,0.0486,0.058,0.9667,0.9669,0.8534,,False,
3474,115.808,32,Ben,0.9002,,1.0,0.0258,0.059,0.0639,0.9656,0.9663,0.8495,,False,
3475,115.842,32,Ben,0.8994,,1.0,0.0293,0.066,0.065,0.9652,0.9635,0.8482,,False,
3476,115.875,32,Ben,0.8994,,1.0,0.0393,0.0625,0.0721,0.9652,0.9636,0.8471,,False,
3477,115.908,32,Ben,0.8988,,1.0,0.0458,0.0486,0.0705,0.9632,0.9639,0.851,,False,
3478,115.942,32,Ben,0.8993,,1.0,0.0595,0.0486,0.0645,0.9639,0.9647,0.8489,,False,
3479,115.975,32,Ben,0.9011,,1.0,0.0357,0.0486,0.0565,0.9657,0.9699,0.8489,,False,
3480,116.008,32,Ben,0.8972,,1.0,0.0364,0.0625,0.048,0.9511,0.9744,0.8544,,False,
3481,116.042,32,Ben,0.8947,,1.0,0.031,0.0451,0.0509,0.9444,0.9735,0.8545,,False,
3482,116.075,32,Ben,0.8892,,1.0,0.031,0.0243,0.0423,0.9289,0.9724,0.855,,False,
3483,116.109,32,Ben,0.8845,,1.0,0.0139,0.0278,0.0363,0.9193,0.9664,0.8576,,False,
3484,116.142,32,Ben,0.8806,,1.0,0.0069,0.0382,0.0417,0.9103,0.963,0.8632,,False,
3485,116.175,32,Ben,0.8788,,1.0,0.0,0.0312,0.0393,0.8979,0.9729,0.8678,,False,
3486,116.209,32,Ben,0.8764,,1.0,0.0035,0.0035,0.0454,0.8942,0.9683,0.8636,,False,
3487,116.242,32,Ben,0.8760,,1.0,0.0,0.0278,0.0567,0.8965,0.9634,0.8625,,False,
3488,116.275,32,Ben,0.8744,,1.0,0.0035,0.0,0.063,0.9028,0.9477,0.8473,,False,
3489,116.309,32,Ben,0.8740,,1.0,0.0,0.0417,0.0718,0.9051,0.9429,0.8298,,False,
3490,116.342,32,Ben,0.8743,,1.0,0.0066,0.0625,0.0706,0.8999,0.9512,0.8325,,False,
3491,116.375,32,Ben,0.8723,,1.0,0.0272,0.0382,0.0599,0.8973,0.9466,0.8253,,False,
3492,116.409,32,Ben,0.8731,,1.0,0.0663,0.0,0.0527,0.8961,0.9516,0.8324,,False,
3493,116.442,32,Ben,0.8670,,1.0,0.0486,0.0035,0.0591,0.8798,0.9495,0.8172,,False,
3494,116.475,32,Ben,0.8684,,1.0,0.0,0.0,0.0838,0.8827,0.951,0.8427,,False,
3495,116.509,32,Ben,0.8667,,1.0,0.0,0.0035,0.0994,0.8754,0.9543,0.8549,,False,
3496,116.542,32,Ben,0.8658,,1.0,0.0,0.0139,0.1298,0.87,0.9584,0.8599,,False,
3497,116.575,32,Ben,0.8694,,1.0,0.0,0.0104,0.1589,0.8809,0.9578,0.8758,,False,
3498,116.609,32,Ben,0.8659,,1.0,0.0,0.0174,0.1178,0.8768,0.9492,0.8859,,False,
3499,116.642,32,Ben,0.8674,,1.0,0.0,0.1042,0.0862,0.8902,0.9364,0.8783,,False,
3502,116.742,32,Ben,0.8617,,1.0,0.0,0.0486,0.1023,0.9353,0.9443,0.8204,,False,
3503,116.775,32,Ben,0.8859,,1.0,0.0,0.0069,0.0614,0.9397,0.9435,0.834,,False,
3504,116.809,32,Ben,0.8805,,1.0,0.0,0.0069,0.0463,0.9339,0.9291,0.8501,,False,
3505,116.842,32,Ben,0.8769,,1.0,0.0,0.0,0.0444,0.9307,0.9187,0.8555,,False,
3506,116.875,32,Ben,0.8757,,1.0,0.0,0.0,0.0521,0.9314,0.9125,0.8337,,False,
3507,116.909,32,Ben,0.8760,,1.0,0.0,0.0,0.0499,0.9358,0.9078,0.8155,,False,
3508,116.942,32,Ben,0.8807,,1.0,0.0,0.0,0.0544,0.9393,0.9221,0.8096,,False,
3509,116.976,32,Ben,0.8836,,1.0,0.0,0.0,0.0493,0.941,0.9321,0.8217,,False,
3511,117.042,32,Ben,0.8674,,1.0,0.0,0.0,0.1193,0.942,0.9485,0.8249,,False,
3512,117.076,32,Ben,0.8841,,1.0,0.0,0.0,0.1507,0.9302,0.9492,0.8222,,False,
3513,117.109,32,Ben,0.8775,,1.0,0.0,0.0,0.1138,0.9279,0.925,0.8162,,False,
3514,117.142,32,Ben,0.8858,,1.0,0.0128,0.0,0.058,0.9491,0.9297,0.8163,,False,
3515,117.176,32,Ben,0.8864,,1.0,0.0,0.0,0.0461,0.9363,0.9504,0.8183,,False,
3516,117.209,32,Ben,0.8843,,1.0,0.0033,0.0,0.0379,0.9364,0.9415,0.7783,,False,
3517,117.242,32,Ben,0.8860,,1.0,0.0,0.0,0.0435,0.9301,0.9572,0.774,,False,
3520,117.342,32,Ben,0.8638,,1.0,0.0,0.0035,0.0421,0.9358,0.9465,0.7809,,False,
3521,117.376,32,Ben,0.8846,,1.0,0.0,0.0035,0.0464,0.9332,0.947,0.7721,,False,
3522,117.409,32,Ben,0.8899,,1.0,0.0287,0.0,0.0484,0.9436,0.9543,0.7652,,False,
3524,117.476,32,Ben,0.8677,,1.0,0.0205,0.0,0.0378,0.9294,0.9686,0.7504,,False,
3525,117.509,32,Ben,0.8821,,1.0,0.0268,0.0,0.0294,0.9136,0.9645,0.7565,,False,
3526,117.542,32,Ben,0.8801,,1.0,0.0136,0.0,0.0377,0.9105,0.9605,0.7418,,False,
3527,117.576,32,Ben,0.8812,,1.0,0.0,0.0,0.0476,0.9212,0.95,0.7217,,False,
3528,117.609,32,Ben,0.8800,,1.0,0.0035,0.0,0.0489,0.9216,0.9444,0.7283,,False,
3529,117.642,32,Ben,0.8840,,1.0,0.0,0.0,0.0543,0.9321,0.946,0.7475,,False,
3530,117.676,32,Ben,0.8875,,1.0,0.0,0.0,0.0935,0.9369,0.9541,0.7072,,False,
3531,117.709,32,Ben,0.8876,,1.0,0.0356,0.0,0.0771,0.9317,0.9616,0.7187,,False,
3532,117.742,32,Ben,0.8858,,1.0,0.0,0.0,0.0738,0.9291,0.9578,0.7163,,False,
3533,117.776,32,Ben,0.8907,,1.0,0.0,0.0,0.0844,0.9411,0.9615,0.7116,,False,
3534,117.809,32,Ben,0.8881,,1.0,0.0096,0.0,0.0637,0.9371,0.9563,0.7085,,False,
3535,117.842,32,Ben,0.8888,,1.0,0.0,0.0,0.0714,0.9429,0.951,0.7017,,False,
3536,117.876,32,Ben,0.8894,,1.0,0.0031,0.0,0.0412,0.9398,0.9579,0.7085,,False,
3537,117.909,32,Ben,0.8908,,1.0,0.0029,0.0,0.0357,0.9451,0.9561,0.6996,,False,
3538,117.943,32,Ben,0.8908,,1.0,0.0055,0.0,0.0652,0.941,0.9618,0.7089,,False,
3539,117.976,32,Ben,0.8904,,1.0,0.0,0.0,0.079,0.9427,0.958,0.7069,,False,
3540,118.009,32,Ben,0.8936,,1.0,0.0,0.0,0.0809,0.9508,0.9598,0.7074,,False,
3541,118.043,32,Ben,0.8935,,1.0,0.0,0.0,0.0882,0.9552,0.9531,0.713,,False,
3542,118.076,32,Ben,0.8895,,1.0,0.0,0.0,0.1001,0.9381,0.9608,0.7206,,False,
3543,118.109,32,Ben,0.8931,,1.0,0.0,0.0,0.0924,0.9457,0.965,0.7172,,False,
3544,118.143,32,Ben,0.8972,,1.0,0.0,0.0,0.0706,0.9532,0.9711,0.7287,,False,
3545,118.176,32,Ben,0.8971,,1.0,0.0,0.0,0.0778,0.9511,0.9737,0.7289,,False,
3546,118.209,32,Ben,0.8966,,1.0,0.0,0.0,0.0654,0.9491,0.9745,0.7284,,False,
3547,118.243,32,Ben,0.8929,,1.0,0.0,0.0,0.0483,0.9362,0.9775,0.7227,,False,
3548,118.276,32,Ben,0.8884,,1.0,0.0197,0.0,0.0303,0.9257,0.9734,0.7321,,False,
3549,118.309,32,Ben,0.8844,,1.0,0.0409,0.0,0.0184,0.9139,0.9735,0.7356,,False,
3550,118.343,32,Ben,0.8845,,1.0,0.0278,0.0,0.0233,0.9199,0.9657,0.7193,,False,
3551,118.376,32,Ben,0.8915,,1.0,0.0068,0.0,0.0242,0.9401,0.9661,0.6978,,False,
3552,118.409,32,Ben,0.8906,,1.0,0.0,0.0,0.0354,0.9377,0.9659,0.6826,,False,
3553,118.443,32,Ben,0.8885,,1.0,0.0,0.0,0.0345,0.9432,0.9493,0.6765,,False,
3554,118.476,32,Ben,0.8878,,1.0,0.0,0.0,0.0282,0.9432,0.9464,0.6675,,False,
3555,118.509,32,Ben,0.8885,,1.0,0.0,0.0,0.0266,0.9419,0.9511,0.6738,,False,
3556,118.543,32,Ben,0.8884,,1.0,0.0019,0.0,0.0323,0.9451,0.9463,0.6694,,False,
3557,118.576,32,Ben,0.8895,,1.0,0.0051,0.0,0.0349,0.9486,0.9457,0.6659,,False,
3558,118.609,32,Ben,0.8892,,1.0,0.0221,0.0,0.0364,0.9503,0.9421,0.6674,,False,
3559,118.643,32,Ben,0.8878,,1.0,0.0123,0.0,0.0565,0.9489,0.9381,0.6909,,False,
3560,118.676,32,Ben,0.8869,,1.0,0.0,0.0,0.0639,0.9426,0.9432,0.6984,,False,
3561,118.709,32,Ben,0.8814,,1.0,0.033,0.0035,0.0787,0.9247,0.9459,0.7136,,False,
3562,118.743,32,Ben,0.8857,,1.0,0.0505,0.0,0.0589,0.9266,0.9612,0.7415,,False,
3563,118.776,32,Ben,0.8878,,1.0,0.0,0.0,0.0542,0.9266,0.97,0.7762,,False,
3564,118.809,32,Ben,0.8849,,1.0,0.0268,0.0,0.0597,0.9235,0.9622,0.7568,,False,
3565,118.843,32,Ben,0.8838,,1.0,0.0381,0.0,0.0405,0.9228,0.9584,0.753,,False,
3566,118.876,32,Ben,0.8831,,1.0,0.068,0.0,0.044,0.9252,0.9524,0.7496,,False,
3567,118.91,32,Ben,0.8854,,1.0,0.0226,0.0,0.065,0.9302,0.9549,0.7551,,False,
3568,118.943,32,Ben,0.8846,,1.0,0.0025,0.0,0.0725,0.9299,0.9517,0.7577,,False,
3569,118.976,32,Ben,0.8869,,1.0,0.0,0.0,0.0871,0.938,0.9501,0.7725,,False,
3570,119.01,32,Ben,0.8903,,1.0,0.0,0.0,0.0871,0.9464,0.9522,0.7956,,False,
3571,119.043,32,Ben,0.8918,,1.0,0.0,0.0,0.0883,0.9467,0.9579,0.7877,,False,
3572,119.076,32,Ben,0.8907,,1.0,0.0,0.0,0.0948,0.9582,0.937,0.7603,,False,
3573,119.11,32,Ben,0.8899,,1.0,0.0,0.0,0.0921,0.9546,0.939,0.7566,,False,
3574,119.143,32,Ben,0.8873,,1.0,0.0,0.0,0.0823,0.9442,0.9427,0.757,,False,
3575,119.176,32,Ben,0.8870,,1.0,0.0,0.0,0.0786,0.947,0.9374,0.7649,,False,
3576,119.21,32,Ben,0.8873,,1.0,0.0,0.0,0.0706,0.9435,0.9437,0.7624,,False,
3578,119.276,32,Ben,0.8641,,1.0,0.0,0.0,0.073,0.9423,0.9411,0.7673,,False,
3579,119.31,32,Ben,0.8821,,1.0,0.0,0.0,0.0805,0.943,0.923,0.7672,,False,
3580,119.343,32,Ben,0.8861,,1.0,0.0,0.0,0.0518,0.9481,0.9323,0.7636,,False,
3581,119.376,32,Ben,0.8860,,1.0,0.0,0.0035,0.064,0.945,0.9362,0.7683,,False,
3582,119.41,32,Ben,0.8898,,1.0,0.0,0.0035,0.0669,0.9477,0.9483,0.7783,,False,
3583,119.443,32,Ben,0.8926,,1.0,0.0293,0.0,0.0528,0.951,0.9554,0.7837,,False,
3584,119.476,32,Ben,0.8929,,1.0,0.0715,0.0,0.0463,0.9497,0.9582,0.7747,,False,
3586,119.543,62,Ben,0.5503,,0.0,0.0185,0.0,0.1636,0.8734,0.717,0.8828,,False,
3587,119.576,62,Ben,0.6694,not_competition_fighter;blue_torso,0.0,0.022,0.0,0.1805,0.8824,0.7058,0.884,,False,
3588,119.61,62,Ben,0.3716,not_competition_fighter,0.0,0.0,0.0,0.0,0.0,0.7148,0.0,,False,
3589,119.643,62,Ben,0.3687,not_competition_fighter,0.0,0.0,0.0,0.0,0.0,0.7031,0.0,,False,
3590,119.676,62,Ben,0.3730,not_competition_fighter,0.0,0.0,0.0,0.0,0.0,0.7209,0.0,,False,
3591,119.71,62,Ben,0.3766,not_competition_fighter,0.0,0.0,0.0,0.0,0.0,0.7359,0.0,,False,
3592,119.743,62,Ben,0.3663,not_competition_fighter,0.0,0.0,0.0,0.0,0.0,0.6929,0.0,,False,
3593,119.777,62,Ben,0.3676,not_competition_fighter,0.0,0.0,0.0,0.0,0.0,0.6982,0.0,,False,
3594,119.81,62,Ben,0.3632,not_competition_fighter,0.0,0.0,0.0,0.0,0.0,0.6802,0.0,,False,
3595,119.843,62,Ben,0.3593,not_competition_fighter,0.0,0.0,0.0,0.0,0.0,0.6637,0.0,,False,
3596,119.877,62,Ben,0.3586,not_competition_fighter,0.0,0.0,0.0,0.0,0.0,0.6608,0.0,,False,
3597,119.91,62,Ben,0.3571,not_competition_fighter,0.0,0.0,0.0,0.0,0.0,0.6545,0.0,,False,
3598,119.943,62,Ben,0.3602,not_competition_fighter,0.0,0.0,0.0,0.0,0.0,0.6676,0.0,,False,
3599,119.977,62,Ben,0.3640,not_competition_fighter,0.0,0.0,0.0,0.0,0.0,0.6832,0.0,,False,
3600,120.01,62,Ben,0.3598,not_competition_fighter,0.0,0.0,0.0,0.0,0.0,0.6658,0.0,,False,
3605,120.177,32,Ben,0.8455,,1.0,0.0,0.0,0.0432,0.9454,0.8648,0.7194,,False,
3606,120.21,32,Ben,0.8586,,1.0,0.0179,0.0,0.0292,0.9248,0.8507,0.7119,,False,
3607,120.243,32,Ben,0.8558,,1.0,0.0,0.0,0.0239,0.9236,0.8407,0.7138,,False,
3608,120.277,32,Ben,0.8514,,1.0,0.0,0.0,0.0249,0.928,0.8161,0.7173,,False,
3609,120.31,32,Ben,0.8487,,1.0,0.0,0.0039,0.0172,0.9312,0.8005,0.6962,,False,
3610,120.343,32,Ben,0.8470,,1.0,0.0,0.0195,0.0128,0.9319,0.7922,0.6892,,False,
3667,122.244,66,Ben,0.7027,,1.0,0.0122,0.0,0.171,0.9321,0.6874,0.867,,False,
3679,122.644,66,Ben,0.6806,,1.0,0.0486,0.0069,0.146,0.8658,0.6794,0.8298,,False,
3680,122.678,66,Ben,0.7992,,1.0,0.0492,0.0,0.1409,0.8631,0.6907,0.8409,,False,
3681,122.711,66,Ben,0.7962,,1.0,0.0655,0.0,0.1747,0.8561,0.6879,0.8302,,False,
3682,122.744,66,Ben,0.8072,,1.0,0.0466,0.0,0.1661,0.8557,0.7344,0.8506,,False,
3683,122.778,66,Ben,0.8042,,1.0,0.0361,0.0174,0.1657,0.8692,0.7029,0.8493,,False,
3684,122.811,66,Ben,0.8014,,1.0,0.0191,0.059,0.1687,0.8587,0.7059,0.8584,,False,
3685,122.844,66,Ben,0.8022,,1.0,0.0205,0.059,0.171,0.8463,0.7267,0.8839,,False,
3719,123.978,65,Ben,0.6904,,1.0,0.0306,0.0,0.0009,0.7774,0.6994,0.8971,,False,
3720,124.011,65,Ben,0.7716,,1.0,0.05,0.0,0.0,0.7774,0.6971,0.8937,,False,
3723,124.111,65,Ben,0.6830,,1.0,0.0,0.0,0.0,0.7573,0.6849,0.8127,,False,
3724,124.145,65,Ben,0.7636,,1.0,0.0,0.0,0.0,0.7691,0.6756,0.804,,False,
3733,124.445,65,Ben,0.7511,,1.0,0.0,0.0069,0.0,0.8607,0.7378,0.8572,,False,
3734,124.478,65,Ben,0.8221,,1.0,0.0,0.0069,0.0124,0.8824,0.7586,0.8753,,False,
3735,124.512,65,Ben,0.8204,,1.0,0.0,0.0104,0.016,0.8919,0.7383,0.8505,,False,
3736,124.545,65,Ben,0.8296,,1.0,0.0,0.0069,0.0157,0.8763,0.7987,0.8793,,False,
3737,124.578,65,Ben,0.8279,,1.0,0.0,0.0069,0.0164,0.8976,0.7614,0.7096,,False,
3738,124.612,65,Ben,0.8363,,1.0,0.0,0.0174,0.0333,0.9203,0.7642,0.6869,,False,
3739,124.645,65,Ben,0.8393,,1.0,0.0,0.0035,0.0407,0.9247,0.7704,0.6822,,False,
3740,124.678,65,Ben,0.8446,,1.0,0.0,0.0,0.0938,0.9284,0.7872,0.6595,,False,
3741,124.712,65,Ben,0.8382,,1.0,0.0,0.0069,0.107,0.9178,0.7755,0.6562,,False,
3742,124.745,65,Ben,0.8418,,1.0,0.0,0.0035,0.0801,0.8979,0.8188,0.654,,False,
3743,124.778,65,Ben,0.8455,,1.0,0.0,0.0035,0.0978,0.8759,0.8655,0.6861,,False,
3744,124.812,65,Ben,0.8504,,1.0,0.0,0.0139,0.0869,0.8746,0.8878,0.6788,,False,
3745,124.845,65,Ben,0.8527,,1.0,0.0,0.0104,0.0856,0.8761,0.8953,0.6638,,False,
3746,124.878,65,Ben,0.8502,,1.0,0.0,0.0139,0.0906,0.874,0.8876,0.6609,,False,
3747,124.912,65,Ben,0.8513,,1.0,0.0,0.0104,0.0873,0.8708,0.8969,0.6609,,False,
3748,124.945,65,Ben,0.8506,,1.0,0.0,0.0069,0.0761,0.8637,0.9038,0.665,,False,
3749,124.978,65,Ben,0.8519,,1.0,0.0,0.0035,0.0825,0.8754,0.8928,0.646,,False,
3750,125.012,65,Ben,0.8522,,1.0,0.0,0.0035,0.1016,0.8834,0.8828,0.6254,,False,
3751,125.045,65,Ben,0.8485,,1.0,0.0,0.0035,0.1141,0.8723,0.883,0.6096,,False,
3752,125.078,65,Ben,0.8466,,1.0,0.0,0.0,0.1125,0.8751,0.871,0.5969,,False,
3753,125.112,65,Ben,0.8485,,1.0,0.0,0.0,0.1021,0.8841,0.8664,0.6015,,False,
3754,125.145,65,Ben,0.8460,,1.0,0.0,0.0,0.0872,0.8899,0.8476,0.6029,,False,
3755,125.178,65,Ben,0.8621,,1.0,0.0,0.0,0.1034,0.9142,0.8803,0.5804,,False,
3761,125.379,65,Ben,0.8061,,1.0,0.0017,0.0,0.125,0.898,0.9046,0.6305,,False,
3762,125.412,65,Ben,0.8631,,1.0,0.0092,0.0,0.1321,0.8995,0.9053,0.6236,,False,
3763,125.445,65,Ben,0.8615,,1.0,0.0025,0.0035,0.1287,0.8971,0.902,0.6458,,False,
3764,125.479,65,Ben,0.8643,,1.0,0.0093,0.0,0.1064,0.8986,0.9115,0.6393,,False,
3765,125.512,65,Ben,0.8642,,1.0,0.0163,0.0035,0.0942,0.9,0.9091,0.6393,,False,
3768,125.612,65,Ben,0.8008,,1.0,0.0035,0.0035,0.0755,0.8889,0.9232,0.6366,,False,
3769,125.645,65,Ben,0.8624,,1.0,0.0,0.0,0.1119,0.8842,0.9242,0.6538,,False,
3770,125.679,65,Ben,0.8661,,1.0,0.0,0.0139,0.1368,0.887,0.9354,0.656,,False,
3771,125.712,65,Ben,0.8615,,1.0,0.0,0.0139,0.1685,0.8826,0.9225,0.6655,,False,
3775,125.845,67,Ben,0.6385,,0.0,0.079,0.0,0.0923,0.873,0.7271,0.7429,,False,
3777,125.912,65,Ben,0.7435,,1.0,0.0,0.0104,0.1786,0.8878,0.9058,0.7446,,False,
3780,126.012,67,fighter-67,0.6605,red_gloves,0.0,0.083,0.0,0.0734,0.9094,0.7434,0.7447,punch,True,punch
3781,126.045,67,Ben,0.6461,,0.0,0.0401,0.0,0.0818,0.8855,0.7223,0.7365,,False,
3782,126.079,67,Ben,0.6685,,0.0,0.0591,0.0,0.0691,0.8612,0.732,0.7346,,False,
3784,126.145,65,Ben,0.7504,,1.0,0.0102,0.0,0.1018,0.8813,0.9466,0.735,,False,
3786,126.212,65,Ben,0.7465,,1.0,0.0404,0.0069,0.1158,0.8723,0.9475,0.7447,,False,
3787,126.246,65,Ben,0.8614,,1.0,0.0435,0.0,0.1075,0.8731,0.9356,0.7481,,False,
3788,126.279,65,Ben,0.8621,,1.0,0.0544,0.0,0.1254,0.8734,0.9382,0.7522,,False,
3789,126.312,65,Ben,0.8606,,1.0,0.0267,0.0,0.1283,0.874,0.9311,0.7497,,False,
3790,126.346,65,Ben,0.8587,,1.0,0.0259,0.0035,0.1125,0.8737,0.9233,0.7596,,False,
3791,126.379,65,Ben,0.8602,,1.0,0.0224,0.0035,0.1117,0.8772,0.9248,0.7616,,False,
3792,126.412,65,Ben,0.8613,,1.0,0.0159,0.0,0.0873,0.8788,0.927,0.7657,,False,
3793,126.446,65,Ben,0.8619,,1.0,0.0,0.0,0.086,0.8815,0.9256,0.7683,,False,
3794,126.479,65,Ben,0.8628,,1.0,0.0,0.0,0.0865,0.8845,0.9253,0.7657,,False,
3795,126.512,65,Ben,0.8626,,1.0,0.0069,0.0,0.0542,0.8811,0.9292,0.7754,,False,
3796,126.546,65,Ben,0.8626,,1.0,0.0017,0.0,0.0641,0.8836,0.9259,0.7775,,False,
3797,126.579,65,Ben,0.8615,,1.0,0.0207,0.0,0.0791,0.8821,0.9234,0.7744,,False,
3798,126.612,65,Ben,0.8605,,1.0,0.0025,0.0035,0.0852,0.8832,0.9175,0.7847,,False,
3799,126.646,65,Ben,0.8621,,1.0,0.014,0.0,0.0644,0.8869,0.9188,0.7886,,False,
3804,126.812,65,Ben,0.7421,,1.0,0.0007,0.0,0.0987,0.9051,0.9165,0.7963,,False,
3805,126.846,65,Ben,0.8763,,1.0,0.0,0.0,0.1199,0.9272,0.9211,0.7959,,False,
3807,126.912,65,Ben,0.7502,,1.0,0.0036,0.0069,0.1526,0.9366,0.9078,0.79,,False,
3808,126.946,65,Ben,0.8762,,1.0,0.0,0.0104,0.1609,0.9424,0.8993,0.7824,,False,
3809,126.979,65,Ben,0.8793,,1.0,0.0,0.0104,0.1622,0.9449,0.9086,0.7846,,False,
3810,127.012,65,Ben,0.8772,,1.0,0.0,0.0139,0.1413,0.9466,0.8973,0.7854,,False,
3812,127.079,65,Ben,0.7494,,1.0,0.0093,0.0903,0.07,0.9273,0.9302,0.816,,False,
3813,127.112,65,Ben,0.8797,,1.0,0.0104,0.0139,0.0551,0.927,0.9355,0.8342,,False,
3814,127.146,65,Ben,0.8747,,1.0,0.0,0.0,0.0517,0.9096,0.9392,0.8548,,False,
3815,127.179,65,Ben,0.8701,,1.0,0.0,0.0,0.0291,0.8897,0.9485,0.8689,,False,
3816,127.213,65,Ben,0.8645,,1.0,0.0369,0.0,0.0259,0.8718,0.9504,0.8836,,False,
3817,127.246,65,Ben,0.8598,red_gloves,1.0,0.0856,0.0,0.0262,0.8659,0.9392,0.8723,,False,
3818,127.279,65,Ben,0.8666,,1.0,0.0655,0.0,0.0316,0.8809,0.9463,0.8489,,False,
3819,127.313,65,Ben,0.8645,,1.0,0.0706,0.0139,0.0352,0.8926,0.9207,0.84,,False,
3825,127.513,65,Ben,0.7570,,1.0,0.0762,0.0069,0.0591,0.8935,0.9659,0.8251,,False,
3826,127.546,65,Ben,0.8785,,1.0,0.0639,0.0104,0.0684,0.8998,0.9689,0.8267,,False,
3827,127.579,65,Ben,0.8771,,1.0,0.0729,0.0417,0.0672,0.8953,0.9696,0.8175,,False,
3828,127.613,65,Ben,0.8808,,1.0,0.0556,0.0521,0.0632,0.9018,0.9758,0.8314,,False,
3829,127.646,65,Ben,0.8823,,1.0,0.059,0.0139,0.0544,0.9053,0.9771,0.8356,,False,
3830,127.679,65,Ben,0.8857,,1.0,0.0069,0.0139,0.0539,0.9164,0.9754,0.8398,,False,
3831,127.713,65,Ben,0.8867,,1.0,0.0,0.0069,0.0654,0.9191,0.9758,0.8495,,False,
3832,127.746,65,Ben,0.8869,,1.0,0.0,0.0139,0.0631,0.9215,0.9732,0.853,,False,
3833,127.779,65,Ben,0.8872,,1.0,0.0,0.0104,0.0653,0.9254,0.9691,0.8518,,False,
3834,127.813,65,Ben,0.8859,,1.0,0.0,0.0104,0.0754,0.9271,0.9612,0.8425,,False,
3835,127.846,65,Ben,0.8849,,1.0,0.0,0.0208,0.0701,0.9234,0.9621,0.8483,,False,
3836,127.879,65,Ben,0.8827,,1.0,0.0,0.0,0.0637,0.9209,0.9566,0.8371,,False,
3837,127.913,65,Ben,0.8820,,1.0,0.0,0.0174,0.0654,0.9177,0.9582,0.8412,,False,
3838,127.946,65,Ben,0.8840,,1.0,0.0,0.0174,0.0797,0.9211,0.9616,0.8382,,False,
3839,127.979,65,Ben,0.8852,,1.0,0.0,0.0243,0.0807,0.922,0.9653,0.8376,,False,
3840,128.013,65,Ben,0.8855,,1.0,0.0,0.0278,0.0819,0.9192,0.9709,0.8434,,False,
3841,128.046,65,Ben,0.8848,,1.0,0.0032,0.0312,0.0708,0.913,0.9767,0.8583,,False,
3842,128.08,65,Ben,0.8836,,1.0,0.0,0.0243,0.0678,0.9102,0.9755,0.8681,,False,
3843,128.113,65,Ben,0.8826,,1.0,0.0,0.0312,0.0854,0.9093,0.9727,0.8626,,False,
3844,128.146,65,Ben,0.8788,,1.0,0.0,0.0625,0.0741,0.9051,0.9627,0.8588,,False,
3845,128.18,65,Ben,0.8816,,1.0,0.0,0.059,0.0805,0.9074,0.9712,0.8594,,False,
3846,128.213,65,Ben,0.8821,,1.0,0.0,0.066,0.083,0.9078,0.9725,0.8631,,False,
3847,128.246,65,Ben,0.8794,,1.0,0.0,0.066,0.0805,0.9108,0.9572,0.8495,,False,
3848,128.28,65,Ben,0.8790,,1.0,0.0,0.066,0.0716,0.9074,0.9603,0.8624,,False,
3849,128.313,65,Ben,0.8792,,1.0,0.0,0.0799,0.072,0.9046,0.9651,0.8639,,False,
3850,128.346,65,Ben,0.8787,,1.0,0.0,0.0868,0.0793,0.903,0.9654,0.8596,,False,
3851,128.38,65,Ben,0.8782,,1.0,0.0032,0.066,0.0787,0.9036,0.9624,0.8602,,False,
3852,128.413,65,Ben,0.8801,,1.0,0.0097,0.066,0.0795,0.908,0.9639,0.871,,False,
3853,128.446,65,Ben,0.8813,,1.0,0.0097,0.0556,0.0836,0.9087,0.9679,0.8664,,False,
3854,128.48,65,Ben,0.8823,,1.0,0.0097,0.059,0.0726,0.9119,0.9678,0.8682,,False,
3855,128.513,65,Ben,0.8838,,1.0,0.0063,0.0451,0.0847,0.9193,0.9636,0.8649,,False,
3856,128.546,65,Ben,0.8854,,1.0,0.0032,0.0382,0.0842,0.9231,0.9649,0.8694,,False,
3857,128.58,65,Ben,0.8840,,1.0,0.0065,0.0451,0.0894,0.922,0.9607,0.8676,,False,
3858,128.613,65,Ben,0.8856,,1.0,0.0125,0.0417,0.0829,0.926,0.9615,0.8624,,False,
3859,128.646,65,Ben,0.8866,,1.0,0.0065,0.0208,0.0841,0.9302,0.9599,0.8692,,False,
3860,128.68,65,Ben,0.8861,,1.0,0.0065,0.0278,0.0817,0.9273,0.9616,0.8733,,False,
3861,128.713,65,Ben,0.8847,,1.0,0.0,0.0139,0.0897,0.9262,0.9573,0.8652,,False,
3862,128.746,65,Ben,0.8849,,1.0,0.0032,0.0104,0.0609,0.9231,0.9628,0.8723,,False,
3863,128.78,65,Ben,0.8853,,1.0,0.0035,0.0035,0.0583,0.9251,0.9616,0.876,,False,
3864,128.813,65,Ben,0.8886,,1.0,0.0104,0.0,0.0476,0.9338,0.9628,0.8678,,False,
3865,128.846,65,Ben,0.8878,,1.0,0.0104,0.0069,0.0463,0.9354,0.9574,0.8719,,False,
3866,128.88,65,Ben,0.8864,,1.0,0.0278,0.0035,0.0383,0.9332,0.9546,0.8717,,False,
3867,128.913,65,Ben,0.8882,,1.0,0.0556,0.0069,0.0363,0.9379,0.9553,0.8655,,False,
3868,128.946,65,Ben,0.8881,,1.0,0.066,0.0069,0.0369,0.9405,0.9515,0.865,,False,
3869,128.98,65,Ben,0.8876,,1.0,0.0556,0.0069,0.0352,0.9348,0.9574,0.866,,False,
3870,129.013,65,Ben,0.8903,,1.0,0.0345,0.0069,0.034,0.9418,0.9585,0.8673,,False,
3871,129.047,65,Ben,0.8941,,1.0,0.0511,0.0,0.0393,0.9467,0.9675,0.865,,False,
3872,129.08,65,Ben,0.8965,,1.0,0.0365,0.0174,0.0395,0.9494,0.9739,0.8746,,False,
3873,129.113,65,Ben,0.8969,,1.0,0.0713,0.0174,0.0387,0.9559,0.9664,0.8719,,False,
3874,129.147,65,Ben,0.8976,,1.0,0.0583,0.0174,0.0363,0.9596,0.9641,0.8684,,False,
3875,129.18,65,Ben,0.8984,,1.0,0.065,0.0208,0.0298,0.9606,0.9658,0.8659,,False,
3876,129.213,65,Ben,0.8996,,1.0,0.0719,0.0104,0.0426,0.9651,0.9643,0.8614,,False,
3877,129.247,65,Ben,0.9003,,1.0,0.0676,0.0035,0.0393,0.967,0.9646,0.8556,,False,
3878,129.28,65,Ben,0.8980,,1.0,0.068,0.0104,0.041,0.9641,0.9592,0.8577,,False,
3879,129.313,65,Ben,0.8982,,1.0,0.0678,0.0104,0.0392,0.9624,0.9624,0.8609,,False,
3880,129.347,65,Ben,0.8979,,1.0,0.0713,0.0174,0.0433,0.9618,0.962,0.8616,,False,
3881,129.38,65,Ben,0.8962,,1.0,0.0785,0.0069,0.0398,0.9591,0.9588,0.8596,,False,
3882,129.413,65,Ben,0.8970,,1.0,0.0757,0.0139,0.0401,0.9603,0.9606,0.8629,,False,
3883,129.447,65,Ben,0.8975,,1.0,0.0754,0.0069,0.0414,0.9611,0.9614,0.8593,,False,
3884,129.48,65,Ben,0.8986,,1.0,0.0759,0.0139,0.0401,0.9593,0.9685,0.8664,,False,
3885,129.513,65,Ben,0.9007,,1.0,0.066,0.0104,0.0353,0.9597,0.9766,0.8704,,False,
3886,129.547,65,Ben,0.8998,,1.0,0.0588,0.0069,0.0364,0.9582,0.975,0.8607,,False,
3887,129.58,65,Ben,0.9005,,1.0,0.0727,0.0139,0.0426,0.9589,0.977,0.865,,False,
3892,129.747,65,Ben,0.8744,,1.0,0.0556,0.0243,0.0517,0.9591,0.9772,0.8737,,False,
3893,129.78,65,Ben,0.8999,,1.0,0.0625,0.0069,0.0486,0.957,0.9771,0.8746,,False,
3894,129.813,65,Ben,0.8983,,1.0,0.0694,0.0035,0.0397,0.9598,0.9664,0.8692,,False,
3895,129.847,65,Ben,0.8992,,1.0,0.066,0.0035,0.0526,0.9616,0.9679,0.862,,False,
3896,129.88,65,Ben,0.8992,,1.0,0.0694,0.0069,0.0564,0.9599,0.9702,0.8589,,False,
3897,129.913,65,Ben,0.8993,,1.0,0.059,0.0,0.0551,0.9567,0.9751,0.8619,,False,
3898,129.947,65,Ben,0.8990,,1.0,0.0788,0.0,0.05,0.9586,0.9711,0.8638,,False,
3899,129.98,65,Ben,0.8972,,1.0,0.0764,0.0104,0.0586,0.955,0.9689,0.8632,,False,
3900,130.014,65,Ben,0.8961,,1.0,0.0486,0.0035,0.0574,0.9529,0.9673,0.8669,,False,
3901,130.047,65,Ben,0.8970,,1.0,0.0278,0.0,0.0593,0.9483,0.9772,0.8508,,False,
3902,130.08,65,Ben,0.8981,,1.0,0.0208,0.0139,0.0564,0.9498,0.9797,0.8541,,False,
3903,130.114,65,Ben,0.8965,,1.0,0.0208,0.0069,0.0536,0.9509,0.9716,0.8447,,False,
3904,130.147,65,Ben,0.8935,,1.0,0.0347,0.0104,0.0519,0.9407,0.9738,0.849,,False,
3905,130.18,65,Ben,0.8918,,1.0,0.0278,0.0,0.0444,0.9357,0.9734,0.8411,,False,
3906,130.214,65,Ben,0.8921,,1.0,0.0278,0.0035,0.0481,0.9356,0.9751,0.8474,,False,
3907,130.247,65,Ben,0.8915,,1.0,0.0278,0.0035,0.0391,0.9339,0.975,0.8485,,False,
3908,130.28,65,Ben,0.8932,,1.0,0.0278,0.0069,0.0432,0.9385,0.9755,0.8469,,False,
3909,130.314,65,Ben,0.8922,,1.0,0.0278,0.0104,0.0352,0.9371,0.9733,0.8484,,False,
3910,130.347,65,Ben,0.8918,,1.0,0.0243,0.0104,0.0383,0.9351,0.9743,0.8468,,False,
3911,130.38,65,Ben,0.8918,,1.0,0.0243,0.0139,0.0383,0.9347,0.975,0.8483,,False,
3912,130.414,65,Ben,0.8914,,1.0,0.0104,0.0104,0.0383,0.9329,0.9761,0.8502,,False,
3913,130.447,65,Ben,0.8917,,1.0,0.0139,0.0174,0.0432,0.9343,0.9753,0.8408,,False,
3914,130.48,65,Ben,0.8906,,1.0,0.0208,0.0139,0.0435,0.932,0.974,0.8405,,False,
3915,130.514,65,Ben,0.8874,,1.0,0.0243,0.0104,0.0401,0.9215,0.9754,0.8441,,False,
3916,130.547,65,Ben,0.8885,,1.0,0.0139,0.0035,0.0417,0.9227,0.9784,0.8503,,False,
3917,130.58,65,Ben,0.8884,,1.0,0.0208,0.0,0.0449,0.9221,0.9786,0.8559,,False,
3918,130.614,65,Ben,0.8876,,1.0,0.0174,0.0104,0.0429,0.9194,0.9791,0.8592,,False,
3919,130.647,65,Ben,0.8860,,1.0,0.0208,0.0069,0.0526,0.915,0.9787,0.8552,,False,
3920,130.68,65,Ben,0.8846,,1.0,0.0278,0.0035,0.0545,0.9117,0.9775,0.8531,,False,
3921,130.714,65,Ben,0.8813,,1.0,0.0347,0.0139,0.0451,0.9029,0.9765,0.8604,,False,
3922,130.747,65,Ben,0.8805,,1.0,0.0347,0.0035,0.0411,0.9033,0.9723,0.8663,,False,
3923,130.78,65,Ben,0.8774,,1.0,0.0417,0.0,0.0389,0.8936,0.9731,0.8665,,False,
3924,130.814,65,Ben,0.8733,,1.0,0.0278,0.0,0.0405,0.8828,0.9715,0.8713,,False,
3925,130.847,65,Ben,0.8701,,1.0,0.0556,0.0,0.0414,0.8793,0.9629,0.8645,,False,
3926,130.881,65,Ben,0.8704,,1.0,0.0417,0.0,0.0506,0.8801,0.9633,0.8695,,False,
3927,130.914,65,Ben,0.8736,,1.0,0.0327,0.0,0.0552,0.884,0.9709,0.8818,,False,
3928,130.947,65,Ben,0.8742,,1.0,0.0,0.0,0.0531,0.8876,0.9686,0.8669,,False,
3929,130.981,65,Ben,0.8789,,1.0,0.0,0.0,0.0471,0.8991,0.9715,0.8605,,False,
3930,131.014,65,Ben,0.8773,,1.0,0.0,0.0069,0.0589,0.8994,0.9644,0.8543,,False,
3931,131.047,65,Ben,0.8714,,1.0,0.0186,0.0,0.0686,0.8976,0.9426,0.8671,,False,
3932,131.081,65,Ben,0.8703,,1.0,0.0153,0.0208,0.0835,0.8975,0.938,0.8598,,False,
3933,131.114,65,Ben,0.8664,,1.0,0.0194,0.0069,0.1133,0.891,0.9309,0.8596,,False,
3934,131.147,65,Ben,0.8661,,1.0,0.0172,0.0104,0.1465,0.8877,0.9345,0.8691,,False,
3935,131.181,65,Ben,0.8618,,1.0,0.0104,0.0417,0.1223,0.8815,0.9255,0.8887,,False,
3936,131.214,65,Ben,0.8607,,1.0,0.0069,0.0521,0.1245,0.8685,0.9392,0.8911,,False,
3937,131.247,65,Ben,0.8588,,1.0,0.0195,0.0243,0.1234,0.8598,0.9437,0.887,,False,
3938,131.281,65,Ben,0.8577,,1.0,0.0267,0.0035,0.1139,0.8555,0.945,0.8774,,False,
3939,131.314,65,Ben,0.8595,,1.0,0.0104,0.0,0.0885,0.8544,0.9542,0.8497,,False,
3940,131.347,65,Ben,0.8594,,1.0,0.0,0.0,0.0668,0.8543,0.9538,0.863,,False,
3941,131.381,65,Ben,0.8608,,1.0,0.0,0.0,0.0345,0.8584,0.9539,0.8584,,False,
3942,131.414,65,Ben,0.8649,,1.0,0.0035,0.0,0.0189,0.8805,0.9397,0.8302,,False,
3943,131.447,65,Ben,0.8746,,1.0,0.0,0.0,0.016,0.9092,0.9393,0.7974,,False,
3944,131.481,65,Ben,0.8821,,1.0,0.0,0.0,0.022,0.928,0.9442,0.8142,,False,
3945,131.514,65,Ben,0.8786,,1.0,0.0,0.0,0.0533,0.9335,0.9217,0.833,,False,
3946,131.547,65,Ben,0.8799,,1.0,0.0,0.0,0.0975,0.9321,0.9291,0.8518,,False,
3947,131.581,65,Ben,0.8838,,1.0,0.0069,0.0,0.1247,0.9415,0.9319,0.8585,,False,
3948,131.614,65,Ben,0.8805,,1.0,0.0183,0.0,0.137,0.9455,0.9126,0.8594,,False,
3949,131.647,65,Ben,0.8892,,1.0,0.0162,0.0,0.1229,0.9546,0.9361,0.8417,,False,
3950,131.681,65,Ben,0.8900,,1.0,0.0309,0.0,0.0805,0.9477,0.949,0.8381,,False,
3951,131.714,65,Ben,0.8918,,1.0,0.0048,0.0,0.0555,0.9447,0.9607,0.8139,,False,
3952,131.747,65,Ben,0.8958,,1.0,0.0024,0.0,0.0547,0.9433,0.9795,0.7986,,False,
3953,131.781,65,Ben,0.8986,,1.0,0.0,0.0035,0.049,0.947,0.9858,0.7911,,False,
3954,131.814,65,Ben,0.8995,,1.0,0.0,0.0104,0.0482,0.9479,0.9882,0.7872,,False,
3956,131.881,65,Ben,0.8674,,1.0,0.0,0.0,0.0358,0.9233,0.9777,0.806,,False,
3957,131.914,65,Ben,0.8840,,1.0,0.0,0.0,0.0426,0.9139,0.972,0.7931,,False,
3958,131.948,65,Ben,0.8873,,1.0,0.0,0.0,0.0693,0.9229,0.9729,0.7912,,False,
3959,131.981,65,Ben,0.8863,,1.0,0.0,0.0035,0.0948,0.9294,0.9596,0.7692,,False,
3960,132.014,65,Ben,0.8879,,1.0,0.0,0.0,0.0717,0.936,0.957,0.7774,,False,
3961,132.048,65,Ben,0.8878,,1.0,0.0,0.0,0.0532,0.9365,0.9556,0.7759,,False,
3962,132.081,65,Ben,0.8811,,1.0,0.0,0.0,0.0385,0.9193,0.9521,0.7481,,False,
3963,132.114,65,Ben,0.8781,,1.0,0.0,0.0,0.0341,0.9058,0.9588,0.7308,,False,
3964,132.148,65,Ben,0.8793,,1.0,0.0,0.0,0.0189,0.9071,0.962,0.7442,,False,
3965,132.181,65,Ben,0.8826,,1.0,0.0,0.0,0.0206,0.9161,0.963,0.7557,,False,
3966,132.214,65,Ben,0.8829,,1.0,0.0,0.0035,0.0184,0.9244,0.9525,0.7238,,False,
3967,132.248,65,Ben,0.8836,,1.0,0.0,0.0,0.0318,0.9341,0.9419,0.7429,,False,
3968,132.281,65,Ben,0.8877,,1.0,0.0067,0.0,0.0424,0.9409,0.949,0.7529,,False,
3969,132.314,65,Ben,0.8881,,1.0,0.0202,0.0,0.0582,0.9429,0.9479,0.7448,,False,
3970,132.348,65,Ben,0.8878,,1.0,0.0,0.0,0.0622,0.9453,0.9433,0.7487,,False,
3971,132.381,65,Ben,0.8877,,1.0,0.0,0.0,0.0653,0.9429,0.9464,0.7617,,False,
3972,132.414,65,Ben,0.8887,,1.0,0.0,0.0035,0.0622,0.9404,0.9542,0.7513,,False,
3973,132.448,65,Ben,0.8900,,1.0,0.0004,0.0,0.0753,0.9389,0.9616,0.7437,,False,
3974,132.481,65,Ben,0.8921,,1.0,0.0,0.0069,0.0677,0.9415,0.9667,0.7294,,False,
3975,132.514,65,Ben,0.8941,,1.0,0.0257,0.0,0.0509,0.9409,0.9758,0.7542,,False,
3976,132.548,65,Ben,0.8935,,1.0,0.0362,0.0069,0.0527,0.9413,0.9728,0.7463,,False,
3977,132.581,65,Ben,0.8931,,1.0,0.0226,0.0035,0.0507,0.9427,0.9689,0.7465,,False,
3978,132.614,65,Ben,0.8928,,1.0,0.0192,0.023,0.0504,0.9434,0.9668,0.741,,False,
3979,132.648,65,Ben,0.8940,,1.0,0.0095,0.0035,0.059,0.9487,0.9645,0.7435,,False,
3980,132.681,65,Ben,0.8948,,1.0,0.0093,0.0278,0.0752,0.9496,0.9662,0.736,,False,
3981,132.715,65,Ben,0.8945,,1.0,0.0,0.0035,0.0702,0.9469,0.9691,0.7497,,False,
3982,132.748,65,Ben,0.8942,,1.0,0.0,0.0,0.0716,0.9463,0.9687,0.7516,,False,
3983,132.781,65,Ben,0.8948,,1.0,0.0,0.0,0.0711,0.9483,0.9683,0.7644,,False,
3984,132.815,65,Ben,0.8929,,1.0,0.0,0.0,0.0913,0.9486,0.9599,0.7801,,False,
3985,132.848,65,Ben,0.8950,,1.0,0.0,0.0,0.0915,0.9545,0.9604,0.791,,False,
3986,132.881,65,Ben,0.8981,,1.0,0.0,0.0,0.0791,0.965,0.9582,0.7846,,False,
3987,132.915,65,Ben,0.8987,,1.0,0.0,0.0,0.0764,0.9598,0.9681,0.7642,,False,
3988,132.948,65,Ben,0.8964,,1.0,0.0,0.0,0.0625,0.9552,0.9652,0.7678,,False,
3989,132.981,65,Ben,0.8930,,1.0,0.0165,0.0035,0.0563,0.9443,0.9665,0.749,,False,
3990,133.015,65,Ben,0.8915,,1.0,0.0066,0.0035,0.0434,0.941,0.9648,0.7531,,False,
3991,133.048,65,Ben,0.8907,,1.0,0.0033,0.0035,0.0388,0.9421,0.9598,0.7539,,False,
3992,133.081,65,Ben,0.8930,,1.0,0.0031,0.0035,0.0552,0.95,0.9582,0.7535,,False,
3993,133.115,65,Ben,0.8966,,1.0,0.0,0.0,0.072,0.9618,0.9566,0.7519,,False,
3994,133.148,65,Ben,0.8892,,1.0,0.0,0.0,0.0864,0.9461,0.9481,0.7655,,False,
3995,133.181,65,Ben,0.8890,,1.0,0.0,0.0,0.0964,0.9441,0.95,0.7716,,False,
3996,133.215,65,Ben,0.8921,,1.0,0.0,0.0,0.0991,0.9542,0.9487,0.7836,,False,
3997,133.248,65,Ben,0.8941,,1.0,0.0,0.0026,0.0877,0.9541,0.9573,0.775,,False,
3998,133.281,65,Ben,0.8934,,1.0,0.0,0.0026,0.0885,0.9488,0.9619,0.7581,,False,
3999,133.315,65,Ben,0.8925,,1.0,0.0261,0.0077,0.0903,0.9459,0.9621,0.7648,,False,
4000,133.348,65,Ben,0.8920,,1.0,0.0238,0.0,0.0826,0.9482,0.9567,0.7595,,False,
4001,133.381,65,Ben,0.8895,,1.0,0.0264,0.0,0.0734,0.9498,0.9442,0.7573,,False,
4002,133.415,65,Ben,0.8911,,1.0,0.0118,0.0,0.07,0.9496,0.9508,0.7493,,False,
4003,133.448,65,Ben,0.8911,,1.0,0.0167,0.0,0.0626,0.947,0.9545,0.7587,,False,
4004,133.481,65,Ben,0.8923,,1.0,0.0181,0.0051,0.0776,0.9467,0.96,0.7707,,False,
4005,133.515,65,Ben,0.8944,,1.0,0.0228,0.0,0.0881,0.9531,0.9599,0.7739,,False,
4006,133.548,65,Ben,0.8965,,1.0,0.0197,0.0,0.0926,0.9588,0.9606,0.7677,,False,
4007,133.581,65,Ben,0.8933,,1.0,0.003,0.0,0.0877,0.9527,0.9556,0.7916,,False,
4008,133.615,65,Ben,0.8940,,1.0,0.0096,0.0035,0.0911,0.9555,0.9549,0.8095,,False,
4009,133.648,65,Ben,0.8951,,1.0,0.0064,0.0,0.0855,0.9587,0.9548,0.8135,,False,
4010,133.682,65,Ben,0.8966,,1.0,0.0089,0.0,0.0662,0.9565,0.964,0.8071,,False,
4011,133.715,65,Ben,0.8931,,1.0,0.0129,0.0,0.0706,0.956,0.9504,0.7958,,False,
4016,133.882,65,Ben,0.8737,,1.0,0.0,0.0,0.0662,0.9555,0.9561,0.766,,False,
4017,133.915,65,Ben,0.8872,,1.0,0.0,0.0,0.0786,0.9373,0.9522,0.782,,False,
4018,133.948,65,Ben,0.8911,,1.0,0.0,0.0035,0.1059,0.9509,0.9491,0.7761,,False,
4019,133.982,65,Ben,0.8914,,1.0,0.0,0.0,0.1089,0.9539,0.9462,0.7984,,False,
4020,134.015,65,Ben,0.8891,,1.0,0.0,0.0243,0.1086,0.9495,0.9428,0.7977,,False,
4021,134.048,65,Ben,0.8842,,1.0,0.0,0.0,0.097,0.9461,0.927,0.7767,,False,
4022,134.082,65,Ben,0.8762,,1.0,0.0009,0.0102,0.0763,0.9409,0.9012,0.7876,,False,
4023,134.115,65,Ben,0.8727,,1.0,0.0,0.0051,0.0846,0.9418,0.8855,0.7553,,False,
4026,134.215,65,Ben,0.8550,,1.0,0.0086,0.0,0.0355,0.9542,0.8954,0.7271,,False,
4027,134.248,65,Ben,0.8761,,1.0,0.0049,0.0,0.0261,0.9535,0.8829,0.7109,,False,
4029,134.315,65,Ben,0.8518,,1.0,0.0,0.0,0.026,0.9532,0.8776,0.7031,,False,
4030,134.348,65,Ben,0.8732,,1.0,0.0,0.0,0.049,0.9531,0.8713,0.6988,,False,
4031,134.382,65,Ben,0.8680,,1.0,0.001,0.0,0.0294,0.9429,0.8642,0.6994,,False,
4032,134.415,65,Ben,0.8726,,1.0,0.0128,0.0,0.026,0.9428,0.8837,0.7043,,False,
4033,134.448,65,Ben,0.8687,,1.0,0.014,0.0,0.0327,0.9469,0.8614,0.7046,,False,
4034,134.482,65,Ben,0.8695,,1.0,0.0161,0.0,0.0373,0.9437,0.8692,0.726,,False,
4035,134.515,65,Ben,0.8719,,1.0,0.0074,0.0,0.0526,0.9438,0.8793,0.7425,,False,
4036,134.549,65,Ben,0.8721,,1.0,0.0,0.0,0.0544,0.9415,0.8831,0.7447,,False,
4037,134.582,65,Ben,0.8709,,1.0,0.0,0.0,0.0559,0.9387,0.8824,0.758,,False,
4038,134.615,65,Ben,0.8739,,1.0,0.0,0.0,0.053,0.9384,0.895,0.7692,,False,
4039,134.649,65,Ben,0.8779,,1.0,0.0139,0.0035,0.0559,0.9387,0.9116,0.783,,False,
4040,134.682,65,Ben,0.8780,,1.0,0.0417,0.0,0.0584,0.9323,0.9211,0.7647,,False,
4041,134.715,65,Ben,0.8766,,1.0,0.0,0.0,0.0262,0.9247,0.9258,0.7606,,False,
4042,134.749,65,Ben,0.8753,,1.0,0.0,0.0,0.0196,0.9045,0.9489,0.7693,,False,
4047,134.915,65,Ben,0.8505,,1.0,0.0,0.0,0.0923,0.9033,0.9393,0.7529,,False,
4048,134.949,65,Ben,0.8717,,1.0,0.0,0.0,0.1082,0.9032,0.936,0.7546,,False,
4049,134.982,65,Ben,0.8736,,1.0,0.0,0.0,0.1279,0.9074,0.938,0.7753,,False,
4050,135.015,65,Ben,0.8741,,1.0,0.0,0.0,0.1414,0.9165,0.9269,0.7694,,False,
4051,135.049,65,Ben,0.8780,,1.0,0.0,0.0069,0.1577,0.9235,0.9335,0.7573,,False,
4052,135.082,65,Ben,0.8799,,1.0,0.0,0.0035,0.1489,0.9298,0.9325,0.7741,,False,
4053,135.115,65,Ben,0.8836,,1.0,0.0035,0.0174,0.1466,0.9341,0.9419,0.7694,,False,
4054,135.149,65,Ben,0.8814,,1.0,0.0035,0.0139,0.1326,0.9316,0.9359,0.7641,,False,
4055,135.182,65,Ben,0.8812,,1.0,0.0,0.0417,0.1136,0.9376,0.9267,0.7615,,False,
4056,135.215,65,Ben,0.8803,,1.0,0.0,0.0139,0.0876,0.9424,0.9163,0.7446,,False,
4057,135.249,65,Ben,0.8818,,1.0,0.0,0.0035,0.0722,0.9471,0.9157,0.7604,,False,
4059,135.315,65,Ben,0.8544,,1.0,0.0,0.0051,0.0284,0.9414,0.9014,0.7475,,False,
4060,135.349,65,Ben,0.8729,,1.0,0.0201,0.0,0.0278,0.9392,0.8898,0.7237,,False,
4061,135.382,65,Ben,0.8709,,1.0,0.019,0.0051,0.0279,0.9353,0.8871,0.7169,,False,
4062,135.415,65,Ben,0.8717,,1.0,0.0067,0.0026,0.0221,0.9373,0.8877,0.6997,,False,
4063,135.449,65,Ben,0.8688,,1.0,0.0052,0.0,0.0347,0.9394,0.8725,0.7126,,False,
4064,135.482,65,Ben,0.8707,,1.0,0.0001,0.0,0.0401,0.9452,0.8721,0.698,,False,
4065,135.516,65,Ben,0.8691,,1.0,0.0,0.0,0.0401,0.9414,0.8708,0.7076,,False,
4066,135.549,65,Ben,0.8671,,1.0,0.0,0.0,0.0497,0.9386,0.8664,0.7125,,False,
4067,135.582,65,Ben,0.8648,,1.0,0.0,0.0026,0.0477,0.9323,0.866,0.7264,,False,
4068,135.616,65,Ben,0.8640,,1.0,0.0,0.0051,0.0459,0.9346,0.8592,0.7303,,False,
4069,135.649,65,Ben,0.8596,,1.0,0.0,0.0026,0.0306,0.9312,0.846,0.7225,,False,
4070,135.682,65,Ben,0.8592,,1.0,0.0,0.0,0.025,0.9298,0.8462,0.7423,,False,
4071,135.716,65,Ben,0.8570,,1.0,0.0,0.0,0.0331,0.9348,0.8299,0.7382,,False,
4072,135.749,65,Ben,0.8523,,1.0,0.0,0.0069,0.0366,0.9318,0.8145,0.7535,,False,
4074,135.816,65,Ben,0.8234,,1.0,0.0035,0.0069,0.0501,0.9395,0.7904,0.7496,,False,
4075,135.849,65,Ben,0.8503,,1.0,0.0,0.0035,0.0622,0.9415,0.7923,0.7411,,False,
4076,135.882,65,Ben,0.8502,,1.0,0.0208,0.0,0.0604,0.9501,0.78,0.7486,,False,
4077,135.916,65,Ben,0.8504,,1.0,0.0035,0.0,0.0632,0.9518,0.7781,0.7492,,False,
4084,136.149,65,Ben,0.7942,,1.0,0.0,0.1289,0.0501,0.9191,0.7264,0.715,,False,
4085,136.182,65,Ben,0.8230,,1.0,0.0005,0.0185,0.0352,0.9173,0.713,0.7055,,False,
4086,136.216,65,Ben,0.8214,,1.0,0.0,0.0444,0.0507,0.929,0.6896,0.7034,,False,
4087,136.249,65,Ben,0.8179,,1.0,0.0096,0.0093,0.0664,0.9201,0.6879,0.7069,,False,
4088,136.282,65,Ben,0.8262,,1.0,0.0686,0.0114,0.0547,0.9312,0.7065,0.7546,punch,False,
4101,136.716,65,Ben,0.8132,,1.0,0.0,0.0,0.0459,0.907,0.8196,0.7674,,False,
4102,136.749,65,Ben,0.8419,,1.0,0.0,0.0,0.0467,0.9103,0.8015,0.6532,,False,
4103,136.783,65,Ben,0.8548,,1.0,0.0,0.0059,0.0604,0.8985,0.8721,0.6832,,False,
4104,136.816,65,Ben,0.8488,,1.0,0.0,0.0098,0.0395,0.8775,0.877,0.706,,False,
4105,136.849,65,Ben,0.8518,,1.0,0.0,0.0,0.0355,0.9036,0.8523,0.7438,,False,
4148,138.283,65,Ben,0.7355,,1.0,0.0,0.0,0.0173,0.8691,0.7356,0.8677,,False,
4149,138.317,65,Ben,0.8041,,1.0,0.0,0.0,0.007,0.8686,0.7033,0.8275,,False,
4150,138.35,65,Ben,0.7846,,1.0,0.0,0.0,0.0032,0.8532,0.6436,0.7553,,False,
4151,138.383,65,Ben,0.7843,,1.0,0.0,0.0,0.0049,0.8391,0.6624,0.7654,,False,
4152,138.417,65,Ben,0.7733,,1.0,0.0,0.0,0.0095,0.8192,0.6449,0.7578,,False,
4153,138.45,65,Ben,0.7772,,1.0,0.0,0.0,0.0029,0.8477,0.6207,0.7274,,False,
4181,139.384,65,Ben,0.7961,,1.0,0.0,0.0,0.0138,0.9158,0.9113,0.6907,,False,
4182,139.417,65,Ben,0.8672,,1.0,0.0,0.0104,0.0322,0.9153,0.9,0.6717,,False,
4183,139.45,65,Ben,0.8676,,1.0,0.0,0.0104,0.0545,0.9099,0.9094,0.6397,,False,
4184,139.484,65,Ben,0.8699,,1.0,0.0,0.0069,0.09,0.9075,0.9225,0.6854,,False,
4185,139.517,65,Ben,0.8627,,1.0,0.0,0.0,0.1231,0.8864,0.9222,0.6693,,False,
4186,139.55,65,Ben,0.8487,,1.0,0.0,0.0035,0.125,0.8559,0.9071,0.6641,,False,
4187,139.584,65,Ben,0.8444,,1.0,0.0,0.0035,0.1437,0.8562,0.8889,0.6868,,False,
4188,139.617,65,Ben,0.8560,,1.0,0.0,0.0,0.142,0.8802,0.9031,0.6828,,False,
4189,139.65,65,Ben,0.8478,,1.0,0.0,0.0,0.1338,0.8666,0.8881,0.6666,,False,
4190,139.684,65,Ben,0.8445,,1.0,0.0,0.0,0.1758,0.8606,0.8829,0.6689,,False,
4193,139.784,65,Ben,0.8252,,1.0,0.0048,0.0204,0.1394,0.8594,0.9098,0.6804,,False,
4194,139.817,65,Ben,0.8531,,1.0,0.0101,0.0204,0.1074,0.8613,0.9178,0.6733,,False,
4195,139.85,65,Ben,0.8487,,1.0,0.0069,0.0451,0.0888,0.8553,0.9077,0.6729,,False,
4196,139.884,65,Ben,0.8583,,1.0,0.0,0.0556,0.1029,0.881,0.9114,0.6726,,False,
4197,139.917,65,Ben,0.8598,,1.0,0.0,0.0764,0.1428,0.8905,0.9045,0.6765,,False,
4198,139.95,65,Ben,0.8587,,1.0,0.0,0.0347,0.1761,0.8944,0.8941,0.6647,,False,
4199,139.984,65,Ben,0.8494,,1.0,0.0,0.0035,0.1598,0.8796,0.8763,0.6338,,False,
4200,140.017,65,Ben,0.8529,,1.0,0.0031,0.0174,0.1562,0.8761,0.896,0.6265,,False,
4201,140.05,65,Ben,0.8597,,1.0,0.006,0.0139,0.1343,0.8789,0.9204,0.6574,,False,
4202,140.084,65,Ben,0.8587,,1.0,0.0224,0.0104,0.14,0.8806,0.9138,0.6743,,False,
4203,140.117,65,Ben,0.8608,,1.0,0.0484,0.0139,0.132,0.8829,0.9194,0.6902,,False,
4204,140.151,65,Ben,0.8623,,1.0,0.0665,0.0174,0.1335,0.8921,0.9123,0.6974,,False,
4205,140.184,65,Ben,0.8612,,1.0,0.0709,0.0139,0.1417,0.8942,0.9049,0.6852,,False,
4206,140.217,65,Ben,0.8627,,1.0,0.0663,0.0104,0.1196,0.8914,0.9152,0.6985,,False,
4207,140.251,65,Ben,0.8625,,1.0,0.0467,0.0035,0.1122,0.8911,0.9146,0.6985,,False,
4208,140.284,65,Ben,0.8626,,1.0,0.0426,0.0069,0.1014,0.8909,0.9153,0.7006,,False,
4209,140.317,65,Ben,0.8645,,1.0,0.0284,0.0069,0.1006,0.8913,0.9229,0.7099,,False,
4210,140.351,65,Ben,0.8648,,1.0,0.0242,0.0069,0.1116,0.8902,0.9255,0.7122,,False,
4211,140.384,65,Ben,0.7232,,0.0,0.0192,0.0069,0.1274,0.8881,0.9218,0.7305,,False,
4212,140.417,65,Ben,0.7208,,0.0,0.0019,0.0035,0.1442,0.8851,0.916,0.7293,,False,
4213,140.451,65,Ben,0.7249,,0.0,0.0087,0.0,0.1545,0.8892,0.9273,0.7464,,False,
4214,140.484,65,Ben,0.7217,,0.0,0.0,0.0,0.1617,0.8842,0.9212,0.7383,,False,
4215,140.517,65,Ben,0.7214,,0.0,0.0,0.0,0.1583,0.885,0.9189,0.7306,,False,
4216,140.551,65,Ben,0.8650,face_mismatch,1.0,0.0,0.0,0.1463,0.8822,0.9117,0.7389,,False,
4217,140.584,65,Ben,0.8659,face_mismatch,1.0,0.0,0.0035,0.1418,0.8825,0.9176,0.7471,,False,
4218,140.617,65,Ben,0.8672,face_mismatch,1.0,0.0,0.0,0.1492,0.8815,0.9267,0.7705,,False,
4219,140.651,65,Ben,0.8694,face_mismatch,1.0,0.0031,0.0035,0.1782,0.8836,0.9319,0.7766,,False,
4226,140.884,65,Ben,0.8480,,1.0,0.0,0.0,0.1234,0.9024,0.9276,0.7838,,False,
4227,140.917,65,Ben,0.8730,,1.0,0.0,0.0,0.1178,0.8999,0.9458,0.8052,,False,
4228,140.951,65,Ben,0.8717,,1.0,0.0,0.0,0.1034,0.8983,0.9427,0.8203,,False,
4229,140.984,65,Ben,0.8703,,1.0,0.0,0.0,0.058,0.8853,0.9555,0.857,,False,
4230,141.018,65,Ben,0.8632,,1.0,0.0,0.0,0.0587,0.8657,0.9538,0.8639,,False,
4231,141.051,65,Ben,0.8574,,1.0,0.0064,0.0,0.0467,0.8485,0.9539,0.8648,,False,
4232,141.084,65,Ben,0.8626,,1.0,0.0129,0.0,0.0375,0.861,0.9576,0.8465,,False,
4233,141.118,65,Ben,0.8629,,1.0,0.0219,0.0139,0.04,0.8651,0.9531,0.8262,,False,
4234,141.151,65,Ben,0.8630,,1.0,0.022,0.0104,0.0506,0.8776,0.9359,0.796,,False,
4235,141.184,65,Ben,0.8680,,1.0,0.049,0.0139,0.0603,0.8829,0.9492,0.7856,,False,
4236,141.218,65,Ben,0.8704,,1.0,0.0379,0.0069,0.0679,0.8862,0.9546,0.8045,,False,
4237,141.251,65,Ben,0.8736,,1.0,0.0539,0.0104,0.0787,0.8912,0.961,0.8076,,False,
4238,141.284,65,Ben,0.8778,,1.0,0.0586,0.0069,0.0771,0.8939,0.9743,0.8164,,False,
4240,141.351,65,Ben,0.8609,,1.0,0.0723,0.0174,0.0852,0.9001,0.9744,0.8238,,False,
4241,141.384,65,Ben,0.8789,,1.0,0.0382,0.0347,0.0757,0.8968,0.9748,0.8186,,False,
4242,141.418,65,Ben,0.8786,,1.0,0.0243,0.0347,0.0647,0.8984,0.9716,0.8152,,False,
4243,141.451,65,Ben,0.8753,,1.0,0.0,0.0139,0.0721,0.8887,0.9714,0.8178,,False,
4244,141.484,65,Ben,0.8763,,1.0,0.0,0.0069,0.0687,0.8949,0.9668,0.8132,,False,
4245,141.518,65,Ben,0.8758,,1.0,0.0,0.0035,0.0741,0.8937,0.9666,0.8251,,False,
4246,141.551,65,Ben,0.8796,,1.0,0.0,0.0,0.0517,0.9033,0.9687,0.8324,,False,
4247,141.584,65,Ben,0.8794,,1.0,0.0,0.0035,0.0568,0.9054,0.9647,0.8311,,False,
4248,141.618,65,Ben,0.8780,,1.0,0.0,0.0174,0.0636,0.9036,0.9615,0.8323,,False,
4249,141.651,65,Ben,0.8818,,1.0,0.0,0.0382,0.0824,0.9133,0.9638,0.8427,,False,
4250,141.684,65,Ben,0.8829,,1.0,0.0,0.0243,0.0975,0.9155,0.965,0.8583,,False,
4251,141.718,65,Ben,0.8824,,1.0,0.0,0.0035,0.1131,0.9176,0.96,0.8593,,False,
4252,141.751,65,Ben,0.8815,,1.0,0.0,0.0069,0.118,0.9227,0.9493,0.8646,,False,
4253,141.784,65,Ben,0.8800,,1.0,0.0167,0.0278,0.1347,0.9219,0.9438,0.8561,,False,
4254,141.818,65,Ben,0.8817,,1.0,0.0102,0.0486,0.1449,0.922,0.9511,0.8545,,False,
4255,141.851,65,Ben,0.8818,,1.0,0.0102,0.0417,0.1334,0.9165,0.9593,0.8563,,False,
4256,141.884,65,Ben,0.8813,,1.0,0.0035,0.0451,0.1151,0.9113,0.9646,0.8626,,False,
4257,141.918,65,Ben,0.8813,,1.0,0.0067,0.0382,0.1096,0.9119,0.9637,0.8622,,False,
4258,141.951,65,Ben,0.8788,,1.0,0.0035,0.0382,0.1005,0.9039,0.9644,0.8636,,False,
4259,141.985,65,Ben,0.8789,,1.0,0.0035,0.0347,0.0929,0.9041,0.9648,0.8534,,False,
4260,142.018,65,Ben,0.8794,,1.0,0.0,0.0243,0.0904,0.9041,0.9666,0.8666,,False,
4261,142.051,65,Ben,0.8794,,1.0,0.0,0.0243,0.0765,0.9034,0.9678,0.8746,,False,
4262,142.085,65,Ben,0.8778,,1.0,0.0,0.0278,0.0692,0.9008,0.9646,0.8755,,False,
4263,142.118,65,Ben,0.8764,,1.0,0.0,0.0278,0.0744,0.8975,0.9635,0.8823,,False,
4264,142.151,65,Ben,0.8779,,1.0,0.0,0.0278,0.0776,0.9026,0.9625,0.8803,,False,
4265,142.185,65,Ben,0.8801,,1.0,0.0,0.0382,0.074,0.9095,0.9618,0.8695,,False,
4266,142.218,65,Ben,0.8805,,1.0,0.0035,0.0312,0.0727,0.9122,0.9599,0.8669,,False,
4267,142.251,65,Ben,0.8842,,1.0,0.0104,0.0312,0.0556,0.9191,0.9655,0.8621,,False,
4268,142.285,65,Ben,0.8827,,1.0,0.0104,0.0451,0.0486,0.9181,0.9606,0.883,,False,
4269,142.318,65,Ben,0.8811,,1.0,0.0243,0.0417,0.0486,0.9154,0.9579,0.8735,,False,
4270,142.351,65,Ben,0.8859,,1.0,0.0139,0.0451,0.0479,0.9231,0.967,0.8705,,False,
4271,142.385,65,Ben,0.8829,,1.0,0.0,0.0417,0.0382,0.919,0.9603,0.8761,,False,
4272,142.418,65,Ben,0.8880,,1.0,0.0104,0.0417,0.0353,0.9314,0.964,0.8651,,False,
4273,142.451,65,Ben,0.8892,,1.0,0.0067,0.0764,0.034,0.9369,0.961,0.8695,,False,
4274,142.485,65,Ben,0.8922,,1.0,0.0174,0.0694,0.0347,0.9376,0.9725,0.8581,,False,
4275,142.518,65,Ben,0.8940,,1.0,0.0312,0.0868,0.038,0.9435,0.9716,0.856,,False,
4276,142.551,65,Ben,0.8957,,1.0,0.0193,0.0972,0.0387,0.9473,0.9734,0.8442,,False,
4277,142.585,65,Ben,0.8948,,1.0,0.0196,0.0799,0.038,0.9455,0.9721,0.8463,,False,
4278,142.618,65,Ben,0.8947,,1.0,0.0284,0.0799,0.0368,0.9457,0.9716,0.8414,,False,
4279,142.651,65,Ben,0.8912,,1.0,0.0387,0.066,0.036,0.9389,0.9664,0.826,,False,
4280,142.685,65,Ben,0.8871,,1.0,0.024,0.059,0.0417,0.9289,0.9636,0.8338,,False,
4281,142.718,65,Ben,0.8849,,1.0,0.0255,0.0868,0.0346,0.9242,0.9612,0.8303,,False,
4283,142.785,65,Ben,0.8557,,1.0,0.0098,0.0764,0.0555,0.908,0.9538,0.8308,,False,
4284,142.818,65,Ben,0.8756,,1.0,0.0,0.0382,0.0636,0.9028,0.9526,0.8301,,False,
4285,142.851,65,Ben,0.8657,,1.0,0.0139,0.0312,0.075,0.886,0.9354,0.847,,False,
4286,142.885,65,Ben,0.8619,,1.0,0.0,0.0069,0.0778,0.8746,0.9355,0.8477,,False,
4287,142.918,65,Ben,0.8604,,1.0,0.0,0.0,0.0924,0.8694,0.9366,0.8492,,False,
4288,142.952,65,Ben,0.8614,,1.0,0.0,0.0,0.0909,0.8689,0.9414,0.8523,,False,
4289,142.985,65,Ben,0.8615,,1.0,0.0,0.0,0.0924,0.8718,0.9378,0.8548,,False,
4290,143.018,65,Ben,0.8616,,1.0,0.0278,0.0,0.0944,0.8776,0.9302,0.8548,,False,
4291,143.052,65,Ben,0.8641,,1.0,0.0,0.0,0.0857,0.8769,0.9415,0.8644,,False,
4292,143.085,65,Ben,0.8680,,1.0,0.0,0.0,0.0939,0.8833,0.9486,0.8631,,False,
4293,143.118,65,Ben,0.8701,,1.0,0.0,0.0,0.0964,0.891,0.9464,0.861,,False,
4294,143.152,65,Ben,0.8712,,1.0,0.0,0.0,0.091,0.8927,0.9486,0.86,,False,
4295,143.185,65,Ben,0.8745,,1.0,0.0,0.0035,0.0973,0.9031,0.9477,0.8654,,False,
4296,143.218,65,Ben,0.8782,,1.0,0.0,0.0035,0.0767,0.9126,0.9497,0.8654,,False,
4297,143.252,65,Ben,0.8805,,1.0,0.0,0.0035,0.0785,0.9208,0.9475,0.8582,,False,
4298,143.285,65,Ben,0.8823,,1.0,0.0,0.0069,0.09,0.9272,0.9459,0.8576,,False,
4299,143.318,65,Ben,0.8846,,1.0,0.0,0.0069,0.0865,0.9321,0.9485,0.8513,,False,
4300,143.352,65,Ben,0.8849,,1.0,0.0,0.0104,0.0923,0.9326,0.9492,0.8365,,False,
4301,143.385,65,Ben,0.8871,,1.0,0.0,0.0104,0.1046,0.9385,0.9499,0.8303,,False,
4302,143.418,65,Ben,0.8888,,1.0,0.0,0.0104,0.0994,0.9455,0.9474,0.8204,,False,
4303,143.452,65,Ben,0.8882,,1.0,0.0,0.0208,0.0952,0.9442,0.9467,0.8219,,False,
4304,143.485,65,Ben,0.8883,,1.0,0.0,0.0104,0.0917,0.9417,0.9504,0.8263,,False,
4305,143.518,65,Ben,0.8885,,1.0,0.0,0.0035,0.0862,0.9405,0.953,0.8226,,False,
4306,143.552,65,Ben,0.8870,,1.0,0.0,0.0069,0.0879,0.9407,0.9463,0.8177,,False,
4307,143.585,65,Ben,0.8876,,1.0,0.0,0.0069,0.0851,0.9369,0.9545,0.8267,,False,
4308,143.618,65,Ben,0.8853,,1.0,0.0,0.0104,0.0827,0.9307,0.9534,0.8309,,False,
4309,143.652,65,Ben,0.8848,,1.0,0.0,0.0069,0.0648,0.9309,0.9514,0.8317,,False,
4310,143.685,65,Ben,0.8846,,1.0,0.0,0.0069,0.0673,0.928,0.9547,0.8326,,False,
4311,143.718,65,Ben,0.8806,,1.0,0.003,0.0035,0.05,0.9193,0.9503,0.8388,,False,
4312,143.752,65,Ben,0.8829,,1.0,0.0,0.0035,0.0395,0.9225,0.9553,0.8478,,False,
4313,143.785,65,Ben,0.8799,,1.0,0.0,0.0,0.0386,0.9134,0.9557,0.8473,,False,
4314,143.819,65,Ben,0.8791,,1.0,0.0,0.0035,0.0373,0.9127,0.9533,0.8461,,False,
4315,143.852,65,Ben,0.8792,,1.0,0.0,0.0069,0.0346,0.9122,0.9545,0.8464,,False,
4316,143.885,65,Ben,0.8776,,1.0,0.0,0.0069,0.0427,0.9094,0.9515,0.8412,,False,
4317,143.919,65,Ben,0.8767,,1.0,0.0,0.0069,0.0345,0.9093,0.9481,0.8272,,False,
4318,143.952,65,Ben,0.8732,,1.0,0.0,0.0,0.0374,0.8963,0.9521,0.8293,,False,
4319,143.985,65,Ben,0.8747,,1.0,0.0,0.0347,0.0538,0.9021,0.95,0.817,,False,
4320,144.019,65,Ben,0.8717,,1.0,0.0,0.0243,0.0648,0.8932,0.9501,0.8155,,False,
4321,144.052,65,Ben,0.8668,,1.0,0.0,0.0208,0.0733,0.8876,0.9374,0.8008,,False,
4322,144.085,65,Ben,0.8679,,1.0,0.0,0.0347,0.0794,0.8873,0.9425,0.7973,,False,
4323,144.119,65,Ben,0.8631,,1.0,0.0,0.0347,0.0804,0.8809,0.9317,0.7977,,False,
4324,144.152,65,Ben,0.8622,,1.0,0.003,0.0174,0.0721,0.8722,0.9404,0.8011,,False,
4325,144.185,65,Ben,0.8598,,1.0,0.0094,0.0139,0.0759,0.8661,0.9388,0.7955,,False,
4326,144.219,65,Ben,0.8583,,1.0,0.0,0.0,0.0733,0.8589,0.943,0.7964,,False,
4327,144.252,65,Ben,0.8601,,1.0,0.0,0.0,0.0683,0.8561,0.9544,0.8016,,False,
4328,144.285,65,Ben,0.8575,,1.0,0.0,0.0104,0.0708,0.8525,0.9485,0.819,,False,
4329,144.319,65,Ben,0.8575,,1.0,0.0097,0.0,0.0651,0.8517,0.9496,0.8346,,False,
4330,144.352,65,Ben,0.8582,,1.0,0.0,0.0208,0.0726,0.8511,0.9535,0.8307,,False,
4331,144.385,65,Ben,0.8575,,1.0,0.0,0.0278,0.0632,0.849,0.9533,0.841,,False,
4332,144.419,65,Ben,0.8599,,1.0,0.0,0.059,0.051,0.8551,0.9549,0.8352,,False,
4333,144.452,65,Ben,0.8613,,1.0,0.0,0.059,0.0481,0.858,0.9566,0.852,,False,
4334,144.485,65,Ben,0.8671,,1.0,0.0,0.0764,0.0434,0.8728,0.9596,0.8589,,False,
4335,144.519,65,Ben,0.8701,,1.0,0.0,0.0451,0.0417,0.8804,0.9614,0.8623,,False,
4336,144.552,65,Ben,0.8709,,1.0,0.0,0.0382,0.0293,0.8841,0.9595,0.8527,,False,
4337,144.585,65,Ben,0.8688,,1.0,0.0,0.0382,0.0226,0.8787,0.9586,0.8546,,False,
4338,144.619,65,Ben,0.8705,,1.0,0.0,0.0417,0.0161,0.8856,0.9559,0.8505,,False,
4339,144.652,65,Ben,0.8724,,1.0,0.0,0.0625,0.0167,0.8935,0.9525,0.8386,,False,
4340,144.685,65,Ben,0.8811,,1.0,0.0035,0.0625,0.0198,0.9129,0.9614,0.8397,,False,
4341,144.719,65,Ben,0.8858,,1.0,0.0035,0.0521,0.0273,0.9272,0.9608,0.8343,,False,
4342,144.752,65,Ben,0.8915,,1.0,0.0093,0.0486,0.0312,0.9438,0.9608,0.823,,False,
4343,144.786,65,Ben,0.8950,,1.0,0.0022,0.0486,0.0452,0.9589,0.9539,0.8229,,False,
4344,144.819,65,Ben,0.8983,,1.0,0.0113,0.0312,0.0434,0.9672,0.9559,0.8117,,False,
4345,144.852,65,Ben,0.8988,,1.0,0.0185,0.0278,0.0443,0.9661,0.9596,0.8159,,False,
4346,144.886,65,Ben,0.8979,,1.0,0.0449,0.0208,0.0537,0.9616,0.9625,0.8109,,False,
4347,144.919,65,Ben,0.8933,,1.0,0.0309,0.0278,0.0475,0.9595,0.9463,0.8008,,False,
4348,144.952,65,Ben,0.8934,,1.0,0.0254,0.0174,0.0463,0.9554,0.9524,0.8127,,False,
4349,144.986,65,Ben,0.8944,,1.0,0.033,0.0312,0.0397,0.9584,0.9524,0.8161,,False,
4350,145.019,65,Ben,0.8939,,1.0,0.033,0.0278,0.0467,0.9565,0.9528,0.8202,,False,
4351,145.052,65,Ben,0.8986,,1.0,0.0337,0.0174,0.0531,0.9603,0.9672,0.8331,,False,
4352,145.086,65,Ben,0.9008,,1.0,0.023,0.0174,0.0485,0.962,0.9737,0.8421,,False,
4353,145.119,65,Ben,0.9009,,1.0,0.031,0.0104,0.0616,0.9582,0.9795,0.8557,,False,
4354,145.152,65,Ben,0.8994,,1.0,0.0243,0.0104,0.0458,0.9529,0.9811,0.8681,,False,
4355,145.186,65,Ben,0.8984,,1.0,0.0104,0.0035,0.0564,0.947,0.9851,0.8584,,False,
4356,145.219,65,Ben,0.8958,,1.0,0.0,0.0139,0.0538,0.9419,0.9816,0.8591,,False,
4357,145.252,65,Ben,0.8991,,1.0,0.0069,0.0347,0.0567,0.9471,0.9878,0.8595,,False,
4358,145.286,65,Ben,0.9000,,1.0,0.0035,0.0451,0.0452,0.9506,0.9866,0.8648,,False,
4359,145.319,65,Ben,0.9007,,1.0,0.0035,0.0278,0.0518,0.9536,0.9854,0.8702,,False,
4360,145.352,65,Ben,0.9009,,1.0,0.0032,0.0556,0.053,0.9561,0.9826,0.8622,,False,
4361,145.386,65,Ben,0.9016,,1.0,0.0312,0.0243,0.0492,0.9573,0.9839,0.8704,,False,
4362,145.419,65,Ben,0.9012,,1.0,0.0374,0.0312,0.0429,0.9567,0.9832,0.8693,,False,
4363,145.452,65,Ben,0.9005,,1.0,0.0481,0.0312,0.0511,0.9534,0.9849,0.8603,,False,
4364,145.486,65,Ben,0.9001,,1.0,0.0719,0.0243,0.0441,0.9543,0.9817,0.8604,,False,
4365,145.519,65,Ben,0.8995,,1.0,0.0749,0.0243,0.0583,0.9514,0.9834,0.8556,,False,
4367,145.586,65,Ben,0.8739,,1.0,0.0752,0.0069,0.0583,0.952,0.9812,0.8415,,False,
4370,145.686,65,Ben,0.8753,,1.0,0.0676,0.0,0.0638,0.9579,0.9791,0.8347,,False,
4371,145.719,65,Ben,0.9015,,1.0,0.0715,0.0035,0.0632,0.9583,0.9821,0.8427,,False,
4372,145.753,65,Ben,0.9019,,1.0,0.0676,0.0035,0.0626,0.9596,0.9817,0.8411,,False,
4373,145.786,65,Ben,0.9026,,1.0,0.0724,0.0,0.0662,0.9607,0.9832,0.8484,,False,
4374,145.819,65,Ben,0.9029,,1.0,0.0796,0.0,0.0723,0.9612,0.9837,0.844,,False,
4375,145.853,65,Ben,0.9029,,1.0,0.0653,0.0,0.0673,0.9622,0.9822,0.8447,,False,
4376,145.886,65,Ben,0.9022,,1.0,0.0722,0.0,0.0626,0.9614,0.9807,0.8407,,False,
4377,145.919,65,Ben,0.9005,,1.0,0.059,0.0035,0.0644,0.9567,0.9802,0.8419,,False,
4378,145.953,65,Ben,0.8988,,1.0,0.0545,0.0035,0.0492,0.9522,0.9792,0.8476,,False,
4379,145.986,65,Ben,0.8960,,1.0,0.0476,0.0035,0.0455,0.9451,0.9776,0.8402,,False,
4380,146.019,65,Ben,0.8941,,1.0,0.0372,0.0035,0.0468,0.9378,0.98,0.8418,,False,
4381,146.053,65,Ben,0.8919,,1.0,0.0372,0.0,0.0383,0.931,0.9806,0.8558,,False,
4382,146.086,65,Ben,0.8887,,1.0,0.0372,0.0035,0.0351,0.9227,0.9792,0.8522,,False,
4383,146.119,65,Ben,0.8840,,1.0,0.0545,0.0035,0.0304,0.9125,0.9739,0.8582,,False,
4384,146.153,65,Ben,0.8829,,1.0,0.0484,0.0035,0.0268,0.9077,0.9762,0.8557,,False,
4385,146.186,65,Ben,0.8802,,1.0,0.0518,0.0035,0.025,0.8994,0.9765,0.8632,,False,
4386,146.219,65,Ben,0.8784,,1.0,0.0545,0.0104,0.0262,0.8935,0.9776,0.8669,,False,
4387,146.253,65,Ben,0.8780,,1.0,0.0521,0.0104,0.023,0.8938,0.9756,0.8485,,False,
4389,146.319,65,Ben,0.8474,,1.0,0.0556,0.0,0.031,0.8783,0.9631,0.8383,,False,
4390,146.353,65,Ben,0.8681,,1.0,0.0625,0.0,0.0327,0.8776,0.9573,0.8351,,False,
4391,146.386,65,Ben,0.8668,,1.0,0.0278,0.0,0.0497,0.8756,0.9545,0.8417,,False,
4392,146.419,65,Ben,0.8665,,1.0,0.0104,0.0035,0.0537,0.8735,0.9562,0.8473,,False,
4393,146.453,65,Ben,0.8666,,1.0,0.0069,0.0,0.0651,0.868,0.9644,0.8485,,False,
4394,146.486,65,Ben,0.8657,,1.0,0.0035,0.0,0.0826,0.8659,0.9636,0.855,,False,
4395,146.519,65,Ben,0.8651,,1.0,0.0,0.0,0.0924,0.8631,0.9652,0.8572,,False,
4396,146.553,65,Ben,0.8658,,1.0,0.0069,0.0035,0.0969,0.8653,0.9648,0.8626,,False,
4397,146.586,65,Ben,0.8676,,1.0,0.0278,0.0035,0.0713,0.8665,0.9706,0.843,,False,
4398,146.62,65,Ben,0.8683,,1.0,0.0417,0.0174,0.0533,0.876,0.9602,0.8393,,False,
4399,146.653,65,Ben,0.8723,,1.0,0.032,0.0799,0.0567,0.9143,0.9227,0.8265,,False,
4400,146.686,65,Ben,0.8748,,1.0,0.0307,0.0903,0.0847,0.9249,0.9182,0.8208,,False,
4401,146.72,65,Ben,0.8670,,1.0,0.0377,0.0833,0.0666,0.9151,0.8996,0.8007,,False,
4402,146.753,65,Ben,0.8743,,1.0,0.0364,0.066,0.1007,0.9212,0.9212,0.8298,,False,
4403,146.786,65,Ben,0.8703,,1.0,0.0328,0.0347,0.0884,0.9242,0.9003,0.8604,,False,
4404,146.82,65,Ben,0.8741,,1.0,0.0148,0.0139,0.0776,0.9243,0.916,0.8757,,False,
4405,146.853,65,Ben,0.8728,,1.0,0.0145,0.0035,0.0651,0.9174,0.9205,0.8814,,False,
4406,146.886,65,Ben,0.8772,,1.0,0.0017,0.0,0.0461,0.9281,0.9237,0.8544,,False,
4407,146.92,65,Ben,0.8747,,1.0,0.0,0.0,0.0385,0.9252,0.9173,0.8493,,False,
4408,146.953,65,Ben,0.8754,,1.0,0.0,0.0,0.0403,0.9301,0.9133,0.835,,False,
4409,146.986,65,Ben,0.8775,,1.0,0.0,0.0,0.022,0.9305,0.9213,0.8246,,False,
4410,147.02,65,Ben,0.8815,,1.0,0.0,0.0,0.0171,0.9329,0.9348,0.8182,,False,
4411,147.053,65,Ben,0.8814,,1.0,0.0,0.0,0.0209,0.9351,0.9311,0.7947,,False,
4412,147.086,65,Ben,0.8745,,1.0,0.0,0.0,0.0511,0.9251,0.9167,0.7978,,False,
4413,147.12,65,Ben,0.8818,,1.0,0.0,0.0,0.0688,0.9437,0.9204,0.7852,,False,
4414,147.153,65,Ben,0.8827,,1.0,0.0,0.0,0.1116,0.9377,0.9328,0.7848,,False,
4415,147.186,65,Ben,0.8824,,1.0,0.0,0.0,0.0655,0.9377,0.9315,0.8072,,False,
4416,147.22,65,Ben,0.8800,,1.0,0.0,0.0035,0.0495,0.9355,0.9248,0.8096,,False,
4417,147.253,65,Ben,0.8748,,1.0,0.0,0.0035,0.0605,0.9191,0.9262,0.7876,,False,
4418,147.286,65,Ben,0.8796,,1.0,0.0,0.0035,0.065,0.9356,0.9229,0.7725,,False,
4419,147.32,65,Ben,0.8808,,1.0,0.0,0.0139,0.0702,0.9339,0.9301,0.7825,,False,
4420,147.353,65,Ben,0.8916,,1.0,0.0,0.0,0.0738,0.9445,0.9601,0.7986,,False,
4421,147.386,65,Ben,0.8930,,1.0,0.0,0.0139,0.0798,0.9508,0.9571,0.7983,,False,
4422,147.42,65,Ben,0.8911,,1.0,0.0,0.0104,0.0768,0.9459,0.9563,0.7915,,False,
4423,147.453,65,Ben,0.8943,,1.0,0.0,0.0035,0.0408,0.9496,0.9643,0.786,,False,
4424,147.486,65,Ben,0.8947,,1.0,0.0,0.0,0.0463,0.9508,0.9644,0.7899,,False,
4425,147.52,65,Ben,0.8934,,1.0,0.0,0.0,0.0437,0.9542,0.9542,0.8108,,False,
4426,147.553,65,Ben,0.8927,,1.0,0.0,0.0,0.0392,0.9497,0.9574,0.8071,,False,
4427,147.587,65,Ben,0.8930,,1.0,0.0,0.0,0.0625,0.9517,0.9559,0.8508,,False,
4428,147.62,65,Ben,0.8910,,1.0,0.0,0.0,0.0655,0.9518,0.9475,0.8334,,False,
4429,147.653,65,Ben,0.8893,,1.0,0.0,0.0,0.0753,0.9465,0.9479,0.7857,,False,
4430,147.687,65,Ben,0.8862,,1.0,0.0,0.0,0.0999,0.9305,0.9576,0.781,,False,
4431,147.72,65,Ben,0.8816,,1.0,0.0,0.0,0.0832,0.9182,0.9559,0.7775,,False,
4432,147.753,65,Ben,0.8847,,1.0,0.0,0.0,0.0908,0.9186,0.9684,0.7657,,False,
4433,147.787,65,Ben,0.8898,,1.0,0.0,0.0,0.111,0.9335,0.9683,0.728,,False,
4434,147.82,65,Ben,0.8928,,1.0,0.0,0.0,0.0948,0.9404,0.9709,0.7266,,False,
4435,147.853,65,Ben,0.8944,,1.0,0.0,0.0,0.0705,0.9455,0.9707,0.7157,,False,
4436,147.887,65,Ben,0.8951,,1.0,0.0,0.0035,0.0555,0.9476,0.9704,0.72,,False,
4437,147.92,65,Ben,0.8979,,1.0,0.0,0.0035,0.0545,0.9484,0.9812,0.7223,,False,
4438,147.953,65,Ben,0.8964,,1.0,0.0,0.0,0.0769,0.946,0.9781,0.7273,,False,
4439,147.987,65,Ben,0.8983,,1.0,0.0,0.0,0.0865,0.9512,0.9788,0.7326,,False,
4440,148.02,65,Ben,0.8958,,1.0,0.0,0.0,0.0858,0.9471,0.9741,0.7345,,False,
4441,148.053,65,Ben,0.8957,,1.0,0.0,0.0,0.0906,0.9492,0.9707,0.737,,False,
4442,148.087,65,Ben,0.8932,,1.0,0.0,0.0069,0.0925,0.9468,0.9637,0.7533,,False,
4443,148.12,65,Ben,0.8915,,1.0,0.0,0.0174,0.0817,0.9465,0.9572,0.771,,False,
4444,148.153,65,Ben,0.8882,,1.0,0.0,0.0139,0.0874,0.9396,0.953,0.7881,,False,
4445,148.187,65,Ben,0.8871,,1.0,0.0,0.0035,0.0694,0.9343,0.9559,0.795,,False,
4446,148.22,65,Ben,0.8832,,1.0,0.0,0.0,0.0723,0.9272,0.95,0.7926,,False,
4447,148.253,65,Ben,0.8815,,1.0,0.0,0.0035,0.0684,0.9195,0.9536,0.7882,,False,
4448,148.287,65,Ben,0.8816,,1.0,0.0,0.0035,0.0603,0.9156,0.9595,0.7714,,False,
4449,148.32,65,Ben,0.8809,,1.0,0.0,0.0035,0.0403,0.9111,0.9631,0.7667,,False,
4450,148.353,65,Ben,0.8812,,1.0,0.0,0.0,0.0301,0.9107,0.9649,0.7769,,False,
4451,148.387,65,Ben,0.8830,,1.0,0.0,0.0,0.0324,0.9183,0.9616,0.7692,,False,
4452,148.42,65,Ben,0.8837,,1.0,0.0,0.0104,0.034,0.9205,0.9614,0.7673,,False,
4453,148.454,65,Ben,0.8811,,1.0,0.0,0.0,0.0517,0.9165,0.9564,0.7621,,False,
4454,148.487,65,Ben,0.8836,,1.0,0.0,0.0,0.058,0.9228,0.9576,0.7686,,False,
4455,148.52,65,Ben,0.8859,,1.0,0.0139,0.0,0.0651,0.9262,0.9626,0.7651,,False,
4456,148.554,65,Ben,0.8885,,1.0,0.0,0.0069,0.0736,0.9309,0.9667,0.7643,,False,
4457,148.587,65,Ben,0.8888,,1.0,0.0,0.0035,0.0699,0.9345,0.9628,0.7713,,False,
4458,148.62,65,Ben,0.8879,,1.0,0.0,0.0035,0.0534,0.9385,0.9533,0.7824,,False,
4459,148.654,65,Ben,0.8937,,1.0,0.0,0.0,0.0499,0.946,0.967,0.7732,,False,
4460,148.687,65,Ben,0.8931,,1.0,0.0147,0.0035,0.0402,0.9458,0.9646,0.7706,,False,
4461,148.72,65,Ben,0.8959,,1.0,0.0387,0.0035,0.0508,0.9501,0.9701,0.7497,,False,
4462,148.754,65,Ben,0.8917,,1.0,0.0247,0.0,0.0465,0.9423,0.9638,0.7562,,False,
4463,148.787,65,Ben,0.8900,,1.0,0.0249,0.0,0.0461,0.9376,0.9633,0.7586,,False,
4464,148.82,65,Ben,0.8900,,1.0,0.0389,0.0069,0.05,0.9347,0.9677,0.7532,,False,
4465,148.854,65,Ben,0.8902,,1.0,0.0077,0.0069,0.0539,0.9366,0.9655,0.7553,,False,
4466,148.887,65,Ben,0.8917,,1.0,0.0424,0.0,0.0621,0.9393,0.9679,0.758,,False,
4467,148.92,65,Ben,0.8922,,1.0,0.0084,0.0,0.0647,0.9426,0.9655,0.7528,,False,
4468,148.954,65,Ben,0.8915,,1.0,0.0118,0.0069,0.0602,0.9404,0.9656,0.7637,,False,
4469,148.987,65,Ben,0.8900,,1.0,0.0079,0.0,0.0517,0.9419,0.9572,0.77,,False,
4470,149.02,65,Ben,0.8896,,1.0,0.0151,0.0035,0.0535,0.9416,0.9562,0.7632,,False,
4471,149.054,65,Ben,0.8848,,1.0,0.0397,0.0035,0.0543,0.936,0.9441,0.7673,,False,
4472,149.087,65,Ben,0.8845,,1.0,0.0393,0.0069,0.0472,0.9389,0.9388,0.7771,,False,
4473,149.12,65,Ben,0.8831,,1.0,0.0364,0.0069,0.0596,0.9371,0.9352,0.7757,,False,
4474,149.154,65,Ben,0.8827,,1.0,0.0181,0.0,0.069,0.9405,0.9288,0.7754,,False,
4475,149.187,65,Ben,0.8816,,1.0,0.0055,0.0,0.0508,0.9412,0.9234,0.7762,,False,
4477,149.254,65,Ben,0.8586,,1.0,0.0561,0.0,0.0396,0.9332,0.931,0.7763,,False,
4478,149.287,65,Ben,0.8726,,1.0,0.0243,0.0,0.0433,0.9111,0.9285,0.7556,,False,
4479,149.32,65,Ben,0.8745,,1.0,0.0,0.0,0.0733,0.9158,0.9295,0.7591,,False,
4480,149.354,65,Ben,0.8741,,1.0,0.0,0.0,0.1082,0.9135,0.9313,0.7782,,False,
4481,149.387,65,Ben,0.8548,,1.0,0.0,0.0215,0.1688,0.8913,0.8825,0.6872,,False,
4482,149.421,65,Ben,0.8364,,1.0,0.0,0.02,0.1609,0.8841,0.8157,0.6378,,False,
4483,149.454,65,Ben,0.8385,,1.0,0.0,0.0123,0.1659,0.8933,0.8115,0.6184,,False,
4484,149.487,65,Ben,0.8396,,1.0,0.0,0.0,0.134,0.899,0.808,0.5918,,False,
4485,149.521,65,Ben,0.8321,,1.0,0.0,0.0117,0.1277,0.8958,0.7815,0.6022,,False,
4486,149.554,65,Ben,0.8194,,1.0,0.0392,0.0,0.0634,0.8764,0.7558,0.596,,False,
4487,149.587,65,Ben,0.8204,,1.0,0.037,0.0,0.0221,0.8865,0.7457,0.6384,,False,
4488,149.621,65,Ben,0.8208,,1.0,0.0234,0.0,0.0146,0.8784,0.7591,0.6796,,False,
4489,149.654,65,Ben,0.8164,,1.0,0.0,0.0,0.0667,0.8855,0.7304,0.6851,,False,
4490,149.687,65,Ben,0.8147,,1.0,0.0208,0.0,0.085,0.9138,0.6835,0.682,,False,
4491,149.721,65,Ben,0.8042,,1.0,0.019,0.0,0.0988,0.9089,0.6467,0.6396,,False,
4492,149.754,65,Ben,0.7904,,1.0,0.0,0.0383,0.1459,0.8836,0.6247,0.6284,,False,
4493,149.787,65,Ben,0.7961,,1.0,0.008,0.0547,0.1769,0.8896,0.64,0.6488,punch,False,
4494,149.821,65,Ben,0.8048,,1.0,0.0,0.0765,0.1203,0.9009,0.6604,0.6721,punch,False,
4499,149.987,65,Ben,0.7801,,1.0,0.0,0.0347,0.1174,0.9012,0.76,0.8711,,False,
4504,150.154,79,Ben,0.6344,,1.0,0.0282,0.0243,0.1196,0.9011,0.7834,0.7751,,False,
4505,150.187,79,Ben,0.8358,,1.0,0.0282,0.0243,0.1196,0.9012,0.789,0.7824,,False,
4506,150.221,79,Ben,0.8359,,1.0,0.0282,0.0243,0.1196,0.9012,0.7895,0.7831,,False,
4507,150.254,79,Ben,0.3893,not_competition_fighter,0.0,0.0,0.0,0.0,0.0,0.7887,0.0,,False,
4530,151.021,79,Ben,0.7264,,1.0,0.0197,0.0,0.1082,0.8479,0.6603,0.7531,,False,
4531,151.054,79,Ben,0.7878,,1.0,0.0111,0.0,0.0861,0.8439,0.6704,0.8043,,False,
4547,151.588,79,Ben,0.7735,,1.0,0.0191,0.0278,0.114,0.8668,0.8211,0.8853,,False,
4548,151.621,79,Ben,0.8320,,1.0,0.0354,0.0347,0.1039,0.8688,0.8192,0.8822,,False,
4573,152.455,65,Ben,0.8067,,1.0,0.0,0.0255,0.0925,0.8646,0.8949,0.7221,,False,
4575,152.522,65,Ben,0.8100,,1.0,0.0,0.0128,0.1048,0.8591,0.8625,0.7063,,False,
4576,152.555,65,Ben,0.8457,,1.0,0.0017,0.0139,0.0916,0.8843,0.8543,0.7212,,False,
4577,152.588,65,Ben,0.8408,,1.0,0.0205,0.0069,0.086,0.8972,0.8156,0.729,,False,
4578,152.622,65,Ben,0.8162,,1.0,0.0,0.0069,0.0701,0.8556,0.7719,0.7192,,False,
4579,152.655,65,Ben,0.8118,,1.0,0.0,0.0035,0.0213,0.8425,0.7722,0.8388,,False,
4580,152.688,65,Ben,0.8178,,1.0,0.0,0.0069,0.0153,0.8379,0.8038,0.854,,False,
4581,152.722,65,Ben,0.8134,,1.0,0.0,0.0035,0.0057,0.8314,0.7945,0.8651,,False,
4595,153.189,65,Ben,0.7719,,1.0,0.0,0.0069,0.0117,0.8313,0.8396,0.8025,,False,
4596,153.222,65,Ben,0.8298,,1.0,0.0,0.0069,0.0107,0.8368,0.8554,0.8209,,False,
4597,153.255,65,Ben,0.8134,,1.0,0.0,0.0,0.0294,0.8716,0.7379,0.6724,,False,
4598,153.289,65,Ben,0.8378,,1.0,0.0,0.0,0.0511,0.9136,0.7798,0.6899,,False,
4599,153.322,65,Ben,0.8487,,1.0,0.0,0.0,0.0665,0.9276,0.8054,0.6925,,False,
4600,153.355,65,Ben,0.8420,,1.0,0.0,0.0,0.0739,0.9257,0.7803,0.6824,,False,
4601,153.389,65,Ben,0.8354,,1.0,0.0016,0.0,0.0847,0.8729,0.8277,0.6965,,False,
4602,153.422,65,Ben,0.8507,,1.0,0.0087,0.0,0.0758,0.8832,0.8767,0.7047,,False,
4603,153.455,65,Ben,0.8536,,1.0,0.0,0.0,0.0718,0.8837,0.8879,0.707,,False,
4604,153.489,65,Ben,0.8554,,1.0,0.0096,0.0,0.0793,0.8806,0.8998,0.6952,,False,
4605,153.522,65,Ben,0.8523,,1.0,0.0063,0.0035,0.0824,0.8734,0.8973,0.7076,,False,
4606,153.555,65,Ben,0.8550,,1.0,0.0,0.0035,0.0752,0.8662,0.9189,0.7012,,False,
4608,153.622,65,Ben,0.8335,,1.0,0.0,0.0,0.0859,0.8606,0.9348,0.7078,,False,
4609,153.655,65,Ben,0.8572,,1.0,0.0,0.0035,0.0924,0.8683,0.9249,0.7029,,False,
4610,153.689,65,Ben,0.8579,,1.0,0.0,0.0035,0.104,0.8747,0.9187,0.6906,,False,
4611,153.722,65,Ben,0.8618,,1.0,0.0,0.0035,0.0973,0.892,0.9106,0.6882,,False,
4612,153.755,65,Ben,0.8565,,1.0,0.0,0.0069,0.1053,0.8856,0.8974,0.6786,,False,
4613,153.789,65,Ben,0.8735,,1.0,0.0,0.0069,0.1218,0.9202,0.9193,0.6403,,False,
4614,153.822,65,Ben,0.8770,,1.0,0.0,0.0,0.1307,0.9152,0.9409,0.6254,,False,
4615,153.855,65,Ben,0.8759,,1.0,0.0,0.0069,0.1261,0.9048,0.9512,0.653,,False,
4616,153.889,65,Ben,0.8716,,1.0,0.0014,0.0,0.1441,0.8955,0.9465,0.6777,,False,
4617,153.922,65,Ben,0.8661,,1.0,0.0024,0.0,0.1274,0.8888,0.9331,0.7089,,False,
4618,153.955,65,Ben,0.8610,,1.0,0.0,0.0035,0.1246,0.8808,0.923,0.6985,,False,
4619,153.989,65,Ben,0.8623,,1.0,0.0,0.0069,0.1254,0.8785,0.9315,0.6771,,False,
4620,154.022,65,Ben,0.8600,,1.0,0.0,0.0077,0.1365,0.8763,0.9254,0.6804,,False,
4621,154.056,65,Ben,0.8593,,1.0,0.0,0.0077,0.1538,0.8766,0.9217,0.6757,,False,
4622,154.089,65,Ben,0.8605,,1.0,0.0,0.0102,0.1556,0.8792,0.9233,0.6837,,False,
4623,154.122,65,Ben,0.8597,,1.0,0.0,0.0077,0.1318,0.877,0.9232,0.7047,,False,
4624,154.156,65,Ben,0.8596,,1.0,0.0,0.0069,0.1206,0.8788,0.9199,0.6927,,False,
4625,154.189,65,Ben,0.8592,,1.0,0.0,0.0,0.1091,0.8783,0.9189,0.6893,,False,
4626,154.222,65,Ben,0.8604,,1.0,0.0,0.0,0.1161,0.8788,0.9234,0.7022,,False,
4627,154.256,65,Ben,0.8598,,1.0,0.0,0.0035,0.142,0.879,0.9205,0.7108,,False,
4628,154.289,65,Ben,0.8570,,1.0,0.0069,0.0104,0.1392,0.8792,0.9086,0.7157,,False,
4629,154.322,65,Ben,0.8568,,1.0,0.0,0.0174,0.1624,0.8756,0.9131,0.7077,,False,
4635,154.522,65,Ben,0.8358,,1.0,0.003,0.0139,0.1787,0.8955,0.8974,0.7961,,False,
4636,154.556,65,Ben,0.8676,,1.0,0.0014,0.0035,0.1332,0.9038,0.918,0.8145,,False,
4640,154.689,65,Ben,0.8398,,1.0,0.0056,0.0069,0.1196,0.8754,0.9341,0.7578,,False,
4643,154.789,65,Ben,0.8407,,1.0,0.0069,0.0174,0.1542,0.8777,0.9341,0.7602,,False,
4644,154.822,65,Ben,0.8593,,1.0,0.0266,0.0104,0.1654,0.8736,0.926,0.7813,,False,
4645,154.856,65,Ben,0.8580,,1.0,0.0046,0.0104,0.1407,0.8698,0.9261,0.8018,,False,
4646,154.889,65,Ben,0.8604,,1.0,0.0,0.0139,0.1419,0.8782,0.9241,0.815,,False,
4647,154.923,65,Ben,0.8585,,1.0,0.0,0.0561,0.1624,0.8765,0.9187,0.8259,,False,
4648,154.956,65,Ben,0.8585,,1.0,0.0,0.0459,0.1608,0.8802,0.9134,0.8354,,False,
4649,154.989,65,Ben,0.8586,,1.0,0.0,0.0357,0.168,0.8794,0.915,0.8334,,False,
4650,155.023,65,Ben,0.8581,,1.0,0.0,0.0689,0.1599,0.8812,0.9103,0.8327,,False,
4651,155.056,65,Ben,0.8556,,1.0,0.0,0.0561,0.1483,0.878,0.9046,0.8376,,False,
4652,155.089,65,Ben,0.8550,,1.0,0.0,0.0663,0.1533,0.8744,0.907,0.8355,,False,
4653,155.123,65,Ben,0.8561,,1.0,0.0,0.051,0.1404,0.877,0.9078,0.8322,,False,
4654,155.156,65,Ben,0.8539,,1.0,0.0012,0.051,0.1434,0.8752,0.9012,0.8283,,False,
4655,155.189,65,Ben,0.8568,,1.0,0.007,0.0485,0.1317,0.8763,0.912,0.8392,,False,
4656,155.223,65,Ben,0.8566,,1.0,0.0194,0.0383,0.1194,0.8749,0.9129,0.8291,,False,
4657,155.256,65,Ben,0.8582,,1.0,0.0194,0.0208,0.1298,0.8797,0.9128,0.8284,,False,
4658,155.289,65,Ben,0.8596,,1.0,0.0496,0.0208,0.1025,0.8792,0.9193,0.8182,,False,
4659,155.323,65,Ben,0.8618,,1.0,0.0226,0.0382,0.0956,0.8843,0.9215,0.8194,,False,
4660,155.356,65,Ben,0.8627,,1.0,0.064,0.0278,0.0878,0.8867,0.9216,0.8231,,False,
4661,155.389,65,Ben,0.8594,,1.0,0.0281,0.0347,0.0812,0.8835,0.9125,0.8325,,False,
4662,155.423,65,Ben,0.8575,,1.0,0.0219,0.0243,0.0642,0.8885,0.8975,0.8275,,False,
4664,155.489,65,Ben,0.8403,,1.0,0.0026,0.0174,0.0987,0.8957,0.9092,0.821,,False,
4668,155.623,65,Ben,0.8329,,1.0,0.0028,0.0,0.1617,0.8963,0.8807,0.8098,,False,
4669,155.656,65,Ben,0.8670,,1.0,0.0,0.0069,0.157,0.9332,0.8738,0.797,,False,
4670,155.689,65,Ben,0.8722,,1.0,0.0,0.0243,0.1576,0.9361,0.8913,0.8032,,False,
4671,155.723,65,Ben,0.8757,,1.0,0.0,0.0312,0.1341,0.9424,0.8972,0.8133,,False,
4672,155.756,65,Ben,0.8778,,1.0,0.0,0.0972,0.0598,0.9416,0.907,0.8293,,False,
4673,155.789,65,Ben,0.8786,,1.0,0.0144,0.0382,0.0787,0.9432,0.9081,0.8338,,False,
4674,155.823,65,Ben,0.8809,,1.0,0.0,0.0,0.065,0.9385,0.9241,0.8572,,False,
4675,155.856,65,Ben,0.8782,,1.0,0.0,0.0,0.0421,0.9276,0.9283,0.8617,,False,
4676,155.89,65,Ben,0.8721,,1.0,0.0514,0.0,0.0304,0.913,0.9236,0.8711,,False,
4677,155.923,65,Ben,0.8702,,1.0,0.0771,0.0,0.0339,0.8995,0.935,0.8777,,False,
4678,155.956,65,Ben,0.8686,,1.0,0.0546,0.0,0.0304,0.8935,0.9365,0.8828,,False,
4679,155.99,65,Ben,0.8700,,1.0,0.031,0.0139,0.0466,0.8881,0.9501,0.8785,,False,
4680,156.023,65,Ben,0.8745,,1.0,0.0,0.0,0.0395,0.8896,0.967,0.8595,,False,
4681,156.056,65,Ben,0.8809,,1.0,0.0374,0.0208,0.0495,0.9077,0.9679,0.841,,False,
4682,156.09,65,Ben,0.8778,,1.0,0.0208,0.0521,0.0579,0.9083,0.9539,0.8192,,False,
4683,156.123,65,Ben,0.8769,,1.0,0.0382,0.0486,0.0542,0.9078,0.9512,0.8149,,False,
4690,156.356,65,Ben,0.8697,,1.0,0.0509,0.0139,0.0565,0.9251,0.9748,0.8469,,False,
4691,156.39,65,Ben,0.8874,,1.0,0.0171,0.0069,0.0542,0.9238,0.9722,0.8415,,False,
4704,156.823,65,Ben,0.8600,,1.0,0.0,0.0868,0.1029,0.9175,0.9658,0.8424,,False,
4705,156.857,65,Ben,0.8844,,1.0,0.0,0.0868,0.1016,0.9173,0.9688,0.844,,False,
4706,156.89,65,Ben,0.8854,,1.0,0.0,0.0868,0.1059,0.9166,0.9739,0.8541,,False,
4707,156.923,65,Ben,0.8843,,1.0,0.0,0.0868,0.0981,0.9167,0.9692,0.8632,,False,
4708,156.957,65,Ben,0.8840,,1.0,0.0,0.0694,0.0962,0.9133,0.9728,0.8635,,False,
4709,156.99,65,Ben,0.8841,,1.0,0.0,0.059,0.1035,0.9105,0.9772,0.8744,,False,
4710,157.023,65,Ben,0.8822,,1.0,0.0,0.0521,0.0993,0.9111,0.9685,0.8695,,False,
4711,157.057,65,Ben,0.8862,,1.0,0.0032,0.0833,0.0969,0.9173,0.9763,0.8787,,False,
4712,157.09,65,Ben,0.8902,,1.0,0.0,0.0764,0.1004,0.9267,0.9798,0.8807,,False,
4713,157.123,65,Ben,0.8907,,1.0,0.0032,0.0694,0.1006,0.9321,0.974,0.8846,,False,
4714,157.157,65,Ben,0.8914,,1.0,0.0,0.1111,0.0988,0.9338,0.9746,0.8808,,False,
4715,157.19,65,Ben,0.8920,,1.0,0.0,0.1076,0.0964,0.9367,0.973,0.8783,,False,
4716,157.223,65,Ben,0.8928,,1.0,0.003,0.1285,0.0857,0.9371,0.9758,0.8742,,False,
4717,157.257,65,Ben,0.8929,,1.0,0.0092,0.125,0.0726,0.938,0.9749,0.875,,False,
4718,157.29,65,Ben,0.8945,,1.0,0.0306,0.0868,0.0718,0.9455,0.971,0.8688,,False,
4719,157.323,65,Ben,0.8956,,1.0,0.0285,0.0174,0.0586,0.9454,0.9758,0.873,,False,
4720,157.357,65,Ben,0.8937,,1.0,0.0503,0.0174,0.0673,0.9402,0.975,0.8718,,False,
4721,157.39,65,Ben,0.8927,,1.0,0.034,0.0312,0.0815,0.9405,0.9705,0.8807,,False,
4722,157.423,65,Ben,0.8892,,1.0,0.0067,0.0,0.0782,0.9307,0.9697,0.8782,,False,
4723,157.457,65,Ben,0.8846,,1.0,0.0,0.0035,0.0567,0.9241,0.9601,0.8852,,False,
4724,157.49,65,Ben,0.8799,,1.0,0.0,0.0451,0.0354,0.91,0.9606,0.8874,,False,
4725,157.523,65,Ben,0.8800,,1.0,0.0,0.0694,0.0389,0.9128,0.9568,0.8641,,False,
4726,157.557,65,Ben,0.8796,,1.0,0.0,0.0104,0.0389,0.9034,0.9687,0.8689,,False,
4727,157.59,65,Ben,0.8773,,1.0,0.0,0.0035,0.0306,0.8958,0.9696,0.8705,,False,
4728,157.623,65,Ben,0.8760,,1.0,0.0,0.0,0.0304,0.8917,0.9702,0.8716,,False,
4729,157.657,65,Ben,0.8769,,1.0,0.0,0.0035,0.0346,0.8951,0.9691,0.8638,,False,
4730,157.69,65,Ben,0.8750,,1.0,0.0,0.0035,0.042,0.8954,0.9605,0.8578,,False,
4731,157.724,65,Ben,0.8738,,1.0,0.0,0.0035,0.0346,0.8886,0.9654,0.8491,,False,
4732,157.757,65,Ben,0.8750,,1.0,0.0,0.0,0.0463,0.8915,0.9663,0.8448,,False,
4736,157.89,81,Ben,0.5320,,0.0,0.0417,0.0,0.026,0.8639,0.7747,0.7304,,False,
4737,157.924,81,Ben,0.6695,,0.0,0.029,0.0,0.0361,0.8429,0.7623,0.7277,punch,False,
4738,157.957,81,Ben,0.6642,,0.0,0.0593,0.0,0.0466,0.8226,0.7688,0.7115,,False,
4739,157.99,81,Ben,0.6627,,0.0,0.0053,0.0,0.0772,0.8361,0.7433,0.6931,,False,
4740,158.024,81,Ben,0.6534,,0.0,0.0357,0.0,0.0811,0.8296,0.7141,0.6853,,False,
4742,158.09,65,Ben,0.8604,,1.0,0.0139,0.0069,0.016,0.9132,0.9591,0.865,,False,
4743,158.124,65,Ben,0.8821,,1.0,0.0104,0.0139,0.0225,0.9173,0.9593,0.8746,,False,
4744,158.157,65,Ben,0.8910,,1.0,0.0134,0.0035,0.0352,0.9375,0.9678,0.872,,False,
4745,158.19,65,Ben,0.8902,,1.0,0.0507,0.0035,0.0498,0.9345,0.9685,0.8663,,False,
4746,158.224,65,Ben,0.8953,,1.0,0.0243,0.0521,0.0314,0.9448,0.9752,0.8852,,False,
4747,158.257,65,Ben,0.8931,,1.0,0.0,0.1042,0.0299,0.9445,0.9665,0.8849,,False,
4748,158.29,65,Ben,0.8985,,1.0,0.0,0.0938,0.0212,0.9584,0.9695,0.887,,False,
4749,158.324,65,Ben,0.9003,,1.0,0.0,0.059,0.0348,0.959,0.976,0.8858,,False,
4750,158.357,65,Ben,0.8991,,1.0,0.0,0.0382,0.0334,0.9552,0.9762,0.8846,,False,
4751,158.39,65,Ben,0.8993,,1.0,0.0,0.0382,0.0348,0.9561,0.9759,0.8843,,False,
4752,158.424,65,Ben,0.8994,,1.0,0.0,0.0382,0.0361,0.9579,0.9739,0.8833,,False,
4753,158.457,65,Ben,0.8996,,1.0,0.0,0.0486,0.0367,0.959,0.973,0.8781,,False,
4754,158.49,65,Ben,0.8996,,1.0,0.0,0.0382,0.0387,0.958,0.9743,0.8743,,False,
4755,158.524,65,Ben,0.8991,,1.0,0.0,0.0521,0.0426,0.9574,0.9731,0.8743,,False,
4756,158.557,65,Ben,0.8968,,1.0,0.0,0.059,0.0342,0.9506,0.9733,0.8765,,False,
4757,158.591,65,Ben,0.8958,,1.0,0.0,0.0556,0.0341,0.9544,0.9638,0.8686,,False,
4758,158.624,65,Ben,0.8985,,1.0,0.0,0.0764,0.0289,0.9526,0.9776,0.8709,,False,
4759,158.657,65,Ben,0.8962,,1.0,0.0,0.0486,0.0306,0.9501,0.9716,0.8639,,False,
4760,158.691,65,Ben,0.8984,,1.0,0.0,0.0556,0.0389,0.9527,0.977,0.8623,,False,
4761,158.724,65,Ben,0.8990,,1.0,0.0,0.0833,0.0389,0.9536,0.9781,0.8642,,False,
4762,158.757,65,Ben,0.8963,,1.0,0.0,0.0625,0.0349,0.9478,0.9751,0.8669,,False,
4763,158.791,65,Ben,0.8944,,1.0,0.0,0.066,0.0413,0.9448,0.9715,0.854,,False,
4764,158.824,65,Ben,0.8976,,1.0,0.0,0.0833,0.043,0.9514,0.9756,0.8578,,False,
4765,158.857,65,Ben,0.8956,,1.0,0.0,0.0729,0.0437,0.9483,0.9716,0.8547,,False,
4766,158.891,65,Ben,0.8953,,1.0,0.0,0.0764,0.0451,0.9468,0.9726,0.8554,,False,
4767,158.924,65,Ben,0.8958,,1.0,0.0,0.0694,0.0471,0.9464,0.975,0.8557,,False,
4768,158.957,65,Ben,0.8948,,1.0,0.0,0.0694,0.043,0.9434,0.9753,0.8559,,False,
4769,158.991,65,Ben,0.8930,,1.0,0.0,0.066,0.0506,0.9413,0.9705,0.8623,,False,
4770,159.024,65,Ben,0.8951,,1.0,0.0104,0.0799,0.0669,0.9444,0.9749,0.8589,,False,
4771,159.057,65,Ben,0.8946,,1.0,0.0,0.0799,0.061,0.9456,0.9711,0.8514,,False,
4772,159.091,65,Ben,0.8941,,1.0,0.0,0.0833,0.054,0.9401,0.9769,0.8554,,False,
4773,159.124,65,Ben,0.8920,,1.0,0.0,0.0764,0.0478,0.938,0.9712,0.8511,,False,
4774,159.157,65,Ben,0.8919,,1.0,0.0069,0.0729,0.0471,0.936,0.9734,0.8553,,False,
4775,159.191,65,Ben,0.8904,,1.0,0.0347,0.0417,0.0444,0.9317,0.9733,0.8646,,False,
4776,159.224,65,Ben,0.8898,,1.0,0.0382,0.0417,0.0444,0.9301,0.9734,0.8651,,False,
4777,159.257,65,Ben,0.8895,,1.0,0.0382,0.0417,0.0478,0.9295,0.9728,0.8636,,False,
4778,159.291,65,Ben,0.8924,,1.0,0.0347,0.0625,0.042,0.9379,0.9729,0.8636,,False,
4779,159.324,65,Ben,0.8924,,1.0,0.0347,0.0556,0.0393,0.9366,0.9749,0.8646,,False,
4780,159.357,65,Ben,0.8924,,1.0,0.0347,0.0347,0.0289,0.9366,0.9748,0.8659,,False,
4781,159.391,65,Ben,0.8897,,1.0,0.0,0.0382,0.0273,0.9299,0.9732,0.8642,,False,
4782,159.424,65,Ben,0.8887,,1.0,0.0,0.0208,0.0294,0.9263,0.974,0.8684,,False,
4783,159.457,65,Ben,0.8891,,1.0,0.0035,0.0278,0.0348,0.928,0.9732,0.8682,,False,
4784,159.491,65,Ben,0.8897,,1.0,0.0035,0.0174,0.0294,0.9294,0.9739,0.8756,,False,
4785,159.524,65,Ben,0.8906,,1.0,0.0035,0.0069,0.0294,0.9321,0.9737,0.8795,,False,
4786,159.558,65,Ben,0.8929,,1.0,0.0035,0.0104,0.0459,0.9381,0.9749,0.8741,,False,
4787,159.591,65,Ben,0.8920,,1.0,0.0,0.0139,0.0472,0.9348,0.9755,0.8799,,False,
4788,159.624,65,Ben,0.8907,,1.0,0.0,0.0069,0.0437,0.9325,0.9736,0.8731,,False,
4789,159.658,65,Ben,0.8904,,1.0,0.0,0.0069,0.0389,0.9325,0.9721,0.871,,False,
4790,159.691,65,Ben,0.8876,,1.0,0.0,0.0104,0.0423,0.9242,0.9723,0.8717,,False,
4791,159.724,65,Ben,0.8911,,1.0,0.0,0.0104,0.0437,0.9377,0.9677,0.8719,,False,
4792,159.758,65,Ben,0.8847,,1.0,0.0,0.0069,0.0439,0.9198,0.9666,0.8683,,False,
4793,159.791,65,Ben,0.8904,,1.0,0.0,0.0069,0.0423,0.9363,0.9669,0.864,,False,
4794,159.824,65,Ben,0.8919,,1.0,0.0,0.0104,0.0454,0.9412,0.9664,0.8546,,False,
4795,159.858,65,Ben,0.8935,,1.0,0.0,0.0139,0.0461,0.9457,0.9665,0.8534,,False,
4796,159.891,65,Ben,0.8921,,1.0,0.0,0.0069,0.046,0.9412,0.967,0.8515,,False,
4797,159.924,65,Ben,0.8932,,1.0,0.0,0.0104,0.0474,0.9473,0.9628,0.8477,,False,
4798,159.958,65,Ben,0.8905,,1.0,0.0,0.0069,0.046,0.9387,0.9641,0.8472,,False,
4799,159.991,65,Ben,0.8906,,1.0,0.0,0.0069,0.0413,0.9377,0.9658,0.8522,,False,
4800,160.024,65,Ben,0.8902,,1.0,0.0,0.0104,0.0354,0.9353,0.9673,0.8556,,False,
4801,160.058,65,Ben,0.8881,,1.0,0.0,0.0139,0.0433,0.9273,0.9699,0.8801,,False,
4802,160.091,65,Ben,0.8862,,1.0,0.0347,0.0174,0.0389,0.9225,0.9691,0.8768,,False,
4803,160.124,65,Ben,0.8852,,1.0,0.0243,0.0174,0.0396,0.9202,0.9681,0.8648,,False,
4804,160.158,65,Ben,0.8852,,1.0,0.0243,0.0174,0.0389,0.919,0.9697,0.8642,,False,
4805,160.191,65,Ben,0.8840,,1.0,0.0243,0.0243,0.0369,0.9173,0.9672,0.8597,,False,
4806,160.224,65,Ben,0.8849,,1.0,0.0243,0.0208,0.041,0.9165,0.9722,0.8611,,False,
4807,160.258,65,Ben,0.8846,,1.0,0.0208,0.0208,0.0396,0.9156,0.9722,0.8632,,False,
4808,160.291,65,Ben,0.8885,,1.0,0.0382,0.0208,0.0427,0.9261,0.9736,0.8584,,False,
4809,160.324,65,Ben,0.8866,,1.0,0.0243,0.0312,0.042,0.9218,0.9715,0.862,,False,
4810,160.358,65,Ben,0.8860,,1.0,0.0208,0.0312,0.0407,0.9196,0.9722,0.8639,,False,
4811,160.391,65,Ben,0.8853,,1.0,0.0312,0.0139,0.042,0.9171,0.9728,0.8561,,False,
4812,160.424,65,Ben,0.8884,,1.0,0.0521,0.0382,0.0449,0.9235,0.9767,0.8564,,False,
4813,160.458,65,Ben,0.8886,,1.0,0.0625,0.0104,0.0414,0.9292,0.9693,0.8418,,False,
4814,160.491,65,Ben,0.8867,,1.0,0.059,0.0208,0.0414,0.9219,0.9717,0.8456,,False,
4815,160.525,65,Ben,0.8850,,1.0,0.0729,0.0278,0.0383,0.9196,0.9682,0.835,,False,
4816,160.558,65,Ben,0.8825,,1.0,0.0625,0.0208,0.0432,0.9118,0.9685,0.8368,,False,
4817,160.591,65,Ben,0.8820,,1.0,0.0794,0.0139,0.044,0.9091,0.9705,0.8497,,False,
4818,160.625,65,Ben,0.8804,,1.0,0.066,0.0278,0.0417,0.902,0.9737,0.8478,,False,
4819,160.658,65,Ben,0.8793,,1.0,0.066,0.0417,0.0402,0.9029,0.9679,0.8216,,False,
4820,160.691,65,Ben,0.8764,,1.0,0.066,0.0312,0.0379,0.8946,0.9675,0.8274,,False,
4821,160.725,65,Ben,0.8748,,1.0,0.0764,0.0104,0.0405,0.8915,0.9654,0.8457,,False,
4822,160.758,65,Ben,0.8699,,1.0,0.0764,0.0208,0.0425,0.8792,0.9625,0.8463,,False,
4823,160.791,65,Ben,0.8684,,1.0,0.0694,0.0139,0.0468,0.8762,0.9605,0.8464,,False,
4824,160.825,65,Ben,0.8707,,1.0,0.0739,0.0,0.0477,0.8846,0.9582,0.8353,,False,
4825,160.858,65,Ben,0.8676,,1.0,0.0486,0.0,0.0473,0.8804,0.9513,0.8363,,False,
4826,160.891,65,Ben,0.8675,,1.0,0.0,0.0,0.056,0.8786,0.9534,0.8453,,False,
4827,160.925,65,Ben,0.8684,,1.0,0.0,0.0208,0.0808,0.8777,0.9584,0.853,,False,
4828,160.958,65,Ben,0.8690,,1.0,0.0,0.0069,0.1025,0.8773,0.9612,0.8402,,False,
4829,160.991,65,Ben,0.8684,,1.0,0.0,0.0035,0.1227,0.8777,0.9581,0.85,,False,
4830,161.025,65,Ben,0.8684,,1.0,0.0243,0.0243,0.1264,0.8905,0.94,0.8861,,False,
4833,161.125,65,Ben,0.8317,,1.0,0.0551,0.0972,0.1176,0.9026,0.9227,0.8961,,False,
4834,161.158,65,Ben,0.8705,,1.0,0.0628,0.0521,0.0972,0.9019,0.9327,0.8857,,False,
4836,161.225,65,Ben,0.8328,,1.0,0.0611,0.0,0.0814,0.9248,0.9295,0.82,,False,
4837,161.258,65,Ben,0.8741,,1.0,0.0294,0.0,0.0528,0.9219,0.9195,0.8369,,False,
4838,161.291,65,Ben,0.8763,,1.0,0.0465,0.0,0.0281,0.9273,0.921,0.8625,,False,
4839,161.325,65,Ben,0.8769,,1.0,0.0397,0.0,0.0194,0.9296,0.92,0.8634,,False,
4840,161.358,65,Ben,0.8761,,1.0,0.0144,0.0,0.0208,0.9334,0.9116,0.8489,,False,
4841,161.392,65,Ben,0.8731,,1.0,0.0,0.0,0.022,0.9305,0.9031,0.8246,,False,
4842,161.425,65,Ben,0.8748,,1.0,0.0,0.0,0.0248,0.9309,0.9096,0.8068,,False,
4843,161.458,65,Ben,0.8774,,1.0,0.0,0.0,0.031,0.9336,0.9164,0.8053,,False,
4844,161.492,65,Ben,0.8828,,1.0,0.0,0.0,0.0482,0.9403,0.9297,0.827,,False,
4845,161.525,65,Ben,0.8875,,1.0,0.0,0.0,0.0681,0.9492,0.9367,0.8013,,False,
4846,161.558,65,Ben,0.8907,,1.0,0.0,0.0104,0.088,0.9497,0.9492,0.8019,,False,
4847,161.592,65,Ben,0.8873,,1.0,0.0,0.0035,0.0905,0.947,0.9388,0.7985,,False,
4848,161.625,65,Ben,0.8853,,1.0,0.0,0.0,0.0588,0.937,0.9445,0.7924,,False,
4849,161.658,65,Ben,0.8859,,1.0,0.0,0.0,0.0234,0.9398,0.9431,0.7812,,False,
4850,161.692,65,Ben,0.8831,,1.0,0.0,0.0,0.0235,0.9384,0.9337,0.802,,False,
4851,161.725,65,Ben,0.8828,,1.0,0.0,0.0,0.0264,0.9343,0.9379,0.7811,,False,
4852,161.758,65,Ben,0.8850,,1.0,0.0,0.0,0.0361,0.9282,0.9558,0.763,,False,
4853,161.792,65,Ben,0.8863,,1.0,0.0,0.0,0.035,0.9282,0.9614,0.7442,,False,
4854,161.825,65,Ben,0.8867,,1.0,0.0,0.0,0.0477,0.9303,0.9601,0.7738,,False,
4855,161.858,65,Ben,0.8884,,1.0,0.0,0.0,0.0375,0.9345,0.9613,0.7987,,False,
4856,161.892,65,Ben,0.8907,,1.0,0.0097,0.0,0.032,0.938,0.9657,0.779,,False,
4857,161.925,65,Ben,0.8927,,1.0,0.0387,0.0,0.0338,0.9441,0.9654,0.7555,,False,
4859,161.992,65,Ben,0.8249,,1.0,0.0518,0.0,0.0363,0.9399,0.9641,0.7629,,False,
4860,162.025,65,Ben,0.8891,,1.0,0.0634,0.0,0.0571,0.9376,0.9596,0.7579,,False,
4861,162.058,65,Ben,0.8874,,1.0,0.0162,0.0,0.0455,0.939,0.9505,0.7597,,False,
4862,162.092,65,Ben,0.8855,,1.0,0.0032,0.0,0.0364,0.9315,0.9533,0.7416,,False,
4863,162.125,65,Ben,0.8901,,1.0,0.0,0.0,0.0493,0.9455,0.9525,0.7411,,False,
4864,162.158,65,Ben,0.8846,,1.0,0.0,0.0035,0.0497,0.9456,0.9296,0.7402,,False,
4865,162.192,65,Ben,0.8818,,1.0,0.0,0.0,0.0528,0.9429,0.9216,0.732,,False,
4866,162.225,65,Ben,0.8835,,1.0,0.0,0.0,0.0561,0.941,0.9316,0.7545,,False,
4867,162.258,65,Ben,0.8834,,1.0,0.0,0.0,0.0657,0.9412,0.9306,0.7553,,False,
4868,162.292,65,Ben,0.8901,,1.0,0.0,0.0,0.0921,0.9453,0.9529,0.7511,,False,
4869,162.325,65,Ben,0.8924,,1.0,0.0,0.0,0.0954,0.9534,0.951,0.7493,,False,
4870,162.359,65,Ben,0.8949,,1.0,0.0,0.0,0.0904,0.954,0.9607,0.7385,,False,
4871,162.392,65,Ben,0.8957,,1.0,0.0,0.0035,0.0776,0.9517,0.9671,0.7495,,False,
4874,162.492,65,Ben,0.8230,,1.0,0.0,0.0,0.0698,0.951,0.9729,0.758,,False,
4875,162.525,65,Ben,0.8980,,1.0,0.0,0.0,0.0731,0.9539,0.9735,0.7569,,False,
4876,162.559,65,Ben,0.8982,,1.0,0.0,0.0,0.0673,0.9531,0.9754,0.7514,,False,
4877,162.592,65,Ben,0.8953,,1.0,0.0,0.0,0.0769,0.9509,0.9668,0.7635,,False,
4878,162.625,65,Ben,0.8930,,1.0,0.0,0.0,0.0745,0.9491,0.9596,0.7615,,False,
4879,162.659,65,Ben,0.8903,,1.0,0.0,0.0,0.093,0.9458,0.9532,0.7692,,False,
4880,162.692,65,Ben,0.8880,,1.0,0.0099,0.0,0.1096,0.9462,0.943,0.7564,,False,
4881,162.725,65,Ben,0.8874,,1.0,0.0268,0.0,0.0945,0.9427,0.9452,0.7584,,False,
4882,162.759,65,Ben,0.8887,,1.0,0.0398,0.0,0.0998,0.9402,0.9545,0.7512,,False,
4883,162.792,65,Ben,0.8890,,1.0,0.0787,0.0,0.088,0.9388,0.9576,0.7588,,False,
4884,162.825,65,Ben,0.8895,,1.0,0.0625,0.0,0.0774,0.9378,0.9609,0.7444,,False,
4885,162.859,65,Ben,0.8890,,1.0,0.0278,0.0,0.0749,0.9366,0.9608,0.7375,,False,
4886,162.892,65,Ben,0.8900,,1.0,0.0278,0.0,0.0601,0.9377,0.9631,0.737,,False,
4887,162.925,65,Ben,0.8918,,1.0,0.0208,0.0,0.0622,0.9429,0.9633,0.7563,,False,
4888,162.959,65,Ben,0.8905,,1.0,0.0,0.0,0.0757,0.9431,0.9578,0.7482,,False,
4889,162.992,65,Ben,0.8886,,1.0,0.0,0.0,0.0795,0.9405,0.9536,0.7604,,False,
4890,163.025,65,Ben,0.8871,,1.0,0.0,0.0,0.0883,0.9392,0.9492,0.7692,,False,
4891,163.059,65,Ben,0.8877,,1.0,0.0,0.0,0.0648,0.9416,0.9483,0.7843,,False,
4892,163.092,65,Ben,0.8894,,1.0,0.0,0.0,0.0695,0.943,0.9533,0.7656,,False,
4893,163.125,65,Ben,0.8922,,1.0,0.0098,0.0,0.0629,0.9446,0.9627,0.7507,,False,
4894,163.159,65,Ben,0.8932,,1.0,0.0,0.0,0.0533,0.9468,0.9636,0.7543,,False,
4895,163.192,65,Ben,0.8959,,1.0,0.0293,0.0,0.0526,0.9503,0.9701,0.7567,,False,
4896,163.226,65,Ben,0.8962,,1.0,0.0244,0.0,0.0557,0.952,0.969,0.7582,,False,
4897,163.259,65,Ben,0.8968,,1.0,0.0261,0.0,0.0521,0.9509,0.9727,0.7541,,False,
4898,163.292,65,Ben,0.8972,,1.0,0.0261,0.0,0.0463,0.9541,0.9699,0.7574,,False,
4899,163.326,65,Ben,0.8965,,1.0,0.0131,0.0,0.0461,0.9543,0.967,0.7544,,False,
4900,163.359,65,Ben,0.8951,,1.0,0.0,0.0,0.0475,0.9511,0.9656,0.7407,,False,
4901,163.392,65,Ben,0.8969,,1.0,0.0,0.0,0.05,0.9516,0.9723,0.7368,,False,
4902,163.426,65,Ben,0.8928,,1.0,0.0,0.0,0.0488,0.9441,0.9659,0.7586,,False,
4903,163.459,65,Ben,0.8882,,1.0,0.0097,0.0,0.0579,0.9374,0.956,0.7697,,False,
4904,163.492,65,Ben,0.8869,,1.0,0.0433,0.0,0.0701,0.9355,0.9533,0.7778,,False,
4905,163.526,65,Ben,0.8913,,1.0,0.0544,0.0,0.0781,0.9386,0.9672,0.7501,,False,
4906,163.559,65,Ben,0.8930,,1.0,0.0636,0.0,0.0797,0.9411,0.9709,0.757,,False,
4907,163.592,65,Ben,0.8904,,1.0,0.0382,0.0,0.0749,0.9374,0.9654,0.7716,,False,
4908,163.626,65,Ben,0.8936,,1.0,0.0377,0.0,0.0611,0.9431,0.9705,0.7613,,False,
4909,163.659,65,Ben,0.8937,,1.0,0.0561,0.0035,0.063,0.9444,0.969,0.7574,,False,
4910,163.692,65,Ben,0.8938,,1.0,0.033,0.0,0.0593,0.9461,0.9672,0.7355,,False,
4911,163.726,65,Ben,0.8912,,1.0,0.0,0.0,0.0689,0.9429,0.961,0.7297,,False,
4912,163.759,65,Ben,0.8939,,1.0,0.0,0.0,0.0645,0.9452,0.969,0.7477,,False,
4913,163.792,65,Ben,0.8944,,1.0,0.0,0.0,0.074,0.9442,0.9723,0.7295,,False,
4914,163.826,65,Ben,0.8963,,1.0,0.0,0.0,0.0742,0.9511,0.9704,0.7377,,False,
4915,163.859,65,Ben,0.8996,,1.0,0.0,0.0,0.0671,0.9537,0.9804,0.7309,,False,
4916,163.892,65,Ben,0.9013,,1.0,0.0124,0.0,0.0657,0.9552,0.9857,0.726,,False,
4917,163.926,65,Ben,0.9001,,1.0,0.0195,0.0,0.0618,0.952,0.985,0.7327,,False,
4918,163.959,65,Ben,0.8941,,1.0,0.0049,0.0,0.0475,0.9407,0.9763,0.7394,,False,
4919,163.992,65,Ben,0.8957,,1.0,0.0317,0.0,0.0513,0.9444,0.9777,0.7467,,False,
4920,164.026,65,Ben,0.8942,,1.0,0.0,0.0,0.0543,0.9421,0.9744,0.7426,,False,
4921,164.059,65,Ben,0.8966,,1.0,0.0,0.0035,0.0517,0.9443,0.9812,0.7477,,False,
4922,164.092,65,Ben,0.9017,,1.0,0.0,0.0,0.0609,0.9567,0.9849,0.7386,,False,
4923,164.126,65,Ben,0.9014,,1.0,0.0,0.0,0.0636,0.9573,0.983,0.7341,,False,
4924,164.159,65,Ben,0.8981,,1.0,0.0,0.0,0.074,0.9502,0.9793,0.744,,False,
4925,164.193,65,Ben,0.8899,,1.0,0.0,0.0035,0.0742,0.938,0.9626,0.782,,False,
4926,164.226,65,Ben,0.8834,,1.0,0.0065,0.0035,0.08,0.9222,0.9576,0.796,,False,
4927,164.259,65,Ben,0.8803,,1.0,0.0,0.0035,0.0742,0.9152,0.9549,0.7945,,False,
4928,164.293,65,Ben,0.8869,,1.0,0.0,0.0,0.0802,0.921,0.9738,0.7472,,False,
4929,164.326,65,Ben,0.8836,,1.0,0.0,0.0035,0.0839,0.9178,0.9647,0.7437,,False,
4930,164.359,65,Ben,0.8859,,1.0,0.0,0.0,0.0779,0.9243,0.9651,0.7555,,False,
4931,164.393,65,Ben,0.8847,,1.0,0.0312,0.0,0.0657,0.9214,0.9642,0.7486,,False,
4932,164.426,65,Ben,0.8843,,1.0,0.0382,0.0,0.047,0.9224,0.961,0.7572,,False,
4933,164.459,65,Ben,0.8855,,1.0,0.0417,0.0,0.0362,0.921,0.968,0.7525,,False,
4934,164.493,65,Ben,0.8862,,1.0,0.0278,0.0069,0.0512,0.9199,0.9725,0.7471,,False,
4935,164.526,65,Ben,0.8874,,1.0,0.0,0.0,0.0678,0.9199,0.9775,0.747,,False,
4936,164.559,65,Ben,0.8859,,1.0,0.0,0.0,0.0784,0.9187,0.9729,0.7518,,False,
4937,164.593,65,Ben,0.8936,face_mismatch,1.0,0.0,0.0,0.0891,0.9212,0.9775,0.749,,False,
4938,164.626,65,Ben,0.8937,face_mismatch,1.0,0.0,0.0,0.0641,0.9293,0.9679,0.77,,False,
4939,164.659,65,Ben,0.8857,,1.0,0.0158,0.0,0.0729,0.9287,0.958,0.7979,,False,
4940,164.693,65,Ben,0.8886,,1.0,0.0,0.0035,0.0922,0.9307,0.9674,0.7721,,False,
4941,164.726,65,Ben,0.8931,,1.0,0.0,0.0035,0.105,0.9425,0.9694,0.7429,,False,
4942,164.759,65,Ben,0.8958,,1.0,0.0,0.0,0.0934,0.9533,0.9655,0.7263,,False,
4943,164.793,65,Ben,0.8951,,1.0,0.0313,0.0,0.0733,0.9517,0.9645,0.7482,,False,
4944,164.826,65,Ben,0.8893,,1.0,0.0,0.0,0.056,0.9443,0.9508,0.7566,,False,
4946,164.893,65,Ben,0.8068,,1.0,0.0,0.0,0.0518,0.9481,0.9445,0.7542,,False,
4947,164.926,65,Ben,0.8875,,1.0,0.0,0.0,0.0402,0.9448,0.9428,0.7548,,False,
4948,164.959,65,Ben,0.8908,,1.0,0.0,0.0035,0.0352,0.9455,0.9554,0.7469,,False,
4949,164.993,65,Ben,0.8944,,1.0,0.0,0.0,0.0536,0.9459,0.9701,0.7335,,False,
4950,165.026,65,Ben,0.8923,,1.0,0.0,0.0,0.0609,0.9426,0.9658,0.7344,,False,
4951,165.059,65,Ben,0.8893,,1.0,0.0,0.0,0.0688,0.9294,0.972,0.746,,False,
4952,165.093,65,Ben,0.8773,,1.0,0.0,0.0,0.0843,0.9054,0.9563,0.783,,False,
4953,165.126,65,Ben,0.8778,,1.0,0.0,0.0,0.0813,0.9066,0.9563,0.7796,,False,
4954,165.16,65,Ben,0.8797,,1.0,0.0,0.0,0.0612,0.9088,0.9612,0.7656,,False,
4958,165.293,65,Ben,0.7987,,1.0,0.0,0.0035,0.0392,0.8795,0.9587,0.7884,,False,
4959,165.326,65,Ben,0.8667,,1.0,0.0,0.0,0.0443,0.8795,0.9487,0.7957,,False,
4960,165.36,65,Ben,0.8682,,1.0,0.0,0.0,0.0585,0.8848,0.9472,0.8041,,False,
4961,165.393,65,Ben,0.8668,,1.0,0.0,0.0,0.0807,0.8837,0.9431,0.7973,,False,
4962,165.426,65,Ben,0.8663,,1.0,0.0,0.0,0.0922,0.8844,0.9402,0.8242,,False,
4963,165.46,65,Ben,0.8659,,1.0,0.0,0.0,0.0883,0.8834,0.9396,0.8353,,False,
4964,165.493,65,Ben,0.8723,,1.0,0.0,0.0,0.0867,0.8977,0.946,0.8277,,False,
4965,165.526,65,Ben,0.8795,,1.0,0.0,0.0,0.0721,0.9152,0.9515,0.8193,,False,
4966,165.56,65,Ben,0.8817,,1.0,0.0,0.0,0.0562,0.9221,0.9508,0.8128,,False,
4967,165.593,65,Ben,0.8864,,1.0,0.0,0.0139,0.0588,0.9304,0.9586,0.7757,,False,
4969,165.66,65,Ben,0.8132,,1.0,0.0,0.0128,0.0591,0.9305,0.9686,0.7535,,False,
4971,165.726,65,Ben,0.8170,,1.0,0.0,0.0153,0.0468,0.9383,0.9717,0.7365,,False,
4972,165.76,65,Ben,0.8906,,1.0,0.0,0.0208,0.0494,0.9344,0.9705,0.7424,,False,
4973,165.793,65,Ben,0.8916,,1.0,0.0,0.0139,0.0887,0.932,0.9779,0.7338,,False,
4974,165.826,65,Ben,0.8866,,1.0,0.0,0.0,0.0926,0.9154,0.9806,0.7405,,False,
4975,165.86,65,Ben,0.8805,,1.0,0.0,0.0,0.0963,0.8978,0.9802,0.7374,,False,
4978,165.96,65,Ben,0.8115,,1.0,0.0,0.0,0.0847,0.9301,0.9747,0.7745,,False,
4979,165.993,65,Ben,0.8913,,1.0,0.0,0.0,0.0774,0.9347,0.973,0.7761,,False,
4980,166.027,65,Ben,0.8934,,1.0,0.0,0.0,0.0882,0.937,0.9785,0.7613,,False,
4981,166.06,65,Ben,0.8983,,1.0,0.0,0.0104,0.0927,0.947,0.9846,0.739,,False,
4982,166.093,65,Ben,0.8963,,1.0,0.0,0.0035,0.0786,0.9461,0.9774,0.7358,,False,
4986,166.227,65,Ben,0.8157,,1.0,0.0,0.0243,0.0739,0.9445,0.9796,0.7284,,False,
4987,166.26,65,Ben,0.8968,,1.0,0.0229,0.0,0.0984,0.9421,0.9855,0.7168,,False,
4988,166.293,65,Ben,0.8944,,1.0,0.0111,0.0,0.1085,0.936,0.9838,0.7307,,False,
4989,166.327,65,Ben,0.8842,,1.0,0.0,0.0,0.0958,0.9087,0.98,0.7559,,False,
4990,166.36,65,Ben,0.8896,,1.0,0.0,0.0035,0.1104,0.9336,0.9675,0.7799,,False,
4991,166.393,65,Ben,0.8890,,1.0,0.0,0.0,0.1203,0.9328,0.9659,0.7823,,False,
4992,166.427,65,Ben,0.8876,,1.0,0.0,0.0,0.1068,0.9297,0.9646,0.7735,,False,
4993,166.46,65,Ben,0.8904,,1.0,0.0,0.0,0.1134,0.9429,0.9576,0.78,,False,
4994,166.493,65,Ben,0.8926,,1.0,0.0,0.0,0.1035,0.9492,0.9578,0.7712,,False,
4995,166.527,65,Ben,0.8917,,1.0,0.0,0.0,0.0915,0.951,0.9516,0.7788,,False,
4996,166.56,65,Ben,0.8899,,1.0,0.0024,0.0051,0.0831,0.9517,0.9431,0.7684,,False,
4998,166.627,65,Ben,0.8015,,1.0,0.0078,0.0,0.0737,0.9591,0.9447,0.7461,,False,
4999,166.66,65,Ben,0.8902,,1.0,0.0,0.0,0.0621,0.9575,0.9361,0.7585,,False,
5000,166.693,65,Ben,0.8918,,1.0,0.0,0.0,0.0841,0.9594,0.9401,0.7579,,False,
5001,166.727,65,Ben,0.8899,,1.0,0.0,0.0,0.0784,0.9536,0.9402,0.7647,,False,
5002,166.76,65,Ben,0.8878,,1.0,0.0,0.0,0.0936,0.9467,0.9413,0.7675,,False,
5003,166.793,65,Ben,0.8887,,1.0,0.0,0.0026,0.097,0.9447,0.9481,0.7628,,False,
5004,166.827,65,Ben,0.8888,,1.0,0.0,0.0051,0.1057,0.9502,0.9407,0.7663,,False,
5005,166.86,65,Ben,0.8892,,1.0,0.0,0.0077,0.11,0.9483,0.9451,0.7626,,False,
5006,166.893,65,Ben,0.8835,,1.0,0.0,0.0026,0.0999,0.9312,0.9452,0.7563,,False,
5007,166.927,65,Ben,0.8910,,1.0,0.0,0.0077,0.1465,0.9517,0.9474,0.731,,False,
5008,166.96,65,Ben,0.8885,,1.0,0.0,0.0,0.1462,0.9608,0.9242,0.7218,,False,
5010,167.027,65,Ben,0.7900,,1.0,0.0037,0.0,0.1126,0.959,0.9143,0.7166,,False,
5011,167.06,65,Ben,0.8807,,1.0,0.0018,0.0,0.0914,0.9576,0.8965,0.7201,,False,
5012,167.094,65,Ben,0.8808,,1.0,0.0098,0.002,0.1234,0.9535,0.9025,0.7408,,False,
5013,167.127,65,Ben,0.8789,,1.0,0.0156,0.0,0.1273,0.9518,0.897,0.7341,,False,
5014,167.16,65,Ben,0.8800,,1.0,0.0077,0.0051,0.0941,0.946,0.9099,0.7559,,False,
5015,167.194,65,Ben,0.8774,,1.0,0.0026,0.0,0.0921,0.9428,0.9035,0.7554,,False,
5016,167.227,65,Ben,0.8800,,1.0,0.0,0.0,0.0916,0.9474,0.908,0.7635,,False,
5017,167.26,65,Ben,0.8765,,1.0,0.0102,0.0,0.0805,0.9469,0.8941,0.7545,,False,
5018,167.294,65,Ben,0.8729,,1.0,0.02,0.0,0.084,0.949,0.8758,0.7431,,False,
5022,167.427,65,Ben,0.7564,,1.0,0.0,0.0,0.0455,0.9402,0.836,0.6933,,False,
5023,167.46,65,Ben,0.8694,,1.0,0.0,0.0,0.0356,0.9503,0.8596,0.6996,,False,
5026,167.56,65,Ben,0.7681,,1.0,0.0,0.0,0.0337,0.9449,0.8664,0.7176,,False,
5027,167.594,65,Ben,0.8728,,1.0,0.0,0.0,0.0332,0.9456,0.8802,0.7284,,False,
5028,167.627,65,Ben,0.8702,,1.0,0.0,0.0,0.0401,0.9421,0.8747,0.7139,,False,
5029,167.66,65,Ben,0.8722,,1.0,0.0,0.0,0.0401,0.944,0.8803,0.7196,,False,
5030,167.694,65,Ben,0.8730,,1.0,0.0051,0.0,0.0509,0.9426,0.8855,0.7215,,False,
5031,167.727,65,Ben,0.8730,,1.0,0.025,0.0,0.0518,0.9425,0.8856,0.7326,,False,
5032,167.76,65,Ben,0.8694,,1.0,0.0249,0.0,0.0495,0.9361,0.8798,0.7294,,False,
5033,167.794,65,Ben,0.8720,,1.0,0.0279,0.0,0.0523,0.9412,0.8833,0.7375,,False,
5034,167.827,65,Ben,0.8699,,1.0,0.0175,0.0,0.0579,0.9323,0.887,0.7281,,False,
5035,167.861,65,Ben,0.8717,,1.0,0.0102,0.0,0.0674,0.9348,0.891,0.7334,,False,
5036,167.894,65,Ben,0.8722,,1.0,0.0094,0.0,0.0544,0.9379,0.8887,0.7358,,False,
5037,167.927,65,Ben,0.8710,,1.0,0.0122,0.0,0.0506,0.9383,0.8831,0.7325,,False,
5038,167.961,65,Ben,0.8720,,1.0,0.0072,0.0,0.0583,0.9415,0.8829,0.7266,,False,
5039,167.994,65,Ben,0.8691,,1.0,0.0,0.0,0.0696,0.9352,0.8799,0.736,,False,
5040,168.027,65,Ben,0.8678,,1.0,0.0,0.0,0.0792,0.9306,0.8808,0.7327,,False,
5041,168.061,65,Ben,0.8649,,1.0,0.0,0.0069,0.0748,0.9387,0.8572,0.7476,,False,
5042,168.094,65,Ben,0.8591,,1.0,0.0,0.0,0.067,0.9419,0.8286,0.7551,,False,
5043,168.127,65,Ben,0.8590,,1.0,0.0101,0.0,0.0393,0.935,0.8378,0.7699,,False,
5044,168.161,65,Ben,0.8578,,1.0,0.0206,0.0035,0.0295,0.9281,0.8426,0.7695,,False,
5045,168.194,65,Ben,0.8512,,1.0,0.0292,0.0035,0.0241,0.9197,0.827,0.7596,,False,
5046,168.227,65,Ben,0.8529,,1.0,0.0708,0.0035,0.0287,0.9168,0.8383,0.7606,,False,
5047,168.261,65,Ben,0.8507,,1.0,0.0625,0.0069,0.0308,0.9261,0.816,0.7548,,False,
5048,168.294,65,Ben,0.8527,,1.0,0.0788,0.0,0.0356,0.9289,0.8201,0.7455,,False,
5049,168.327,65,Ben,0.8533,,1.0,0.0753,0.0035,0.0361,0.9281,0.824,0.7561,,False,
5050,168.361,65,Ben,0.8538,,1.0,0.0618,0.0,0.0412,0.9317,0.8211,0.7506,,False,
5051,168.394,65,Ben,0.8547,,1.0,0.0375,0.0035,0.0451,0.9298,0.8275,0.7507,,False,
5052,168.427,65,Ben,0.8557,,1.0,0.0347,0.0,0.0505,0.9276,0.8345,0.7443,,False,
5053,168.461,65,Ben,0.8583,,1.0,0.0243,0.0035,0.0481,0.9307,0.8412,0.7383,,False,
5054,168.494,65,Ben,0.8549,,1.0,0.0132,0.0,0.0385,0.921,0.8407,0.7401,,False,
5055,168.527,65,Ben,0.8503,,1.0,0.008,0.0,0.0342,0.9108,0.836,0.7317,,False,
5056,168.561,65,Ben,0.8507,,1.0,0.0104,0.0035,0.0214,0.9168,0.8293,0.7378,,False,
5057,168.594,65,Ben,0.8524,,1.0,0.0181,0.0,0.019,0.918,0.8344,0.7399,,False,
5058,168.627,65,Ben,0.8505,,1.0,0.0215,0.0,0.0194,0.9116,0.8357,0.7392,,False,
5059,168.661,65,Ben,0.8496,,1.0,0.0413,0.0,0.025,0.9071,0.8384,0.744,,False,
5060,168.694,65,Ben,0.8488,,1.0,0.0319,0.0,0.0312,0.9088,0.8326,0.7393,,False,
5061,168.727,65,Ben,0.8515,,1.0,0.042,0.0,0.0402,0.9055,0.8483,0.7397,,False,
5062,168.761,65,Ben,0.8474,,1.0,0.0417,0.0,0.0433,0.9027,0.8353,0.7414,,False,
5063,168.794,65,Ben,0.8441,,1.0,0.0451,0.0,0.0632,0.895,0.8323,0.7381,,False,
5064,168.828,65,Ben,0.8376,,1.0,0.0521,0.0,0.0568,0.8802,0.8262,0.7475,,False,
5066,168.894,65,Ben,0.7420,,1.0,0.0432,0.0,0.0198,0.9073,0.8247,0.7248,,False,
5067,168.928,65,Ben,0.8511,,1.0,0.0,0.0051,0.0252,0.9291,0.8134,0.7274,,False,
5068,168.961,65,Ben,0.8466,,1.0,0.0285,0.0,0.0366,0.9161,0.8129,0.7238,,False,
5069,168.994,65,Ben,0.8405,,1.0,0.0229,0.0,0.0178,0.9156,0.7882,0.7151,,False,
5070,169.028,65,Ben,0.8348,,1.0,0.0,0.0391,0.0159,0.9057,0.7786,0.702,,False,
5071,169.061,65,Ben,0.8296,,1.0,0.0,0.0386,0.0231,0.9131,0.7465,0.6795,,False,
5075,169.194,65,Ben,0.6854,,1.0,0.0689,0.0,0.0611,0.8951,0.7209,0.7105,punch,False,
5079,169.328,65,Ben,0.6663,,1.0,0.0,0.0,0.0877,0.8834,0.714,0.8343,,False,
5080,169.361,65,Ben,0.8076,,1.0,0.0,0.0,0.0868,0.8749,0.7088,0.8593,,False,
5081,169.394,65,Ben,0.8411,,1.0,0.0317,0.0,0.0894,0.9171,0.7885,0.8171,,False,
5083,169.461,65,Ben,0.6575,,1.0,0.0,0.0069,0.1138,0.8717,0.7348,0.6274,,False,
5084,169.494,65,Ben,0.8288,,1.0,0.0025,0.0,0.0492,0.8897,0.7761,0.635,,False,
5085,169.528,65,Ben,0.8271,,1.0,0.0151,0.0,0.0683,0.8902,0.7686,0.6386,,False,
5126,170.895,84,Ben,0.6191,,1.0,0.0087,0.0,0.1709,0.9243,0.6683,0.8178,,False,
5127,170.928,84,Ben,0.8124,,1.0,0.0126,0.0,0.1318,0.9183,0.6675,0.8147,,False,
5128,170.962,84,Ben,0.8171,,1.0,0.0165,0.0,0.1359,0.925,0.6775,0.7938,,False,
5129,170.995,84,Ben,0.8185,,1.0,0.0089,0.0,0.1077,0.9217,0.6879,0.8025,,False,
5130,171.028,84,Ben,0.8202,,1.0,0.0017,0.0,0.0957,0.9222,0.6942,0.8022,,False,
5131,171.062,84,Ben,0.8219,,1.0,0.0063,0.0,0.0945,0.9181,0.7071,0.8081,,False,
5132,171.095,84,Ben,0.8229,,1.0,0.0039,0.0,0.0922,0.9197,0.709,0.8113,,False,
5133,171.128,84,Ben,0.8318,,1.0,0.0246,0.0,0.0891,0.9217,0.7433,0.8345,,False,
5134,171.162,84,Ben,0.8257,,1.0,0.0088,0.0,0.1164,0.9162,0.726,0.8345,,False,
5135,171.195,84,Ben,0.8307,,1.0,0.0109,0.0,0.0791,0.9103,0.755,0.8594,,False,
5136,171.228,84,Ben,0.8293,,1.0,0.0074,0.0,0.0698,0.9054,0.7562,0.8774,,False,
5137,171.262,84,Ben,0.8330,,1.0,0.0233,0.0,0.0957,0.8931,0.7891,0.89,,False,
5138,171.295,84,Ben,0.8208,,1.0,0.0128,0.0,0.0758,0.8804,0.7562,0.8806,,False,
5139,171.328,84,Ben,0.8204,,1.0,0.0122,0.0139,0.0768,0.8698,0.7696,0.8617,,False,
5140,171.362,84,Ben,0.8139,,1.0,0.0149,0.0,0.1494,0.8568,0.7606,0.8589,,False,
5142,171.428,84,Ben,0.6199,,1.0,0.0094,0.0069,0.1753,0.8524,0.7426,0.8606,,False,
5144,171.495,84,Ben,0.6290,,1.0,0.0194,0.0035,0.1427,0.8476,0.7773,0.8553,,False,
5145,171.528,84,Ben,0.8169,,1.0,0.0306,0.0,0.1556,0.8432,0.7924,0.849,,False,
5146,171.562,84,Ben,0.8238,,1.0,0.0146,0.0,0.1441,0.8468,0.8161,0.8747,,False,
5147,171.595,84,Ben,0.8147,,1.0,0.0122,0.0,0.1469,0.8432,0.7833,0.8445,,False,
5148,171.629,84,Ben,0.8186,,1.0,0.0146,0.0,0.1489,0.8432,0.7997,0.8696,,False,
5149,171.662,84,Ben,0.8188,,1.0,0.0181,0.0,0.1746,0.8379,0.8079,0.884,,False,
5206,173.563,65,Ben,0.6498,,1.0,0.0,0.0,0.0208,0.8395,0.7023,0.6778,,False,
5207,173.596,65,Ben,0.7887,,1.0,0.0,0.0,0.006,0.7925,0.7469,0.8545,,False,
5208,173.629,65,Ben,0.7890,,1.0,0.0,0.0069,0.0043,0.7923,0.7484,0.8417,,False,
5210,173.696,65,Ben,0.6386,,1.0,0.0,0.0104,0.0036,0.7813,0.7462,0.8842,,False,
5224,174.163,65,Ben,0.6754,,1.0,0.0,0.0,0.0182,0.8354,0.725,0.835,,False,
5225,174.196,65,Ben,0.8109,,1.0,0.0,0.0174,0.0293,0.8405,0.7713,0.8582,,False,
5226,174.229,65,Ben,0.8278,,1.0,0.0,0.0556,0.0786,0.8628,0.8103,0.8577,,False,
5227,174.263,65,Ben,0.8269,,1.0,0.0,0.0069,0.061,0.8825,0.7787,0.7012,,False,
5228,174.296,65,Ben,0.8403,,1.0,0.0,0.0243,0.125,0.8985,0.8115,0.6847,,False,
5229,174.33,65,Ben,0.8483,,1.0,0.0,0.0243,0.1275,0.9076,0.8323,0.6826,,False,
5230,174.363,65,Ben,0.8513,,1.0,0.0,0.0035,0.1235,0.906,0.8468,0.6694,,False,
5231,174.396,65,Ben,0.8535,,1.0,0.0,0.0,0.1146,0.8984,0.867,0.6519,,False,
5232,174.43,65,Ben,0.8566,,1.0,0.0,0.0035,0.1296,0.9004,0.8771,0.6457,,False,
5233,174.463,65,Ben,0.8700,,1.0,0.0,0.0139,0.1367,0.9292,0.8919,0.6571,,False,
5234,174.496,65,Ben,0.8712,,1.0,0.0,0.0243,0.1239,0.9242,0.904,0.652,,False,
5235,174.53,65,Ben,0.8728,,1.0,0.0,0.0174,0.1167,0.9182,0.9193,0.6695,,False,
5236,174.563,65,Ben,0.8678,,1.0,0.0,0.0,0.1098,0.9143,0.9039,0.6708,,False,
5237,174.596,65,Ben,0.8709,,1.0,0.0,0.059,0.1156,0.9131,0.9187,0.6755,,False,
5238,174.63,65,Ben,0.8697,,1.0,0.0,0.0486,0.1176,0.9097,0.9184,0.6691,,False,
5239,174.663,65,Ben,0.8673,,1.0,0.0,0.0035,0.1183,0.9118,0.9054,0.657,,False,
5240,174.696,65,Ben,0.8740,,1.0,0.0,0.0069,0.1115,0.9155,0.9281,0.6814,,False,
5241,174.73,65,Ben,0.8779,,1.0,0.0,0.0,0.1191,0.9178,0.941,0.6824,,False,
5242,174.763,65,Ben,0.8766,,1.0,0.0,0.0,0.131,0.9188,0.9344,0.7011,,False,
5243,174.796,65,Ben,0.8697,,1.0,0.0,0.0,0.1416,0.9154,0.9102,0.7133,,False,
5244,174.83,65,Ben,0.8583,,1.0,0.0,0.0,0.1466,0.9106,0.8694,0.7127,,False,
5245,174.863,65,Ben,0.8586,,1.0,0.0,0.0,0.1308,0.9051,0.8786,0.7353,,False,
5246,174.896,65,Ben,0.8581,,1.0,0.0,0.0,0.1294,0.8979,0.8866,0.7334,,False,
5247,174.93,65,Ben,0.8578,,1.0,0.0,0.0,0.1317,0.8893,0.8976,0.7336,,False,
5248,174.963,65,Ben,0.8588,,1.0,0.0,0.0,0.1326,0.8911,0.8994,0.7118,,False,
5249,174.996,65,Ben,0.8582,,1.0,0.0,0.0,0.1408,0.892,0.8954,0.6973,,False,
5250,175.03,65,Ben,0.8619,,1.0,0.0,0.0,0.1405,0.8955,0.9061,0.7009,,False,
5252,175.096,65,Ben,0.7959,,1.0,0.0,0.0026,0.1428,0.8936,0.9233,0.7017,,False,
5254,175.163,65,Ben,0.7947,,1.0,0.0,0.0,0.1476,0.8898,0.9126,0.7032,,False,
5255,175.196,65,Ben,0.8600,,1.0,0.0,0.0,0.1581,0.8898,0.9062,0.7026,,False,
5256,175.23,65,Ben,0.8571,,1.0,0.0,0.0174,0.1638,0.89,0.8939,0.7044,,False,
5257,175.263,65,Ben,0.8546,,1.0,0.0069,0.0312,0.1765,0.8943,0.8772,0.7074,,False,
5266,175.563,87,Ben,0.5232,,0.0,0.0587,0.0,0.0669,0.7749,0.83,0.845,,False,
5271,175.73,65,Ben,0.8133,,1.0,0.0,0.0,0.1369,0.9017,0.8978,0.6779,,False,
5289,176.33,65,Ben,0.7910,,1.0,0.0,0.0,0.179,0.8756,0.8176,0.7433,,False,
5295,176.53,65,Ben,0.8152,,1.0,0.0,0.0,0.1537,0.8867,0.8845,0.7443,,False,
5296,176.564,65,Ben,0.8590,,1.0,0.0,0.0,0.1514,0.8896,0.9021,0.757,,False,
5297,176.597,65,Ben,0.8625,,1.0,0.0,0.0104,0.1351,0.8944,0.9102,0.7629,,False,
5298,176.63,65,Ben,0.8629,,1.0,0.0,0.0174,0.1195,0.9017,0.9015,0.7609,,False,
5299,176.664,65,Ben,0.8645,,1.0,0.0,0.0486,0.1366,0.9015,0.9082,0.7779,,False,
5300,176.697,65,Ben,0.8689,,1.0,0.0,0.0451,0.1252,0.9038,0.9234,0.7795,,False,
5312,177.097,87,Ben,0.4974,,0.0,0.0757,0.0139,0.0904,0.7603,0.7505,0.6323,,False,
5313,177.131,87,Ben,0.6367,,0.0,0.0583,0.0139,0.0924,0.7582,0.7456,0.6318,,False,
5317,177.264,65,Ben,0.8350,,1.0,0.0035,0.0104,0.1031,0.9215,0.904,0.8084,,False,
5318,177.297,65,Ben,0.8710,,1.0,0.0069,0.0208,0.1052,0.9124,0.92,0.8256,,False,
5319,177.331,65,Ben,0.8718,,1.0,0.0069,0.0139,0.1098,0.9059,0.9324,0.8403,,False,
5320,177.364,65,Ben,0.8751,,1.0,0.0069,0.0139,0.1017,0.9029,0.9504,0.8584,,False,
5321,177.397,65,Ben,0.8655,,1.0,0.0,0.0069,0.0894,0.8943,0.9226,0.8766,,False,
5322,177.431,65,Ben,0.8594,,1.0,0.0,0.0,0.0817,0.8806,0.9165,0.879,,False,
5323,177.464,65,Ben,0.8581,,1.0,0.0069,0.0,0.07,0.8785,0.914,0.8737,,False,
5324,177.497,65,Ben,0.8621,,1.0,0.0,0.0,0.0671,0.88,0.9289,0.8796,,False,
5325,177.531,65,Ben,0.8596,,1.0,0.0,0.0,0.0488,0.8793,0.9194,0.8684,,False,
5326,177.564,65,Ben,0.8612,,1.0,0.0,0.0208,0.053,0.8723,0.9358,0.875,,False,
5327,177.597,65,Ben,0.8669,,1.0,0.0,0.0139,0.04,0.883,0.9445,0.8678,,False,
5328,177.631,65,Ben,0.8625,,1.0,0.0,0.0139,0.042,0.8645,0.9523,0.8582,,False,
5329,177.664,65,Ben,0.8604,,1.0,0.0,0.0208,0.0549,0.8667,0.9403,0.8447,,False,
5330,177.697,65,Ben,0.8641,,1.0,0.0,0.0069,0.0549,0.8733,0.9466,0.8279,,False,
5331,177.731,65,Ben,0.8641,,1.0,0.0,0.0069,0.0583,0.8783,0.9396,0.8159,,False,
5332,177.764,65,Ben,0.8675,,1.0,0.0059,0.0174,0.059,0.886,0.9429,0.8077,,False,
5333,177.797,65,Ben,0.8678,,1.0,0.0096,0.0139,0.065,0.8885,0.9403,0.8205,,False,
5334,177.831,65,Ben,0.8724,,1.0,0.0235,0.0069,0.0643,0.8965,0.9481,0.8107,,False,
5335,177.864,65,Ben,0.8736,,1.0,0.0233,0.0035,0.0517,0.9004,0.9478,0.8118,,False,
5336,177.897,65,Ben,0.8770,,1.0,0.0168,0.0035,0.0584,0.9018,0.9598,0.8197,,False,
5337,177.931,65,Ben,0.8785,,1.0,0.0206,0.0035,0.0554,0.9039,0.9632,0.8261,,False,
5338,177.964,65,Ben,0.8784,,1.0,0.0308,0.0104,0.0474,0.9014,0.9665,0.846,,False,
5339,177.997,65,Ben,0.8773,,1.0,0.0273,0.0069,0.0452,0.9002,0.9633,0.845,,False,
5340,178.031,65,Ben,0.8798,,1.0,0.031,0.0069,0.0419,0.9071,0.9641,0.8478,,False,
5341,178.064,65,Ben,0.8824,,1.0,0.0586,0.0035,0.0422,0.908,0.9735,0.8478,,False,
5342,178.098,65,Ben,0.8809,,1.0,0.0625,0.0104,0.041,0.9053,0.9712,0.852,,False,
5343,178.131,65,Ben,0.8818,,1.0,0.0657,0.0035,0.0406,0.9068,0.9729,0.8466,,False,
5344,178.164,65,Ben,0.8844,,1.0,0.0694,0.0104,0.0456,0.9118,0.9767,0.8461,,False,
5346,178.231,65,Ben,0.8679,,1.0,0.0764,0.0208,0.0392,0.9179,0.9805,0.8501,,False,
5347,178.264,65,Ben,0.8867,,1.0,0.0724,0.0382,0.0456,0.9153,0.9812,0.8527,,False,
5348,178.298,65,Ben,0.8873,,1.0,0.0201,0.0521,0.0488,0.9179,0.98,0.8576,,False,
5349,178.331,65,Ben,0.8863,,1.0,0.016,0.0417,0.0644,0.9138,0.9815,0.857,,False,
5350,178.364,65,Ben,0.8872,,1.0,0.0154,0.0417,0.0734,0.9181,0.9793,0.8575,,False,
5351,178.398,65,Ben,0.8885,,1.0,0.0059,0.0174,0.0809,0.92,0.9821,0.8611,,False,
5352,178.431,65,Ben,0.8882,,1.0,0.0033,0.0347,0.0819,0.9201,0.9808,0.8674,,False,
5353,178.464,65,Ben,0.8884,,1.0,0.0032,0.059,0.0783,0.921,0.9804,0.8812,,False,
5354,178.498,65,Ben,0.8873,,1.0,0.0,0.0625,0.069,0.9179,0.9802,0.8845,,False,
5355,178.531,65,Ben,0.8878,,1.0,0.0,0.066,0.0643,0.9185,0.9813,0.8863,,False,
5356,178.564,65,Ben,0.8856,,1.0,0.0032,0.0625,0.053,0.9161,0.9757,0.8942,,False,
5357,178.598,65,Ben,0.8858,,1.0,0.0194,0.066,0.0444,0.9159,0.9765,0.8876,,False,
5358,178.631,65,Ben,0.8858,,1.0,0.0194,0.0625,0.0411,0.9158,0.9766,0.8838,,False,
5359,178.664,65,Ben,0.8867,,1.0,0.0129,0.0799,0.0435,0.9187,0.9765,0.8848,,False,
5360,178.698,65,Ben,0.8857,,1.0,0.013,0.0729,0.0357,0.919,0.972,0.8851,,False,
5361,178.731,65,Ben,0.8844,,1.0,0.016,0.066,0.0381,0.9203,0.9646,0.8752,,False,
5362,178.764,65,Ben,0.8861,,1.0,0.0162,0.0799,0.0411,0.9217,0.9696,0.8787,,False,
5363,178.798,65,Ben,0.8852,,1.0,0.006,0.0799,0.0423,0.922,0.9655,0.8697,,False,
5364,178.831,65,Ben,0.8891,,1.0,0.013,0.0833,0.0458,0.9319,0.9679,0.8755,,False,
5365,178.864,65,Ben,0.8930,,1.0,0.0065,0.0799,0.0423,0.9414,0.9707,0.8758,,False,
5366,178.898,65,Ben,0.8963,,1.0,0.0058,0.0868,0.0536,0.9494,0.973,0.8861,,False,
5367,178.931,65,Ben,0.8971,,1.0,0.0225,0.0729,0.0512,0.9524,0.972,0.8807,,False,
5368,178.965,65,Ben,0.8982,,1.0,0.0132,0.0764,0.058,0.9544,0.9736,0.8801,,False,
5369,178.998,65,Ben,0.8983,,1.0,0.0063,0.0729,0.0569,0.9545,0.9742,0.8863,,False,
5370,179.031,65,Ben,0.9001,,1.0,0.0102,0.0764,0.0613,0.9572,0.9776,0.8821,,False,
5371,179.065,65,Ben,0.8995,,1.0,0.0132,0.0312,0.0626,0.9566,0.9762,0.8845,,False,
5372,179.098,65,Ben,0.8992,,1.0,0.0035,0.0347,0.0592,0.9542,0.9784,0.8855,,False,
5373,179.131,65,Ben,0.8980,,1.0,0.0,0.0382,0.0523,0.949,0.9806,0.8846,,False,
5374,179.165,65,Ben,0.8975,,1.0,0.0625,0.0139,0.0399,0.9486,0.979,0.8847,,False,
5375,179.198,65,Ben,0.8978,,1.0,0.038,0.0035,0.0458,0.9509,0.977,0.8736,,False,
5376,179.231,65,Ben,0.8971,,1.0,0.0377,0.0035,0.0369,0.9521,0.9723,0.8722,,False,
5377,179.265,65,Ben,0.8985,,1.0,0.0174,0.0,0.0397,0.9529,0.977,0.8687,,False,
5378,179.298,65,Ben,0.8977,,1.0,0.0435,0.0,0.0363,0.9521,0.9749,0.8719,,False,
5379,179.331,65,Ben,0.8990,,1.0,0.0264,0.0,0.0466,0.9545,0.9769,0.8769,,False,
5380,179.365,65,Ben,0.9003,,1.0,0.0301,0.0,0.0446,0.9576,0.9778,0.8675,,False,
5381,179.398,65,Ben,0.9033,,1.0,0.0225,0.0,0.0439,0.9643,0.9808,0.8716,,False,
5382,179.431,65,Ben,0.9046,,1.0,0.021,0.0,0.0417,0.9695,0.9792,0.8702,,False,
5383,179.465,65,Ben,0.9039,,1.0,0.0084,0.0,0.0422,0.9688,0.9771,0.8609,,False,
5384,179.498,65,Ben,0.9044,,1.0,0.0089,0.0,0.0417,0.9685,0.9798,0.8566,,False,
5385,179.531,65,Ben,0.9031,,1.0,0.0128,0.0035,0.0356,0.9666,0.9768,0.857,,False,
5386,179.565,65,Ben,0.9016,,1.0,0.0176,0.0035,0.0355,0.9649,0.9731,0.8584,,False,
5387,179.598,65,Ben,0.9015,,1.0,0.0252,0.0035,0.0289,0.9654,0.972,0.8595,,False,
5388,179.631,65,Ben,0.9018,,1.0,0.0365,0.0,0.0278,0.9647,0.9743,0.8578,,False,
5389,179.665,65,Ben,0.9029,,1.0,0.0314,0.0035,0.0328,0.9661,0.9769,0.8588,,False,
5390,179.698,65,Ben,0.9028,,1.0,0.0318,0.0069,0.0356,0.9653,0.9774,0.8521,,False,
5391,179.731,65,Ben,0.9030,,1.0,0.0227,0.0069,0.0385,0.9661,0.977,0.8659,,False,
5392,179.765,65,Ben,0.8997,,1.0,0.0417,0.0035,0.037,0.9588,0.9736,0.8693,,False,
5393,179.798,65,Ben,0.8965,,1.0,0.0382,0.0069,0.041,0.9503,0.9724,0.8717,,False,
5394,179.831,65,Ben,0.8957,,1.0,0.0451,0.0069,0.0433,0.9472,0.9736,0.8754,,False,
5395,179.865,65,Ben,0.8938,,1.0,0.0521,0.0069,0.0403,0.9436,0.9708,0.8721,,False,
5396,179.898,65,Ben,0.8925,,1.0,0.0694,0.0104,0.0417,0.942,0.9674,0.867,,False,
5399,179.998,65,Ben,0.8774,,1.0,0.0764,0.0139,0.0431,0.9461,0.9706,0.87,,False,
5402,180.098,65,Ben,0.8768,,1.0,0.066,0.0,0.0444,0.9452,0.9694,0.8807,,False,
5403,180.132,65,Ben,0.8932,,1.0,0.0764,0.0,0.0464,0.9432,0.9688,0.8817,,False,
5404,180.165,65,Ben,0.8934,,1.0,0.059,0.0,0.0458,0.9434,0.9695,0.8803,,False,
5405,180.198,65,Ben,0.8939,,1.0,0.0521,0.0035,0.0526,0.9441,0.9704,0.8755,,False,
5406,180.232,65,Ben,0.8932,,1.0,0.0556,0.0035,0.0525,0.9406,0.9723,0.8734,,False,
5407,180.265,65,Ben,0.8941,,1.0,0.0521,0.0069,0.0544,0.9466,0.9677,0.8746,,False,
5408,180.298,65,Ben,0.8929,,1.0,0.0556,0.0035,0.0525,0.9432,0.9677,0.8742,,False,
5409,180.332,65,Ben,0.8921,,1.0,0.0521,0.0035,0.0551,0.9406,0.9677,0.8726,,False,
5410,180.365,65,Ben,0.8926,,1.0,0.0451,0.0,0.0505,0.9427,0.9671,0.8745,,False,
5411,180.398,65,Ben,0.8916,,1.0,0.066,0.0035,0.0538,0.9398,0.9669,0.8719,,False,
5412,180.432,65,Ben,0.8914,,1.0,0.0625,0.0069,0.0472,0.9392,0.967,0.8689,,False,
5413,180.465,65,Ben,0.8920,,1.0,0.059,0.0,0.0446,0.9405,0.9675,0.8668,,False,
5414,180.498,65,Ben,0.8897,,1.0,0.0556,0.0,0.042,0.9344,0.9665,0.865,,False,
5415,180.532,65,Ben,0.8897,,1.0,0.0556,0.0,0.0511,0.9343,0.9668,0.8639,,False,
5416,180.565,65,Ben,0.8887,,1.0,0.0486,0.0,0.0498,0.9325,0.9651,0.8618,,False,
5417,180.598,65,Ben,0.8889,,1.0,0.0486,0.0,0.0505,0.933,0.9653,0.8613,,False,
5418,180.632,65,Ben,0.8889,,1.0,0.0486,0.0,0.0525,0.9331,0.9651,0.8653,,False,
5419,180.665,65,Ben,0.8906,,1.0,0.0486,0.0,0.0511,0.9352,0.9692,0.861,,False,
5420,180.698,65,Ben,0.8908,,1.0,0.0486,0.0,0.042,0.9364,0.9685,0.8598,,False,
5421,180.732,65,Ben,0.8884,,1.0,0.0521,0.0,0.0393,0.9342,0.9615,0.8446,,False,
5422,180.765,65,Ben,0.8875,,1.0,0.0521,0.0,0.0413,0.933,0.9597,0.8415,,False,
5423,180.799,65,Ben,0.8872,,1.0,0.0521,0.0,0.0393,0.9305,0.9619,0.8437,,False,
5424,180.832,65,Ben,0.8845,,1.0,0.0486,0.0,0.0393,0.9267,0.9559,0.8447,,False,
5425,180.865,65,Ben,0.8857,,1.0,0.0521,0.0,0.0413,0.9247,0.9638,0.8522,,False,
5426,180.899,65,Ben,0.8855,,1.0,0.0486,0.0,0.042,0.9248,0.9628,0.8508,,False,
5427,180.932,65,Ben,0.8859,,1.0,0.0556,0.0,0.0439,0.9248,0.9643,0.8508,,False,
5428,180.965,65,Ben,0.8858,,1.0,0.0486,0.0,0.0426,0.9246,0.9643,0.8519,,False,
5429,180.999,65,Ben,0.8855,,1.0,0.0521,0.0035,0.0439,0.924,0.9641,0.8479,,False,
5430,181.032,65,Ben,0.8844,,1.0,0.0382,0.0035,0.0348,0.9198,0.9654,0.8528,,False,
5431,181.065,65,Ben,0.8861,,1.0,0.0382,0.0069,0.041,0.9256,0.9643,0.8635,,False,
5432,181.099,65,Ben,0.8872,,1.0,0.0382,0.0,0.0362,0.9282,0.9649,0.8643,,False,
5433,181.132,65,Ben,0.8878,,1.0,0.0347,0.0035,0.0328,0.9298,0.9652,0.8617,,False,
5434,181.165,65,Ben,0.8881,,1.0,0.0139,0.0,0.0389,0.9305,0.9654,0.86,,False,
5435,181.199,65,Ben,0.8881,,1.0,0.0243,0.0,0.0348,0.9287,0.9679,0.8627,,False,
5436,181.232,65,Ben,0.8877,,1.0,0.0174,0.0,0.0321,0.9297,0.9651,0.86,,False,
5437,181.265,65,Ben,0.8869,,1.0,0.0104,0.0,0.0393,0.9281,0.9641,0.8624,,False,
5438,181.299,65,Ben,0.8878,,1.0,0.0139,0.0,0.0373,0.9289,0.9664,0.8646,,False,
5439,181.332,65,Ben,0.8882,,1.0,0.0104,0.0,0.038,0.929,0.9682,0.8652,,False,
5440,181.365,65,Ben,0.8878,,1.0,0.0139,0.0,0.038,0.9267,0.9698,0.8672,,False,
5441,181.399,65,Ben,0.8882,,1.0,0.0104,0.0,0.04,0.9276,0.9701,0.8674,,False,
5442,181.432,65,Ben,0.8880,,1.0,0.0069,0.0035,0.0452,0.9272,0.9696,0.8615,,False,
5443,181.465,65,Ben,0.8880,,1.0,0.0069,0.0035,0.0452,0.9266,0.9707,0.8607,,False,
5444,181.499,65,Ben,0.8880,,1.0,0.0347,0.0035,0.0467,0.9257,0.9719,0.8629,,False,
5445,181.532,65,Ben,0.8882,,1.0,0.0347,0.0,0.05,0.9287,0.9684,0.8637,,False,
5446,181.565,65,Ben,0.8901,,1.0,0.0104,0.0035,0.0453,0.9345,0.9683,0.8656,,False,
5447,181.599,65,Ben,0.8878,,1.0,0.0208,0.0,0.0458,0.9266,0.97,0.8669,,False,
5448,181.632,65,Ben,0.8905,,1.0,0.0312,0.0104,0.048,0.9303,0.9758,0.8816,,False,
5449,181.665,65,Ben,0.8915,,1.0,0.0278,0.0069,0.0535,0.9347,0.9739,0.8776,,False,
5450,181.699,65,Ben,0.8907,,1.0,0.0243,0.0035,0.0527,0.9391,0.9642,0.8657,,False,
5451,181.732,65,Ben,0.8904,,1.0,0.0139,0.0,0.0487,0.9367,0.9663,0.8567,,False,
5452,181.766,65,Ben,0.8912,,1.0,0.0174,0.0,0.052,0.9379,0.968,0.868,,False,
5453,181.799,65,Ben,0.8913,,1.0,0.0312,0.0,0.0493,0.9379,0.9684,0.8674,,False,
5454,181.832,65,Ben,0.8903,,1.0,0.0174,0.0069,0.0521,0.9337,0.9702,0.8696,,False,
5455,181.866,65,Ben,0.8899,,1.0,0.0243,0.0104,0.0493,0.9313,0.9718,0.8751,,False,
5456,181.899,65,Ben,0.8906,,1.0,0.0174,0.0,0.0487,0.932,0.9739,0.874,,False,
5457,181.932,65,Ben,0.8886,,1.0,0.0069,0.0035,0.0506,0.9269,0.9728,0.8653,,False,
5458,181.966,65,Ben,0.8910,,1.0,0.0243,0.0069,0.0457,0.9293,0.9793,0.8636,,False,
5459,181.999,65,Ben,0.8922,,1.0,0.0347,0.0035,0.0607,0.9311,0.9816,0.8603,,False,
5460,182.032,65,Ben,0.8904,,1.0,0.0312,0.0104,0.0548,0.9271,0.9798,0.8598,,False,
5461,182.066,65,Ben,0.8883,,1.0,0.0243,0.0069,0.0536,0.9199,0.9813,0.86,,False,
5462,182.099,65,Ben,0.8865,,1.0,0.0104,0.0069,0.0542,0.9142,0.9818,0.8738,,False,
5463,182.132,65,Ben,0.8823,,1.0,0.0243,0.0035,0.0464,0.9031,0.9802,0.8824,,False,
5464,182.166,65,Ben,0.8771,,1.0,0.0238,0.0069,0.0476,0.8908,0.9761,0.8887,,False,
5465,182.199,65,Ben,0.8731,,1.0,0.0139,0.0,0.0542,0.8822,0.9716,0.8785,,False,
5466,182.232,65,Ben,0.8732,,1.0,0.0,0.0,0.0586,0.8853,0.9675,0.866,,False,
5467,182.266,65,Ben,0.8762,,1.0,0.0,0.0,0.0622,0.8946,0.9669,0.8502,,False,
5468,182.299,65,Ben,0.8756,,1.0,0.0,0.0,0.0774,0.8892,0.9718,0.8584,,False,
5469,182.332,65,Ben,0.8787,,1.0,0.0,0.0104,0.0779,0.8996,0.97,0.8456,,False,
5470,182.366,65,Ben,0.8770,,1.0,0.0,0.0104,0.0803,0.9003,0.9621,0.8584,,False,
5471,182.399,65,Ben,0.8765,,1.0,0.0,0.0035,0.0847,0.9051,0.9532,0.8717,,False,
5472,182.432,65,Ben,0.8730,,1.0,0.0,0.0347,0.1069,0.913,0.9276,0.8954,,False,
5473,182.466,65,Ben,0.8711,,1.0,0.0,0.0486,0.1199,0.9038,0.9327,0.8812,,False,
5478,182.633,65,Ben,0.8579,,1.0,0.0,0.0382,0.1008,0.9182,0.9442,0.8637,,False,
5479,182.666,65,Ben,0.8853,,1.0,0.0,0.0278,0.1058,0.9316,0.9522,0.8261,,False,
5480,182.699,65,Ben,0.8738,,1.0,0.0,0.0104,0.0654,0.9241,0.9152,0.8655,,False,
5481,182.733,65,Ben,0.8807,,1.0,0.001,0.0,0.0328,0.9286,0.9375,0.8955,,False,
5483,182.799,65,Ben,0.8594,,1.0,0.0,0.0,0.0419,0.9371,0.9281,0.8868,,False,
5484,182.833,65,Ben,0.8855,,1.0,0.0055,0.0,0.0284,0.9415,0.9391,0.851,,False,
5485,182.866,65,Ben,0.8826,,1.0,0.0,0.0,0.0268,0.9386,0.931,0.8206,,False,
5486,182.899,65,Ben,0.8834,,1.0,0.0203,0.0,0.0262,0.9445,0.9261,0.8149,,False,
5487,182.933,65,Ben,0.8841,,1.0,0.0384,0.0026,0.0334,0.945,0.9285,0.806,,False,
5488,182.966,65,Ben,0.8860,,1.0,0.0,0.0051,0.0565,0.9467,0.934,0.8057,,False,
5489,182.999,65,Ben,0.8917,,1.0,0.0,0.0153,0.0811,0.9452,0.9598,0.8119,,False,
5490,183.033,65,Ben,0.8890,,1.0,0.0,0.0117,0.104,0.9381,0.9585,0.8143,,False,
5491,183.066,65,Ben,0.8909,,1.0,0.0,0.0,0.1283,0.9438,0.9585,0.8066,,False,
5492,183.099,65,Ben,0.8932,,1.0,0.0,0.0,0.1287,0.9518,0.9566,0.7967,,False,
5493,183.133,65,Ben,0.8950,,1.0,0.0,0.0204,0.0943,0.9552,0.9591,0.7916,,False,
5494,183.166,65,Ben,0.8933,,1.0,0.0,0.0,0.0433,0.9547,0.9531,0.7964,,False,
5495,183.199,65,Ben,0.8899,,1.0,0.0,0.0051,0.0444,0.9419,0.9567,0.8045,,False,
5496,183.233,65,Ben,0.8880,,1.0,0.0,0.0,0.0496,0.9301,0.9655,0.7886,,False,
5497,183.266,65,Ben,0.8791,,1.0,0.0,0.0104,0.0345,0.9082,0.9598,0.7742,,False,
5498,183.299,65,Ben,0.8802,,1.0,0.0,0.0,0.0315,0.9081,0.9644,0.7592,,False,
5499,183.333,65,Ben,0.8886,,1.0,0.0,0.0,0.0355,0.9271,0.9724,0.7506,,False,
5500,183.366,65,Ben,0.8888,,1.0,0.0,0.0,0.0346,0.9336,0.964,0.7712,,False,
5501,183.399,65,Ben,0.8905,,1.0,0.0,0.0,0.0307,0.937,0.9662,0.7527,,False,
5502,183.433,65,Ben,0.8938,,1.0,0.0,0.0,0.0379,0.9415,0.9736,0.7118,,False,
5503,183.466,65,Ben,0.8926,,1.0,0.0,0.0,0.0446,0.9436,0.9657,0.7412,,False,
5504,183.499,65,Ben,0.8924,,1.0,0.0,0.0,0.0569,0.9436,0.9649,0.7499,,False,
5505,183.533,65,Ben,0.8953,,1.0,0.0,0.0,0.0469,0.9509,0.9667,0.7409,,False,
5506,183.566,65,Ben,0.8940,,1.0,0.0,0.0,0.0554,0.9521,0.9596,0.7393,,False,
5507,183.6,65,Ben,0.8942,,1.0,0.0,0.0,0.064,0.9484,0.9656,0.7503,,False,
5508,183.633,65,Ben,0.8915,,1.0,0.0,0.0035,0.0856,0.9467,0.9567,0.7516,,False,
5509,183.666,65,Ben,0.8924,,1.0,0.0,0.0139,0.0976,0.9463,0.9609,0.7481,,False,
5510,183.7,65,Ben,0.8916,,1.0,0.0,0.0,0.0938,0.9505,0.952,0.7548,,False,
5511,183.733,65,Ben,0.8931,,1.0,0.0,0.0,0.0915,0.9468,0.9633,0.7499,,False,
5512,183.766,65,Ben,0.8982,,1.0,0.0,0.0,0.0957,0.9522,0.9768,0.7323,,False,
5513,183.8,65,Ben,0.8981,,1.0,0.0,0.0,0.0903,0.9527,0.9758,0.7222,,False,
5514,183.833,65,Ben,0.8980,,1.0,0.0,0.0,0.0883,0.9498,0.9795,0.7271,,False,
5515,183.866,65,Ben,0.8958,,1.0,0.0,0.0,0.0866,0.9485,0.972,0.7454,,False,
5516,183.9,65,Ben,0.8931,,1.0,0.0,0.0,0.0897,0.9438,0.9677,0.7583,,False,
5517,183.933,65,Ben,0.8921,,1.0,0.0,0.0,0.0751,0.9427,0.9651,0.7611,,False,
5518,183.966,65,Ben,0.8929,,1.0,0.0,0.0,0.0839,0.9417,0.9698,0.7554,,False,
5519,184.0,65,Ben,0.8983,,1.0,0.0,0.0,0.0771,0.9537,0.975,0.7414,,False,
5520,184.033,65,Ben,0.8988,,1.0,0.0,0.0,0.0838,0.9596,0.9689,0.7474,,False,
5521,184.066,65,Ben,0.8932,,1.0,0.0168,0.0,0.0806,0.943,0.9691,0.7467,,False,
5522,184.1,65,Ben,0.8966,,1.0,0.0,0.0,0.0947,0.9534,0.9687,0.7405,,False,
5523,184.133,65,Ben,0.8901,,1.0,0.0,0.0,0.0903,0.9374,0.9641,0.7471,,False,
5524,184.166,65,Ben,0.8861,,1.0,0.0035,0.0,0.0871,0.9315,0.9556,0.7617,,False,
5525,184.2,65,Ben,0.8855,,1.0,0.0,0.0,0.0768,0.933,0.9513,0.7489,,False,
5526,184.233,65,Ben,0.8860,,1.0,0.0167,0.0,0.0741,0.9338,0.9521,0.7585,,False,
5527,184.266,65,Ben,0.8864,,1.0,0.0482,0.0,0.0638,0.9354,0.9514,0.7549,,False,
5528,184.3,65,Ben,0.8909,,1.0,0.0065,0.0,0.0446,0.9451,0.9566,0.7578,,False,
5529,184.333,65,Ben,0.8925,,1.0,0.0,0.0,0.0474,0.9465,0.961,0.7566,,False,
5530,184.366,65,Ben,0.8924,,1.0,0.0174,0.0,0.0741,0.9436,0.9648,0.7508,,False,
5531,184.4,65,Ben,0.8936,,1.0,0.0,0.0,0.0826,0.9449,0.9681,0.7427,,False,
5532,184.433,65,Ben,0.8990,,1.0,0.0,0.0,0.0828,0.9571,0.9732,0.7332,,False,
5533,184.466,65,Ben,0.8968,,1.0,0.0,0.0,0.0853,0.9517,0.9717,0.7272,,False,
5534,184.5,65,Ben,0.8992,,1.0,0.0,0.0104,0.0828,0.9547,0.9774,0.7336,,False,
5535,184.533,65,Ben,0.8968,,1.0,0.0,0.0,0.0712,0.9469,0.9787,0.7315,,False,
5536,184.567,65,Ben,0.8980,,1.0,0.0,0.0,0.0724,0.9492,0.9805,0.7313,,False,
5537,184.6,65,Ben,0.8979,,1.0,0.0006,0.0035,0.067,0.9499,0.9788,0.7257,,False,
5538,184.633,65,Ben,0.8966,,1.0,0.0,0.0035,0.0732,0.9488,0.9749,0.7387,,False,
5539,184.667,65,Ben,0.8957,,1.0,0.0,0.0035,0.0714,0.9477,0.973,0.7384,,False,
5540,184.7,65,Ben,0.8958,,1.0,0.0,0.0,0.0594,0.949,0.9715,0.751,,False,
5541,184.733,65,Ben,0.8968,,1.0,0.0,0.0,0.0643,0.9485,0.9762,0.7513,,False,
5542,184.767,65,Ben,0.8961,,1.0,0.0,0.0,0.055,0.9466,0.9761,0.7455,,False,
5543,184.8,65,Ben,0.8975,,1.0,0.0,0.0,0.0596,0.9511,0.9755,0.7414,,False,
5544,184.833,65,Ben,0.9003,,1.0,0.0,0.0,0.076,0.958,0.9774,0.7357,,False,
5545,184.867,65,Ben,0.9002,,1.0,0.0,0.0,0.0668,0.9584,0.9765,0.7354,,False,
5546,184.9,65,Ben,0.9003,,1.0,0.0,0.0,0.0828,0.9555,0.9808,0.7404,,False,
5547,184.933,65,Ben,0.8999,,1.0,0.0,0.0,0.0825,0.955,0.98,0.7465,,False,
5548,184.967,65,Ben,0.8991,,1.0,0.0,0.0,0.083,0.9546,0.9771,0.7492,,False,
5549,185.0,65,Ben,0.8981,,1.0,0.0,0.0,0.0603,0.9537,0.9743,0.7489,,False,
5550,185.033,65,Ben,0.8978,,1.0,0.0,0.0,0.0598,0.9545,0.972,0.7461,,False,
5551,185.067,65,Ben,0.8938,,1.0,0.0,0.0,0.0573,0.944,0.9703,0.753,,False,
5552,185.1,65,Ben,0.8925,,1.0,0.0,0.0,0.0531,0.9511,0.9547,0.7565,,False,
5553,185.133,65,Ben,0.8944,,1.0,0.0,0.0,0.044,0.9427,0.9745,0.7519,,False,
5554,185.167,65,Ben,0.8971,,1.0,0.0,0.0,0.0402,0.9511,0.9739,0.7529,,False,
5555,185.2,65,Ben,0.8944,,1.0,0.0,0.0,0.0404,0.9423,0.9751,0.7458,,False,
5556,185.233,65,Ben,0.8958,,1.0,0.0,0.0,0.0412,0.9456,0.9763,0.7482,,False,
5558,185.3,65,Ben,0.8741,,1.0,0.0,0.0,0.0536,0.9447,0.9676,0.7452,,False,
5559,185.333,65,Ben,0.8911,,1.0,0.0,0.0069,0.0517,0.9452,0.9572,0.7509,,False,
5560,185.367,65,Ben,0.8926,,1.0,0.0,0.0,0.0575,0.9498,0.9571,0.7453,,False,
5561,185.4,65,Ben,0.8943,,1.0,0.0,0.0,0.0508,0.9468,0.9683,0.7539,,False,
5562,185.434,65,Ben,0.8949,,1.0,0.0238,0.0,0.0484,0.9446,0.9738,0.7518,,False,
5563,185.467,65,Ben,0.8931,,1.0,0.038,0.0104,0.0508,0.9475,0.9622,0.7493,,False,
5564,185.5,65,Ben,0.8880,,1.0,0.0,0.0,0.0447,0.9354,0.958,0.767,,False,
5565,185.534,65,Ben,0.8834,,1.0,0.0,0.0,0.0578,0.9328,0.9429,0.782,,False,
5566,185.567,65,Ben,0.8851,red_gloves,1.0,0.1607,0.0,0.0892,0.9248,0.961,0.734,,False,
5567,185.6,65,Ben,0.8846,red_gloves,1.0,0.1537,0.0,0.0811,0.9215,0.9638,0.7333,,False,
5568,185.634,65,Ben,0.8940,red_gloves,1.0,0.0934,0.0,0.0696,0.9454,0.969,0.7308,,False,
5569,185.667,65,Ben,0.8886,red_gloves,1.0,0.1348,0.0,0.0794,0.9417,0.9517,0.724,,False,
5570,185.7,65,Ben,0.8829,red_gloves;face_mismatch,1.0,0.1205,0.0,0.0836,0.9309,0.9217,0.7459,,False,
5573,185.8,91,Ben,0.5360,,0.0,0.0211,0.0,0.1643,0.8657,0.7212,0.896,,False,
5574,185.834,91,Ben,0.6688,,0.0,0.004,0.0,0.1667,0.8687,0.7227,0.886,,False,
5575,185.867,91,Ben,0.6678,not_competition_fighter;blue_torso,0.0,0.0,0.0,0.1833,0.8726,0.7131,0.8899,,False,
5576,185.9,91,Ben,0.6659,,0.0,0.0078,0.0,0.1757,0.875,0.7016,0.884,,False,
5577,185.934,91,Ben,0.6706,,0.0,0.0258,0.0,0.1576,0.8864,0.705,0.8908,,False,
5578,185.967,91,Ben,0.6679,,0.0,0.0265,0.0,0.1671,0.8866,0.6934,0.8933,,False,
5579,186.0,91,Ben,0.6683,,0.0,0.032,0.0,0.1527,0.8894,0.6911,0.8905,,False,
5580,186.034,91,Ben,0.6736,,0.0,0.0315,0.0,0.1596,0.89,0.7125,0.8823,,False,
5581,186.067,91,Ben,0.6712,,0.0,0.0197,0.0,0.1497,0.8976,0.6916,0.8886,,False,
5585,186.2,65,Ben,0.7809,,1.0,0.0,0.0,0.0322,0.8922,0.7303,0.6854,,False,
5590,186.367,91,Ben,0.7128,,1.0,0.0208,0.0,0.1203,0.9057,0.7089,0.8918,,False,
5591,186.401,91,Ben,0.8160,,1.0,0.0208,0.0,0.125,0.901,0.7068,0.8757,,False,
5592,186.434,91,Ben,0.8148,,1.0,0.0104,0.0,0.141,0.9027,0.6996,0.89,,False,
5593,186.467,91,Ben,0.8023,,1.0,0.0093,0.0,0.133,0.8856,0.6715,0.8666,,False,
5594,186.501,91,Ben,0.8010,,1.0,0.0078,0.0,0.1327,0.88,0.6742,0.8687,,False,
5595,186.534,91,Ben,0.8044,,1.0,0.0071,0.0,0.1338,0.8783,0.6906,0.8604,,False,
5668,188.968,91,Ben,0.7333,,1.0,0.0368,0.0,0.1716,0.9051,0.7731,0.8944,,False,
5669,189.001,91,Ben,0.8343,,1.0,0.0348,0.0,0.1621,0.9026,0.7807,0.8986,,False,
5748,191.636,93,Ben,0.7255,,1.0,0.0739,0.0,0.0,0.7853,0.709,0.8616,,False,
5755,191.869,93,Ben,0.7570,,1.0,0.0,0.0035,0.0767,0.8403,0.7221,0.8695,,False,
5756,191.903,93,Ben,0.8092,,1.0,0.0,0.0,0.0531,0.8592,0.7379,0.8715,,False,
5757,191.936,93,Ben,0.8126,,1.0,0.0,0.0,0.0331,0.8543,0.7591,0.8668,,False,
5758,191.969,93,Ben,0.8134,,1.0,0.0,0.0069,0.0225,0.8545,0.7618,0.8635,,False,
5759,192.003,93,Ben,0.8129,,1.0,0.0,0.0139,0.0304,0.8555,0.7584,0.8581,,False,
5760,192.036,93,Ben,0.8143,,1.0,0.0,0.0,0.0201,0.8599,0.7581,0.8391,,False,
5761,192.069,93,Ben,0.8073,,1.0,0.0027,0.0,0.0103,0.8525,0.7393,0.8594,,False,
5766,192.236,93,Ben,0.7718,,1.0,0.0,0.0035,0.0962,0.878,0.7778,0.824,,False,
5767,192.269,93,Ben,0.8279,,1.0,0.0,0.0,0.092,0.8768,0.7908,0.811,,False,
5768,192.303,93,Ben,0.8095,,1.0,0.0,0.0,0.092,0.8861,0.7008,0.6044,,False,
5769,192.336,93,Ben,0.8107,,1.0,0.0,0.0,0.1185,0.8829,0.7106,0.5866,,False,
5774,192.503,93,Ben,0.7864,,1.0,0.0,0.0,0.1646,0.8806,0.8755,0.6834,,False,
5775,192.536,93,Ben,0.8500,,1.0,0.0,0.0,0.1641,0.8741,0.8867,0.6918,,False,
5776,192.569,93,Ben,0.8530,,1.0,0.0,0.0,0.1657,0.8794,0.8918,0.6869,,False,
5777,192.603,93,Ben,0.8524,,1.0,0.0,0.0,0.1484,0.8698,0.9028,0.6802,,False,
5778,192.636,93,Ben,0.8592,,1.0,0.0,0.0,0.1587,0.8746,0.9244,0.6648,,False,
5779,192.669,93,Ben,0.8557,,1.0,0.0,0.0,0.1659,0.8766,0.9071,0.6771,,False,
5784,192.836,93,Ben,0.7828,,1.0,0.0,0.0104,0.1763,0.8937,0.8764,0.7049,,False,
5785,192.87,93,Ben,0.8596,blue_torso,1.0,0.0,0.0035,0.1891,0.8945,0.898,0.6586,,False,
5786,192.903,93,Ben,0.8614,,1.0,0.0,0.0174,0.1707,0.9026,0.8938,0.6551,,False,
5787,192.936,93,Ben,0.8748,blue_torso;face_mismatch,1.0,0.0,0.0174,0.1899,0.9267,0.8894,0.6337,,False,
5788,192.97,93,Ben,0.8779,face_mismatch,1.0,0.0,0.0104,0.1777,0.9366,0.8871,0.6346,,False,
5793,193.136,93,Ben,0.7958,,1.0,0.0,0.0035,0.1592,0.9315,0.9092,0.675,,False,
5795,193.203,93,Ben,0.7940,,1.0,0.0,0.0104,0.1226,0.9217,0.9206,0.6764,,False,
5796,193.236,93,Ben,0.8740,,1.0,0.0,0.0035,0.1181,0.9245,0.9152,0.6705,,False,
5797,193.27,93,Ben,0.8665,,1.0,0.0,0.0139,0.1057,0.9084,0.9067,0.6872,,False,
5798,193.303,93,Ben,0.8732,,1.0,0.0,0.0069,0.0904,0.9296,0.9048,0.671,,False,
5799,193.336,93,Ben,0.8627,,1.0,0.0,0.0208,0.1003,0.9045,0.8967,0.6893,,False,
5800,193.37,93,Ben,0.8618,,1.0,0.0,0.0278,0.1362,0.8957,0.9053,0.6656,,False,
5801,193.403,93,Ben,0.8655,,1.0,0.0,0.0139,0.1457,0.8953,0.9212,0.662,,False,
5802,193.436,93,Ben,0.8620,,1.0,0.0,0.0139,0.1496,0.8889,0.9158,0.6838,,False,
5803,193.47,93,Ben,0.8639,,1.0,0.0,0.0139,0.1581,0.8844,0.9299,0.7098,,False,
5804,193.503,93,Ben,0.8511,,1.0,0.0,0.0104,0.1799,0.8731,0.8928,0.696,,False,
5810,193.703,93,Ben,0.7501,,1.0,0.0,0.0069,0.1778,0.8819,0.89,0.7287,,False,
5818,193.97,93,Ben,0.7500,,1.0,0.0033,0.0312,0.1721,0.891,0.8896,0.7323,,False,
5819,194.003,93,Ben,0.8563,,1.0,0.0099,0.0208,0.1512,0.891,0.8889,0.7476,,False,
5820,194.037,93,Ben,0.8589,,1.0,0.0,0.0208,0.1363,0.8941,0.8956,0.7512,,False,
5821,194.07,93,Ben,0.8592,,1.0,0.0,0.0243,0.1362,0.8965,0.8934,0.7831,,False,
5822,194.103,93,Ben,0.8561,,1.0,0.0234,0.0139,0.144,0.889,0.8909,0.7857,,False,
5823,194.137,93,Ben,0.8536,,1.0,0.0236,0.0104,0.1511,0.89,0.8792,0.78,,False,
5824,194.17,93,Ben,0.8532,,1.0,0.0063,0.0139,0.1442,0.8868,0.8819,0.7877,,False,
5827,194.27,93,Ben,0.7410,,1.0,0.0164,0.0035,0.1269,0.8812,0.8884,0.797,,False,
5845,194.87,93,Ben,0.7569,,1.0,0.0,0.0104,0.0932,0.9132,0.9252,0.8268,,False,
5846,194.904,93,Ben,0.8748,,1.0,0.0,0.0139,0.0884,0.9145,0.9328,0.8254,,False,
5847,194.937,93,Ben,0.8750,,1.0,0.0,0.0139,0.0858,0.911,0.9385,0.835,,False,
5848,194.97,93,Ben,0.8744,,1.0,0.0,0.0139,0.0773,0.9157,0.9296,0.8204,,False,
5849,195.004,93,Ben,0.8742,,1.0,0.0,0.0,0.0604,0.9094,0.9377,0.8334,,False,
5850,195.037,93,Ben,0.8758,,1.0,0.0,0.0,0.0572,0.903,0.9532,0.854,,False,
5851,195.07,93,Ben,0.8743,,1.0,0.0,0.0,0.0514,0.8928,0.9614,0.8734,,False,
5852,195.104,93,Ben,0.8719,,1.0,0.0095,0.0243,0.0596,0.8828,0.9658,0.8745,,False,
5853,195.137,93,Ben,0.8697,,1.0,0.0646,0.0069,0.0567,0.8773,0.9641,0.8779,,False,
5854,195.17,93,Ben,0.8657,,1.0,0.0633,0.0069,0.0567,0.8645,0.9658,0.8728,,False,
5855,195.204,93,Ben,0.8646,,1.0,0.0689,0.0,0.0583,0.8664,0.9586,0.8431,,False,
5856,195.237,93,Ben,0.8661,,1.0,0.0724,0.0,0.058,0.872,0.9566,0.8207,,False,
5857,195.27,93,Ben,0.8680,,1.0,0.0481,0.0208,0.058,0.8769,0.9579,0.8187,,False,
5858,195.304,93,Ben,0.8720,,1.0,0.0273,0.0278,0.0667,0.8841,0.9642,0.8334,,False,
5859,195.337,93,Ben,0.8715,,1.0,0.0,0.0243,0.0741,0.8812,0.9662,0.8293,,False,
5860,195.37,93,Ben,0.8734,,1.0,0.0035,0.0312,0.0744,0.8818,0.9732,0.8487,,False,
5861,195.404,93,Ben,0.8746,,1.0,0.0035,0.0347,0.0742,0.8866,0.9714,0.851,,False,
5862,195.437,93,Ben,0.8748,,1.0,0.0069,0.0382,0.063,0.8875,0.971,0.8334,,False,
5864,195.504,93,Ben,0.7522,,1.0,0.0586,0.0208,0.0591,0.8881,0.9765,0.8423,,False,
5867,195.604,93,Ben,0.7538,,1.0,0.0033,0.0556,0.0461,0.8997,0.9728,0.8366,,False,
5868,195.637,93,Ben,0.8793,,1.0,0.0065,0.0347,0.05,0.8982,0.9745,0.8426,,False,
5869,195.671,93,Ben,0.8804,,1.0,0.0024,0.0312,0.0517,0.9053,0.9692,0.8268,,False,
5870,195.704,93,Ben,0.8801,,1.0,0.023,0.0139,0.055,0.9044,0.9693,0.8399,,False,
5871,195.737,93,Ben,0.8804,,1.0,0.0242,0.0486,0.0758,0.9088,0.9641,0.8439,,False,
5872,195.771,93,Ben,0.8801,,1.0,0.0254,0.0312,0.0739,0.9092,0.9624,0.8355,,False,
5873,195.804,93,Ben,0.8800,,1.0,0.0215,0.0625,0.0667,0.912,0.9579,0.8424,,False,
5874,195.837,93,Ben,0.8773,,1.0,0.0088,0.0556,0.0814,0.9078,0.9527,0.8464,,False,
5875,195.871,93,Ben,0.8791,,1.0,0.0,0.066,0.0814,0.9069,0.9615,0.8581,,False,
5876,195.904,93,Ben,0.8775,,1.0,0.0069,0.0278,0.0931,0.8999,0.9647,0.858,,False,
5877,195.937,93,Ben,0.8728,,1.0,0.0104,0.0694,0.1015,0.8896,0.9598,0.8771,,False,
5878,195.971,93,Ben,0.8752,,1.0,0.003,0.0625,0.1056,0.8956,0.9612,0.864,,False,
5879,196.004,93,Ben,0.8772,,1.0,0.0,0.0729,0.1095,0.9019,0.9606,0.8637,,False,
5880,196.037,93,Ben,0.8799,,1.0,0.0,0.0903,0.1042,0.9068,0.9649,0.8696,,False,
5881,196.071,93,Ben,0.8800,,1.0,0.0,0.0625,0.1142,0.9123,0.9574,0.8617,,False,
5882,196.104,93,Ben,0.8831,,1.0,0.0,0.0903,0.1215,0.9193,0.9606,0.8543,,False,
5883,196.137,93,Ben,0.8849,,1.0,0.0,0.1076,0.113,0.9238,0.9615,0.8508,,False,
5884,196.171,93,Ben,0.8912,,1.0,0.0,0.0938,0.1132,0.9419,0.9624,0.8394,,False,
5885,196.204,93,Ben,0.8885,,1.0,0.0,0.0729,0.1362,0.932,0.9651,0.8344,,False,
5886,196.237,93,Ben,0.8867,,1.0,0.0014,0.0174,0.1437,0.9295,0.961,0.8383,,False,
5887,196.271,93,Ben,0.8814,,1.0,0.0,0.0382,0.1616,0.9153,0.9593,0.8336,,False,
5894,196.504,93,Ben,0.7603,,1.0,0.0082,0.0,0.1773,0.9255,0.9604,0.8242,,False,
5895,196.538,93,Ben,0.8854,,1.0,0.0,0.0,0.174,0.9258,0.9609,0.8302,,False,
5896,196.571,93,Ben,0.8841,,1.0,0.0,0.0,0.1787,0.9204,0.9633,0.8342,,False,
5897,196.604,93,Ben,0.8878,,1.0,0.0,0.0,0.1525,0.9241,0.9734,0.8414,,False,
5898,196.638,93,Ben,0.8854,,1.0,0.0,0.0,0.1475,0.9211,0.9678,0.8441,,False,
5899,196.671,93,Ben,0.8879,,1.0,0.0,0.0,0.1359,0.9298,0.9657,0.845,,False,
5900,196.704,93,Ben,0.8860,,1.0,0.0,0.0,0.1393,0.923,0.9675,0.8481,,False,
5901,196.738,93,Ben,0.8866,,1.0,0.0,0.0,0.1355,0.9276,0.9632,0.8459,,False,
5902,196.771,93,Ben,0.8866,,1.0,0.0052,0.0,0.1441,0.9266,0.9647,0.8466,,False,
5903,196.804,93,Ben,0.8851,,1.0,0.0,0.0,0.1486,0.9228,0.964,0.8488,,False,
5904,196.838,93,Ben,0.8877,,1.0,0.0,0.0,0.143,0.9284,0.9669,0.8513,,False,
5905,196.871,93,Ben,0.8862,,1.0,0.0,0.0,0.1408,0.9276,0.9617,0.8435,,False,
5906,196.904,93,Ben,0.8869,,1.0,0.0,0.0,0.1278,0.927,0.9655,0.8369,,False,
5907,196.938,93,Ben,0.8875,,1.0,0.0,0.0,0.1278,0.9282,0.9665,0.8384,,False,
5908,196.971,93,Ben,0.8878,,1.0,0.0,0.0,0.1323,0.9266,0.9698,0.8395,,False,
5909,197.004,93,Ben,0.8881,,1.0,0.0,0.0,0.1278,0.9269,0.9706,0.8449,,False,
5910,197.038,93,Ben,0.8879,,1.0,0.0,0.0,0.1351,0.925,0.9727,0.8474,,False,
5911,197.071,93,Ben,0.8874,,1.0,0.0,0.0,0.1334,0.9241,0.9716,0.8474,,False,
5912,197.104,93,Ben,0.8868,,1.0,0.0,0.0,0.1334,0.9234,0.97,0.842,,False,
5913,197.138,93,Ben,0.8866,,1.0,0.0,0.0,0.1323,0.9221,0.971,0.8394,,False,
5914,197.171,93,Ben,0.8851,,1.0,0.0139,0.0,0.1344,0.9168,0.9724,0.8406,,False,
5915,197.204,93,Ben,0.8861,,1.0,0.0139,0.0,0.1317,0.917,0.9764,0.8446,,False,
5916,197.238,93,Ben,0.8864,,1.0,0.0069,0.0,0.135,0.9177,0.9767,0.8531,,False,
5917,197.271,93,Ben,0.8893,,1.0,0.0,0.0,0.1366,0.9242,0.9795,0.8549,,False,
5918,197.304,93,Ben,0.8876,,1.0,0.0,0.0,0.1444,0.9215,0.9762,0.8509,,False,
5919,197.338,93,Ben,0.8843,,1.0,0.0067,0.0,0.1373,0.9157,0.9708,0.8411,,False,
5920,197.371,93,Ben,0.8827,,1.0,0.0069,0.0,0.1383,0.9129,0.9679,0.8408,,False,
5921,197.404,93,Ben,0.8811,,1.0,0.0,0.0035,0.1481,0.9104,0.9649,0.8397,,False,
5922,197.438,93,Ben,0.8812,,1.0,0.0,0.0139,0.1388,0.9136,0.9609,0.8446,,False,
5923,197.471,93,Ben,0.8833,,1.0,0.0,0.0069,0.1491,0.9193,0.9613,0.8527,,False,
5924,197.505,93,Ben,0.8845,,1.0,0.0,0.0104,0.1311,0.9235,0.9604,0.8564,,False,
5925,197.538,93,Ben,0.8838,,1.0,0.0,0.066,0.1224,0.923,0.9584,0.8456,,False,
5926,197.571,93,Ben,0.8851,,1.0,0.0,0.0069,0.1076,0.9251,0.9608,0.8445,,False,
5927,197.605,93,Ben,0.8872,,1.0,0.0031,0.0,0.0891,0.9367,0.9532,0.8414,,False,
5928,197.638,93,Ben,0.8903,,1.0,0.0123,0.0972,0.0866,0.9418,0.9585,0.8405,,False,
5929,197.671,93,Ben,0.8925,,1.0,0.0,0.0521,0.048,0.9389,0.9719,0.8611,,False,
5930,197.705,93,Ben,0.8889,,1.0,0.0035,0.0833,0.0295,0.9243,0.9776,0.8612,,False,
5931,197.738,93,Ben,0.8886,,1.0,0.0069,0.0625,0.0219,0.9231,0.9779,0.8539,,False,
5932,197.771,93,Ben,0.8915,,1.0,0.0035,0.0694,0.0287,0.9298,0.9808,0.8643,,False,
5933,197.805,93,Ben,0.8893,,1.0,0.0,0.0312,0.0355,0.9234,0.9808,0.8769,,False,
5934,197.838,93,Ben,0.8908,,1.0,0.0,0.0174,0.0413,0.9271,0.9818,0.8648,,False,
5935,197.871,93,Ben,0.8877,,1.0,0.0,0.0139,0.0348,0.9166,0.9834,0.8595,,False,
5936,197.905,93,Ben,0.8885,,1.0,0.0,0.0174,0.0321,0.9198,0.9824,0.8678,,False,
5937,197.938,93,Ben,0.8833,,1.0,0.0,0.0104,0.0342,0.9035,0.9839,0.8688,,False,
5938,197.971,93,Ben,0.8796,,1.0,0.0,0.0035,0.0396,0.8924,0.9843,0.8715,,False,
5939,198.005,93,Ben,0.8791,,1.0,0.0,0.0069,0.0444,0.8911,0.9838,0.8662,,False,
5940,198.038,93,Ben,0.8782,,1.0,0.0,0.0104,0.0389,0.8886,0.9838,0.8628,,False,
5941,198.071,93,Ben,0.8774,,1.0,0.0,0.0069,0.0362,0.8872,0.9824,0.8628,,False,
5942,198.105,93,Ben,0.8832,,1.0,0.0,0.0035,0.04,0.9032,0.984,0.8626,,False,
5943,198.138,93,Ben,0.8786,,1.0,0.0,0.0035,0.0413,0.8886,0.9852,0.8638,,False,
5944,198.171,93,Ben,0.8859,,1.0,0.0,0.0035,0.0374,0.9103,0.985,0.8706,,False,
5945,198.205,93,Ben,0.8947,,1.0,0.0,0.0,0.0374,0.9362,0.985,0.8715,,False,
5946,198.238,93,Ben,0.8950,,1.0,0.0069,0.0104,0.0446,0.9368,0.9855,0.8627,,False,
5947,198.271,93,Ben,0.8943,,1.0,0.0069,0.0208,0.0512,0.9355,0.9842,0.8657,,False,
5948,198.305,93,Ben,0.8948,,1.0,0.0104,0.0243,0.0492,0.9405,0.9794,0.856,,False,
5949,198.338,93,Ben,0.8922,,1.0,0.0035,0.0451,0.0407,0.9371,0.9732,0.8643,,False,
5950,198.372,93,Ben,0.8909,,1.0,0.0,0.0382,0.048,0.9399,0.9638,0.8455,,False,
5951,198.405,93,Ben,0.8859,,1.0,0.0,0.0347,0.0447,0.9243,0.965,0.8467,,False,
5952,198.438,93,Ben,0.8820,,1.0,0.0035,0.0382,0.0526,0.9175,0.9586,0.8439,,False,
5953,198.472,93,Ben,0.8812,,1.0,0.0,0.0417,0.0475,0.9079,0.9688,0.8535,,False,
5954,198.505,93,Ben,0.8752,,1.0,0.0243,0.0104,0.035,0.8892,0.9703,0.8747,,False,
5955,198.538,93,Ben,0.8703,,1.0,0.0035,0.0278,0.0381,0.8827,0.9589,0.88,,False,
5956,198.572,93,Ben,0.8636,,1.0,0.0035,0.0903,0.0532,0.8619,0.9606,0.8629,,False,
5957,198.605,93,Ben,0.8714,,1.0,0.0278,0.0521,0.0532,0.8862,0.9586,0.8656,,False,
5958,198.638,93,Ben,0.8742,,1.0,0.0694,0.0312,0.0594,0.8922,0.962,0.8537,,False,
5959,198.672,93,Ben,0.8770,,1.0,0.0263,0.0104,0.0551,0.9029,0.9583,0.8317,,False,
5960,198.705,93,Ben,0.8782,,1.0,0.0242,0.0069,0.0518,0.9078,0.9565,0.8339,,False,
5961,198.738,93,Ben,0.8742,,1.0,0.0,0.0,0.0513,0.9023,0.9475,0.8566,,False,
5962,198.772,93,Ben,0.8726,,1.0,0.0,0.0,0.0565,0.905,0.9372,0.869,,False,
5963,198.805,93,Ben,0.8658,,1.0,0.0029,0.0,0.0763,0.8868,0.9346,0.8747,,False,
5964,198.838,93,Ben,0.8669,,1.0,0.0,0.0035,0.0998,0.8973,0.9241,0.8913,,False,
5965,198.872,93,Ben,0.8639,,1.0,0.0,0.0,0.1345,0.8771,0.9402,0.8827,,False,
5966,198.905,93,Ben,0.8599,,1.0,0.0,0.0174,0.1521,0.8737,0.9287,0.8961,,False,
5968,198.972,93,Ben,0.7464,,1.0,0.0,0.0417,0.1043,0.8965,0.9236,0.8716,,False,
5969,199.005,93,Ben,0.8757,,1.0,0.0,0.0625,0.0878,0.9128,0.939,0.8532,,False,
5970,199.038,93,Ben,0.8818,,1.0,0.0,0.0243,0.1203,0.9241,0.9485,0.8655,,False,
5971,199.072,93,Ben,0.8858,,1.0,0.0,0.0208,0.1075,0.9317,0.9541,0.826,,False,
5972,199.105,93,Ben,0.8897,,1.0,0.0,0.0,0.0813,0.9384,0.961,0.8195,,False,
5973,199.138,93,Ben,0.8903,,1.0,0.0008,0.0,0.0473,0.9429,0.9572,0.8482,,False,
5974,199.172,93,Ben,0.8914,,1.0,0.0,0.0,0.0371,0.9499,0.9517,0.8629,,False,
5975,199.205,93,Ben,0.8930,,1.0,0.0,0.0,0.0289,0.9493,0.9594,0.8662,,False,
5976,199.238,93,Ben,0.8877,,1.0,0.0,0.0,0.0291,0.9414,0.9483,0.8445,,False,
5977,199.272,93,Ben,0.8821,,1.0,0.0,0.0,0.0191,0.9241,0.9498,0.8197,,False,
5982,199.439,93,Ben,0.7933,,1.0,0.0082,0.0059,0.0663,0.9441,0.9615,0.7542,,False,
5985,199.539,93,Ben,0.8009,,1.0,0.0,0.0156,0.1136,0.9602,0.9548,0.754,,False,
5986,199.572,93,Ben,0.8949,,1.0,0.0,0.0195,0.1108,0.9595,0.9526,0.764,,False,
5987,199.605,93,Ben,0.8957,,1.0,0.0,0.0,0.0939,0.9526,0.9661,0.8044,,False,
5988,199.639,93,Ben,0.8939,,1.0,0.0,0.0,0.0844,0.9526,0.9583,0.7994,,False,
5989,199.672,93,Ben,0.8939,,1.0,0.0,0.0,0.0733,0.9572,0.9519,0.7827,,False,
5990,199.705,93,Ben,0.8914,,1.0,0.0,0.0,0.0688,0.9587,0.9393,0.7735,,False,
5991,199.739,93,Ben,0.8916,,1.0,0.0,0.0102,0.0523,0.9591,0.9395,0.7892,,False,
5992,199.772,93,Ben,0.8888,,1.0,0.0,0.0051,0.0549,0.952,0.9382,0.7827,,False,
5993,199.805,93,Ben,0.8902,,1.0,0.0,0.0102,0.0595,0.9525,0.943,0.766,,False,
5994,199.839,93,Ben,0.8862,,1.0,0.0,0.0204,0.054,0.9411,0.9428,0.738,,False,
5995,199.872,93,Ben,0.8860,,1.0,0.0,0.0078,0.0572,0.9402,0.9431,0.7379,,False,
5996,199.905,93,Ben,0.8890,,1.0,0.0,0.002,0.0605,0.9463,0.9469,0.7409,,False,
5997,199.939,93,Ben,0.8845,,1.0,0.0,0.0,0.0598,0.932,0.9483,0.7378,,False,
5998,199.972,93,Ben,0.8882,,1.0,0.0,0.002,0.0688,0.9427,0.9488,0.7247,,False,
5999,200.005,93,Ben,0.8854,,1.0,0.0,0.0,0.059,0.9344,0.9487,0.7269,,False,
6000,200.039,93,Ben,0.8903,,1.0,0.0,0.0,0.0714,0.9494,0.9479,0.7355,,False,
6001,200.072,93,Ben,0.8974,,1.0,0.0,0.0383,0.0783,0.9483,0.9791,0.783,,False,
6002,200.105,93,Ben,0.8995,,1.0,0.0,0.0153,0.0786,0.953,0.981,0.7774,,False,
6003,200.139,93,Ben,0.8988,,1.0,0.0,0.0128,0.0773,0.9533,0.9779,0.7796,,False,
6004,200.172,93,Ben,0.8933,,1.0,0.0,0.0255,0.078,0.9381,0.9764,0.7711,,False,
6005,200.206,93,Ben,0.8980,,1.0,0.0,0.0026,0.0727,0.9505,0.9783,0.7728,,False,
6006,200.239,93,Ben,0.8990,,1.0,0.0,0.0156,0.0518,0.9554,0.9757,0.7844,,False,
6007,200.272,93,Ben,0.8986,,1.0,0.0,0.002,0.0518,0.9576,0.9708,0.7979,,False,
6008,200.306,93,Ben,0.9011,,1.0,0.0,0.0273,0.0624,0.9611,0.9762,0.7949,,False,
6009,200.339,93,Ben,0.9092,face_mismatch,1.0,0.0,0.0215,0.0556,0.9615,0.9783,0.7908,,False,
6011,200.406,93,Ben,0.8178,,1.0,0.0,0.0102,0.0657,0.954,0.9816,0.776,,False,
6013,200.472,93,Ben,0.8107,,1.0,0.0,0.0102,0.0888,0.9463,0.9643,0.7495,,False,
6014,200.506,93,Ben,0.8926,,1.0,0.0,0.0051,0.092,0.9447,0.964,0.744,,False,
6015,200.539,93,Ben,0.8914,,1.0,0.0,0.0,0.0889,0.9426,0.9623,0.7382,,False,
6016,200.572,93,Ben,0.8968,,1.0,0.0,0.041,0.1054,0.9548,0.9672,0.7508,,False,
6017,200.606,93,Ben,0.8945,,1.0,0.0,0.0078,0.093,0.951,0.9632,0.7381,,False,
6018,200.639,93,Ben,0.8938,,1.0,0.0,0.0039,0.1014,0.9531,0.9573,0.7345,,False,
6019,200.672,93,Ben,0.8921,,1.0,0.0,0.0,0.0896,0.9493,0.9556,0.7272,,False,
6020,200.706,93,Ben,0.8895,,1.0,0.0,0.0,0.051,0.9496,0.9442,0.7243,,False,
6021,200.739,93,Ben,0.8927,,1.0,0.0,0.0,0.0749,0.9573,0.9468,0.73,,False,
6022,200.772,93,Ben,0.8948,,1.0,0.0121,0.0,0.0773,0.961,0.9503,0.7522,,False,
6023,200.806,93,Ben,0.8854,,1.0,0.0283,0.0,0.0735,0.9449,0.934,0.7372,,False,
6024,200.839,93,Ben,0.8822,,1.0,0.009,0.0,0.0867,0.9352,0.9344,0.7167,,False,
6026,200.906,93,Ben,0.7969,,1.0,0.0,0.0,0.0827,0.9008,0.9403,0.7309,,False,
6027,200.939,93,Ben,0.8761,,1.0,0.0,0.0,0.101,0.9092,0.9456,0.7339,,False,
6028,200.972,93,Ben,0.8832,,1.0,0.0,0.0,0.0994,0.9224,0.9565,0.7461,,False,
6030,201.039,93,Ben,0.8081,,1.0,0.0,0.0,0.1058,0.922,0.9532,0.7542,,False,
6037,201.273,93,Ben,0.8166,,1.0,0.0,0.0,0.108,0.9302,0.9618,0.7299,,False,
6038,201.306,93,Ben,0.8837,,1.0,0.0,0.0,0.0954,0.9274,0.9517,0.7173,,False,
6039,201.339,93,Ben,0.8845,,1.0,0.0,0.0,0.102,0.9273,0.9549,0.7135,,False,
6040,201.373,93,Ben,0.8807,,1.0,0.0,0.0,0.097,0.922,0.9466,0.71,,False,
6041,201.406,93,Ben,0.8785,,1.0,0.0,0.0051,0.1,0.913,0.9502,0.7004,,False,
6042,201.439,93,Ben,0.8742,,1.0,0.0,0.0102,0.0924,0.8997,0.9512,0.7108,,False,
6043,201.473,93,Ben,0.8725,,1.0,0.0,0.0026,0.1053,0.8932,0.9534,0.6943,,False,
6044,201.506,93,Ben,0.8762,,1.0,0.0,0.0,0.1191,0.9003,0.9589,0.711,,False,
6049,201.673,93,Ben,0.7997,,1.0,0.0,0.0,0.1479,0.8872,0.9445,0.6733,,False,
6050,201.706,93,Ben,0.8667,,1.0,0.0,0.0026,0.1489,0.8844,0.9415,0.6735,,False,
6051,201.739,93,Ben,0.8645,,1.0,0.0,0.0,0.1544,0.8803,0.9384,0.6646,,False,
6052,201.773,93,Ben,0.8629,,1.0,0.0,0.0026,0.1776,0.8764,0.937,0.6614,,False,
6054,201.839,93,Ben,0.7963,,1.0,0.0026,0.0,0.1283,0.8804,0.9244,0.6628,,False,
6055,201.873,93,Ben,0.8550,,1.0,0.0102,0.0,0.1328,0.8859,0.8908,0.6384,kick,False,
6056,201.906,93,Ben,0.8475,,1.0,0.0,0.0,0.1176,0.8799,0.8679,0.6542,,False,
6057,201.939,93,Ben,0.8480,,1.0,0.0,0.0,0.0959,0.8825,0.8666,0.6518,,False,
6059,202.006,93,Ben,0.7908,,1.0,0.0153,0.0,0.0936,0.8977,0.877,0.6464,,False,
6060,202.039,93,Ben,0.8611,,1.0,0.0,0.0,0.0752,0.9068,0.8865,0.6558,,False,
6061,202.073,93,Ben,0.8698,,1.0,0.0,0.0,0.1039,0.9173,0.9081,0.6494,,False,
6062,202.106,93,Ben,0.8724,,1.0,0.0,0.0,0.1067,0.9088,0.931,0.6552,,False,
6063,202.14,93,Ben,0.8742,,1.0,0.0,0.0,0.1252,0.9052,0.9434,0.6506,,False,
6065,202.206,93,Ben,0.8085,,1.0,0.0,0.0,0.1039,0.9099,0.9506,0.6523,,False,
6066,202.24,93,Ben,0.8811,,1.0,0.005,0.0,0.1092,0.9268,0.9416,0.66,,False,
6067,202.273,93,Ben,0.8770,,1.0,0.0,0.0,0.0962,0.9184,0.9363,0.6492,,False,
6068,202.306,93,Ben,0.8819,,1.0,0.0,0.0,0.1035,0.9318,0.9379,0.6478,,False,
6069,202.34,93,Ben,0.8781,,1.0,0.0,0.0,0.0851,0.9285,0.9267,0.6563,,False,
6070,202.373,93,Ben,0.8786,,1.0,0.0,0.0,0.0743,0.9248,0.934,0.6602,,False,
6071,202.406,93,Ben,0.8799,,1.0,0.0,0.0026,0.0768,0.9317,0.9297,0.6541,,False,
6072,202.44,93,Ben,0.8776,,1.0,0.0,0.0026,0.0667,0.9322,0.9193,0.6467,,False,
6073,202.473,93,Ben,0.8792,,1.0,0.0,0.0077,0.0614,0.9357,0.921,0.6459,,False,
6074,202.506,93,Ben,0.8791,,1.0,0.0,0.0,0.0515,0.9346,0.9224,0.6505,,False,
6075,202.54,93,Ben,0.8797,,1.0,0.0,0.0,0.0891,0.9357,0.9232,0.6525,,False,
6076,202.573,93,Ben,0.8796,,1.0,0.0,0.0,0.1122,0.9332,0.9261,0.6527,,False,
6077,202.606,93,Ben,0.8812,,1.0,0.002,0.0059,0.1336,0.9402,0.9231,0.6512,,False,
6078,202.64,93,Ben,0.8820,,1.0,0.0,0.0,0.1612,0.9433,0.9219,0.6463,,False,
6080,202.706,93,Ben,0.8173,,1.0,0.0,0.0,0.1685,0.9348,0.9243,0.6665,,False,
6082,202.773,93,Ben,0.8000,,1.0,0.0059,0.0,0.1549,0.9147,0.8787,0.6545,,False,
6083,202.806,93,Ben,0.8535,,1.0,0.0,0.0,0.1241,0.9085,0.8524,0.6678,,False,
6087,202.94,93,Ben,0.7939,,1.0,0.0,0.0,0.0611,0.9192,0.8439,0.6608,,False,
6089,203.007,93,Ben,0.8051,,1.0,0.0204,0.0026,0.0933,0.9245,0.875,0.6612,,False,
6090,203.04,93,Ben,0.8664,,1.0,0.0153,0.0,0.1524,0.9241,0.8842,0.6661,,False,
6092,203.107,93,Ben,0.8122,,1.0,0.0459,0.0026,0.1547,0.9276,0.8988,0.6939,,False,
6093,203.14,93,Ben,0.8736,,1.0,0.0485,0.0,0.1621,0.9337,0.9008,0.6811,,False,
6094,203.173,93,Ben,0.8800,,1.0,0.0434,0.0,0.1432,0.9396,0.919,0.6798,,False,
6095,203.207,93,Ben,0.8777,,1.0,0.0332,0.0,0.1338,0.9412,0.9072,0.6804,,False,
6096,203.24,93,Ben,0.8795,,1.0,0.0357,0.0,0.1316,0.9413,0.9146,0.6631,,False,
6097,203.273,93,Ben,0.8763,,1.0,0.0281,0.0,0.112,0.9318,0.9147,0.6583,,False,
6098,203.307,93,Ben,0.8747,,1.0,0.0203,0.0,0.1198,0.9313,0.9086,0.6582,,False,
6102,203.44,93,Ben,0.8148,,1.0,0.0,0.0051,0.1544,0.9316,0.9081,0.6793,,False,
6103,203.473,93,Ben,0.8735,,1.0,0.0,0.0077,0.1362,0.9349,0.8985,0.666,,False,
6104,203.507,93,Ben,0.8715,,1.0,0.0,0.0102,0.1044,0.933,0.893,0.6664,,False,
6105,203.54,93,Ben,0.8711,,1.0,0.0,0.0153,0.0784,0.9372,0.8852,0.6426,,False,
6106,203.573,93,Ben,0.8696,,1.0,0.0,0.0077,0.0867,0.941,0.8735,0.638,,False,
6107,203.607,93,Ben,0.8595,,1.0,0.0,0.0,0.0674,0.9463,0.824,0.6093,,False,
6108,203.64,93,Ben,0.8521,,1.0,0.0195,0.0,0.0473,0.9374,0.8057,0.6132,,False,
6109,203.673,93,Ben,0.8426,,1.0,0.0,0.0,0.0789,0.9254,0.7832,0.6212,,False,
6110,203.707,93,Ben,0.8342,,1.0,0.0731,0.0,0.0591,0.9227,0.7518,0.5825,,False,
6111,203.74,93,Ben,0.8281,,1.0,0.0407,0.005,0.0644,0.9219,0.7279,0.6055,,False,
6113,203.807,93,Ben,0.7863,,1.0,0.0664,0.0165,0.0443,0.9387,0.7457,0.653,punch,False,
6116,203.907,93,Ben,0.7888,,1.0,0.0,0.1364,0.0393,0.923,0.7748,0.7641,,False,
6117,203.94,93,Ben,0.8290,,1.0,0.0,0.0864,0.0446,0.8864,0.7817,0.7762,,False,
6118,203.974,93,Ben,0.8198,,1.0,0.0,0.0459,0.0568,0.8607,0.78,0.7571,,False,
6119,204.007,93,Ben,0.8158,,1.0,0.0,0.0312,0.0515,0.8791,0.7371,0.735,,False,
6123,204.14,94,Ben,0.7678,,1.0,0.071,0.0,0.0749,0.8853,0.7848,0.6901,,False,
6124,204.174,94,Ben,0.8306,,1.0,0.0673,0.0015,0.0758,0.8653,0.8185,0.6946,punch,False,
6127,204.274,94,Ben,0.7728,,1.0,0.0787,0.0,0.0936,0.8773,0.8587,0.6855,,False,
6136,204.574,93,Ben,0.7870,,1.0,0.0046,0.0281,0.06,0.8523,0.8253,0.8891,,False,
6139,204.674,93,Ben,0.7865,,1.0,0.0471,0.0139,0.0434,0.892,0.7861,0.8576,,False,
6140,204.707,93,Ben,0.8339,,1.0,0.0382,0.0174,0.0447,0.9003,0.7824,0.7965,,False,
6142,204.774,93,Ben,0.7760,,1.0,0.0104,0.066,0.0682,0.9285,0.7167,0.6637,,False,
6143,204.807,93,Ben,0.8338,,1.0,0.0521,0.0139,0.114,0.9358,0.7317,0.662,,False,
6144,204.841,93,Ben,0.8398,,1.0,0.0403,0.0035,0.1119,0.9026,0.8039,0.6776,,False,
6145,204.874,93,Ben,0.8367,,1.0,0.026,0.0139,0.1328,0.87,0.8369,0.6831,,False,
6146,204.907,93,Ben,0.8472,,1.0,0.0033,0.0,0.1252,0.8843,0.8604,0.6763,,False,
6147,204.941,93,Ben,0.8538,,1.0,0.0007,0.0,0.1407,0.8779,0.8971,0.6788,,False,
6148,204.974,93,Ben,0.8574,,1.0,0.0,0.0,0.1432,0.8794,0.9099,0.6876,,False,
6149,205.007,93,Ben,0.8571,,1.0,0.0,0.0,0.154,0.8842,0.902,0.6725,,False,
6154,205.174,93,Ben,0.7868,,1.0,0.0,0.0,0.1109,0.8749,0.9025,0.7028,,False,
6155,205.207,93,Ben,0.8589,,1.0,0.0,0.0,0.1727,0.8877,0.9047,0.6665,,False,
6157,205.274,93,Ben,0.7746,,1.0,0.0,0.0,0.1797,0.8909,0.8544,0.6853,,False,
6160,205.374,93,Ben,0.7804,,1.0,0.0,0.0069,0.1639,0.8764,0.9224,0.7187,,False,
6161,205.407,93,Ben,0.8557,,1.0,0.0,0.0139,0.1614,0.8769,0.9064,0.6958,,False,
6162,205.441,93,Ben,0.8575,,1.0,0.0,0.0208,0.1504,0.8773,0.9136,0.7061,,False,
6163,205.474,93,Ben,0.8559,,1.0,0.0,0.0347,0.1334,0.8804,0.9024,0.6975,,False,
6164,205.507,93,Ben,0.8555,,1.0,0.0,0.0347,0.1231,0.8771,0.9053,0.7025,,False,
6165,205.541,93,Ben,0.8523,,1.0,0.0,0.0104,0.0926,0.8754,0.8945,0.7059,,False,
6166,205.574,93,Ben,0.8550,,1.0,0.0,0.0174,0.093,0.8778,0.9023,0.7204,,False,
6167,205.607,93,Ben,0.8570,,1.0,0.0,0.0382,0.1007,0.8856,0.8995,0.709,,False,
6168,205.641,93,Ben,0.8550,,1.0,0.0,0.0347,0.1199,0.8853,0.8915,0.6992,,False,
6169,205.674,93,Ben,0.8543,,1.0,0.0,0.0312,0.1647,0.8973,0.8719,0.6615,,False,
6175,205.874,93,Ben,0.7437,,1.0,0.0,0.0208,0.1726,0.8758,0.8834,0.731,,False,
6176,205.908,93,Ben,0.8501,,1.0,0.0,0.0139,0.157,0.8781,0.8814,0.7311,,False,
6181,206.074,93,Ben,0.7473,,1.0,0.0,0.066,0.1522,0.89,0.8838,0.735,,False,
6186,206.241,93,Ben,0.7401,,1.0,0.0,0.1493,0.1693,0.9019,0.8596,0.7713,,False,
6188,206.308,93,Ben,0.7385,,1.0,0.0,0.0069,0.1697,0.9001,0.8614,0.7794,,False,
6189,206.341,93,Ben,0.8504,,1.0,0.0,0.0139,0.1619,0.898,0.8545,0.7864,,False,
6190,206.374,93,Ben,0.8481,,1.0,0.0,0.0035,0.1411,0.895,0.8493,0.7927,,False,
6191,206.408,93,Ben,0.8417,,1.0,0.0,0.0,0.1328,0.8892,0.8306,0.7786,,False,
6192,206.441,93,Ben,0.8495,face_mismatch,1.0,0.0,0.0,0.1254,0.8939,0.8323,0.7819,,False,
6193,206.474,93,Ben,0.8508,face_mismatch,1.0,0.0033,0.0382,0.1188,0.8865,0.847,0.7849,,False,
6194,206.508,93,Ben,0.8568,face_mismatch,1.0,0.0241,0.0521,0.114,0.8851,0.8788,0.7805,,False,
6195,206.541,93,Ben,0.8606,face_mismatch,1.0,0.0174,0.0556,0.1022,0.8875,0.8934,0.7809,,False,
6196,206.574,93,Ben,0.8583,,1.0,0.0172,0.1111,0.0965,0.8903,0.8982,0.7587,,False,
6197,206.608,93,Ben,0.8591,,1.0,0.0174,0.0347,0.1065,0.89,0.9019,0.7495,,False,
6208,206.975,93,Ben,0.7674,,1.0,0.0,0.0104,0.1199,0.9206,0.9648,0.8439,,False,
6209,207.008,93,Ben,0.8901,,1.0,0.0,0.0,0.0812,0.9322,0.9714,0.8661,,False,
6210,207.041,93,Ben,0.8854,,1.0,0.0,0.0069,0.0884,0.9223,0.9659,0.8863,,False,
6211,207.075,93,Ben,0.8816,,1.0,0.0259,0.0,0.0713,0.9084,0.9699,0.8975,,False,
6213,207.141,93,Ben,0.7557,,1.0,0.0434,0.0069,0.0666,0.8992,0.9594,0.8992,,False,
6214,207.175,93,Ben,0.8758,,1.0,0.0556,0.0278,0.0658,0.9001,0.9572,0.8987,,False,
6215,207.208,93,Ben,0.8750,,1.0,0.0278,0.0417,0.0536,0.8972,0.9583,0.8832,,False,
6216,207.241,93,Ben,0.8756,,1.0,0.0478,0.0417,0.0488,0.8976,0.9599,0.8641,,False,
6217,207.275,93,Ben,0.8762,,1.0,0.0314,0.0312,0.0636,0.9055,0.9512,0.8353,,False,
6218,207.308,93,Ben,0.8794,,1.0,0.0209,0.0069,0.0527,0.9101,0.9583,0.8157,,False,
6219,207.341,93,Ben,0.8829,,1.0,0.0,0.0,0.0581,0.9242,0.9529,0.7907,,False,
6220,207.375,93,Ben,0.8866,,1.0,0.0026,0.0,0.0582,0.9284,0.9624,0.8028,,False,
6221,207.408,93,Ben,0.8897,,1.0,0.0128,0.0174,0.0744,0.9336,0.9677,0.8148,,False,
6222,207.441,93,Ben,0.8866,,1.0,0.0,0.0243,0.0826,0.9303,0.9595,0.8098,,False,
6223,207.475,93,Ben,0.8835,,1.0,0.0,0.0278,0.0731,0.9166,0.9661,0.8243,,False,
6224,207.508,93,Ben,0.8808,,1.0,0.0,0.0,0.0583,0.9068,0.9689,0.8208,,False,
6225,207.541,93,Ben,0.8811,,1.0,0.0,0.0069,0.0693,0.9114,0.9634,0.819,,False,
6226,207.575,93,Ben,0.8778,,1.0,0.0,0.0069,0.0588,0.9034,0.9609,0.8264,,False,
6227,207.608,93,Ben,0.8729,,1.0,0.0,0.0,0.0409,0.8965,0.9505,0.7928,,False,
6228,207.642,93,Ben,0.8705,,1.0,0.0,0.0,0.0329,0.8893,0.9504,0.7955,,False,
6229,207.675,93,Ben,0.8701,,1.0,0.0,0.0,0.0339,0.8904,0.9472,0.7971,,False,
6230,207.708,93,Ben,0.8722,,1.0,0.0,0.0,0.0404,0.8935,0.9518,0.805,,False,
6231,207.742,93,Ben,0.8732,,1.0,0.0,0.0,0.0512,0.8993,0.9475,0.797,,False,
6232,207.775,93,Ben,0.8737,,1.0,0.0,0.0,0.055,0.9037,0.9435,0.7838,,False,
6233,207.808,93,Ben,0.8757,,1.0,0.0,0.0,0.0679,0.9082,0.9456,0.8014,,False,
6234,207.842,93,Ben,0.8749,,1.0,0.0,0.0,0.0808,0.9053,0.9464,0.8095,,False,
6235,207.875,93,Ben,0.8754,,1.0,0.0,0.0,0.1028,0.907,0.9459,0.8116,,False,
6236,207.908,93,Ben,0.8772,,1.0,0.0,0.0,0.1072,0.9126,0.9454,0.8047,,False,
6237,207.942,93,Ben,0.8786,,1.0,0.0,0.0347,0.1109,0.9147,0.9483,0.8105,,False,
6238,207.975,93,Ben,0.8789,,1.0,0.0,0.0,0.1281,0.9159,0.9479,0.8269,,False,
6239,208.008,93,Ben,0.8820,,1.0,0.0,0.0,0.1072,0.9199,0.9553,0.8371,,False,
6240,208.042,93,Ben,0.8789,,1.0,0.0333,0.0139,0.0736,0.9107,0.9554,0.8569,,False,
6241,208.075,93,Ben,0.8820,,1.0,0.0424,0.0,0.0683,0.9211,0.9533,0.8607,,False,
6242,208.108,93,Ben,0.8817,,1.0,0.036,0.0417,0.0662,0.9218,0.9511,0.8663,,False,
6243,208.142,93,Ben,0.8800,,1.0,0.0229,0.0625,0.0472,0.9246,0.9403,0.8759,,False,
6244,208.175,93,Ben,0.8791,,1.0,0.0167,0.0833,0.031,0.9195,0.9435,0.8791,,False,
6245,208.208,93,Ben,0.8826,,1.0,0.0125,0.0764,0.0362,0.9213,0.9558,0.8741,,False,
6246,208.242,93,Ben,0.8842,,1.0,0.0065,0.125,0.0411,0.9291,0.9512,0.8769,,False,
6247,208.275,93,Ben,0.8805,,1.0,0.0,0.1215,0.0389,0.923,0.9445,0.8827,,False,
6248,208.308,93,Ben,0.8810,,1.0,0.0,0.1354,0.0414,0.9234,0.9462,0.8763,,False,
6249,208.342,93,Ben,0.8818,,1.0,0.0,0.1458,0.0595,0.9203,0.9538,0.8713,,False,
6250,208.375,93,Ben,0.8827,,1.0,0.0,0.1181,0.0565,0.9228,0.9539,0.872,,False,
6251,208.408,93,Ben,0.8821,,1.0,0.0,0.1111,0.0518,0.9205,0.9545,0.8821,,False,
6252,208.442,93,Ben,0.8823,,1.0,0.0032,0.1215,0.0464,0.9205,0.9554,0.867,,False,
6253,208.475,93,Ben,0.8798,,1.0,0.0032,0.1146,0.0458,0.9197,0.9464,0.8781,,False,
6254,208.508,93,Ben,0.8829,,1.0,0.0065,0.1389,0.0563,0.9243,0.9526,0.8597,,False,
6255,208.542,93,Ben,0.8848,,1.0,0.0095,0.1111,0.0524,0.9286,0.9545,0.8631,,False,
6256,208.575,93,Ben,0.8854,,1.0,0.0028,0.1146,0.0494,0.9297,0.9553,0.8521,,False,
6257,208.609,93,Ben,0.8848,,1.0,0.0063,0.1215,0.0489,0.9311,0.9511,0.8686,,False,
6258,208.642,93,Ben,0.8848,,1.0,0.0097,0.1181,0.0397,0.9308,0.9515,0.8505,,False,
6259,208.675,93,Ben,0.8882,,1.0,0.013,0.1215,0.0506,0.9384,0.9549,0.8687,,False,
6260,208.709,93,Ben,0.8870,,1.0,0.0032,0.0972,0.0362,0.9325,0.9583,0.8596,,False,
6261,208.742,93,Ben,0.8832,,1.0,0.0,0.1007,0.0282,0.9241,0.9543,0.8668,,False,
6262,208.775,93,Ben,0.8825,,1.0,0.0032,0.0868,0.0256,0.9201,0.9568,0.8651,,False,
6263,208.809,93,Ben,0.8801,,1.0,0.0035,0.0799,0.0228,0.9188,0.9489,0.8643,,False,
6264,208.842,93,Ben,0.8796,,1.0,0.0104,0.1042,0.0205,0.9148,0.9523,0.8668,,False,
6265,208.875,93,Ben,0.8811,,1.0,0.0171,0.0868,0.0263,0.9185,0.9532,0.8725,,False,
6266,208.909,93,Ben,0.8788,,1.0,0.024,0.1076,0.0205,0.9113,0.9538,0.8741,,False,
6267,208.942,93,Ben,0.8800,,1.0,0.0139,0.0972,0.0237,0.913,0.9564,0.8826,,False,
6268,208.975,93,Ben,0.8766,,1.0,0.0208,0.1111,0.018,0.9088,0.9483,0.8902,,False,
6269,209.009,93,Ben,0.8716,,1.0,0.0312,0.0972,0.0194,0.9008,0.9389,0.8872,,False,
6270,209.042,93,Ben,0.8705,,1.0,0.0243,0.0972,0.0133,0.8991,0.9366,0.8975,,False,
6271,209.075,93,Ben,0.8727,,1.0,0.0347,0.0938,0.0113,0.8977,0.9478,0.8945,,False,
6272,209.109,93,Ben,0.8703,,1.0,0.0312,0.0729,0.0083,0.8951,0.9414,0.8779,,False,
6273,209.142,93,Ben,0.8710,,1.0,0.0174,0.0556,0.0109,0.8925,0.9481,0.8911,,False,
6274,209.175,93,Ben,0.8708,,1.0,0.0069,0.0556,0.0118,0.8947,0.944,0.8773,,False,
6275,209.209,93,Ben,0.8720,,1.0,0.0035,0.0729,0.0147,0.8975,0.9454,0.8831,,False,
6276,209.242,93,Ben,0.8723,,1.0,0.0,0.0556,0.0123,0.8933,0.9526,0.8728,,False,
6277,209.275,93,Ben,0.8717,,1.0,0.0069,0.0729,0.0139,0.8922,0.9515,0.8634,,False,
6278,209.309,93,Ben,0.8702,,1.0,0.0069,0.0521,0.0113,0.8882,0.9507,0.8669,,False,
6279,209.342,93,Ben,0.8676,,1.0,0.0035,0.0382,0.0169,0.886,0.9432,0.8482,,False,
6280,209.375,93,Ben,0.8659,,1.0,0.0,0.0417,0.0169,0.8888,0.9321,0.84,,False,
6281,209.409,93,Ben,0.8635,,1.0,0.0,0.0556,0.0196,0.8862,0.926,0.8511,,False,
6282,209.442,93,Ben,0.8635,,1.0,0.0,0.0764,0.0193,0.882,0.9317,0.8613,,False,
6283,209.476,93,Ben,0.8660,,1.0,0.0,0.0625,0.0202,0.8815,0.9429,0.8673,,False,
6284,209.509,93,Ben,0.8661,,1.0,0.0,0.1181,0.025,0.8816,0.9431,0.861,,False,
6285,209.542,93,Ben,0.8677,,1.0,0.0,0.0972,0.0293,0.8814,0.9501,0.8551,,False,
6286,209.576,93,Ben,0.8695,,1.0,0.0069,0.1424,0.0338,0.883,0.9555,0.8452,,False,
6287,209.609,93,Ben,0.8650,,1.0,0.0069,0.1389,0.0345,0.8748,0.9482,0.8448,,False,
6288,209.642,93,Ben,0.8665,,1.0,0.0139,0.1285,0.0431,0.8736,0.956,0.8488,,False,
6289,209.676,93,Ben,0.8664,,1.0,0.0069,0.1146,0.0611,0.872,0.9578,0.8278,,False,
6290,209.709,93,Ben,0.8661,,1.0,0.0069,0.1042,0.0708,0.8673,0.9635,0.81,,False,
6291,209.742,93,Ben,0.8647,,1.0,0.0097,0.0764,0.0857,0.8621,0.965,0.8029,,False,
6292,209.776,93,Ben,0.8633,,1.0,0.0182,0.059,0.0938,0.8573,0.9659,0.8126,,False,
6293,209.809,93,Ben,0.8614,,1.0,0.0312,0.0625,0.0921,0.8487,0.97,0.8034,,False,
6294,209.842,93,Ben,0.8615,,1.0,0.0,0.0417,0.0904,0.8483,0.9712,0.8089,,False,
6295,209.876,93,Ben,0.8614,,1.0,0.0,0.0625,0.0954,0.8495,0.9689,0.8179,,False,
6296,209.909,93,Ben,0.8620,,1.0,0.0,0.0938,0.1077,0.8538,0.9656,0.821,,False,
6297,209.942,93,Ben,0.8626,,1.0,0.0,0.1076,0.101,0.8556,0.9653,0.8211,,False,
6298,209.976,93,Ben,0.8619,,1.0,0.0,0.1007,0.0956,0.854,0.9646,0.815,,False,
6299,210.009,93,Ben,0.8600,,1.0,0.0,0.0833,0.0842,0.8516,0.9604,0.8019,,False,
6300,210.042,93,Ben,0.8573,,1.0,0.0,0.066,0.0585,0.8475,0.9546,0.8224,,False,
6301,210.076,93,Ben,0.8575,,1.0,0.0,0.0312,0.0544,0.8464,0.9573,0.8254,,False,
6302,210.109,93,Ben,0.8581,,1.0,0.0,0.0243,0.0345,0.8533,0.9501,0.851,,False,
6303,210.142,93,Ben,0.8610,,1.0,0.0,0.0312,0.0345,0.861,0.9509,0.8458,,False,
6304,210.176,93,Ben,0.8625,,1.0,0.0139,0.0694,0.0339,0.8612,0.9571,0.8357,,False,
6305,210.209,93,Ben,0.8695,,1.0,0.0139,0.0833,0.0374,0.8828,0.9557,0.8342,,False,
6306,210.242,93,Ben,0.8767,,1.0,0.0327,0.0938,0.0378,0.9024,0.958,0.8397,,False,
6307,210.276,93,Ben,0.8818,,1.0,0.0233,0.1146,0.0357,0.9169,0.9585,0.8437,,False,
6308,210.309,93,Ben,0.8843,,1.0,0.0382,0.0729,0.0544,0.922,0.9619,0.8364,,False,
6309,210.342,93,Ben,0.8876,,1.0,0.0385,0.0243,0.0552,0.9323,0.9611,0.8365,,False,
6310,210.376,93,Ben,0.8809,,1.0,0.021,0.0208,0.0824,0.9215,0.9484,0.8262,,False,
6311,210.409,93,Ben,0.8786,,1.0,0.0148,0.0451,0.1227,0.915,0.9479,0.8138,,False,
6312,210.443,93,Ben,0.8768,,1.0,0.0,0.0174,0.1424,0.9128,0.9435,0.8133,,False,
6313,210.476,93,Ben,0.8796,,1.0,0.0,0.0174,0.1557,0.9162,0.9504,0.8253,,False,
6314,210.509,93,Ben,0.8817,,1.0,0.0,0.0069,0.1603,0.922,0.9508,0.8459,,False,
6315,210.543,93,Ben,0.8835,,1.0,0.0,0.0035,0.1523,0.9259,0.953,0.8428,,False,
6316,210.576,93,Ben,0.8863,,1.0,0.0,0.0,0.1516,0.9342,0.9526,0.8618,,False,
6317,210.609,93,Ben,0.8847,,1.0,0.0,0.0,0.1475,0.9306,0.9512,0.8579,,False,
6318,210.643,93,Ben,0.8863,,1.0,0.0,0.0,0.1503,0.9278,0.9619,0.8571,,False,
6319,210.676,93,Ben,0.8861,,1.0,0.0,0.0,0.1539,0.9283,0.9602,0.8558,,False,
6320,210.709,93,Ben,0.8881,,1.0,0.0,0.0,0.1508,0.9352,0.9587,0.8602,,False,
6321,210.743,93,Ben,0.8828,,1.0,0.0,0.0,0.146,0.9266,0.949,0.8586,,False,
6322,210.776,93,Ben,0.8837,,1.0,0.0,0.0,0.1465,0.9264,0.9532,0.8621,,False,
6323,210.809,93,Ben,0.8823,,1.0,0.0,0.0,0.1491,0.9202,0.9559,0.8688,,False,
6324,210.843,93,Ben,0.8828,,1.0,0.0,0.0,0.1491,0.9228,0.9545,0.8687,,False,
6325,210.876,93,Ben,0.8806,,1.0,0.0,0.0,0.138,0.9182,0.9516,0.8795,,False,
6326,210.909,93,Ben,0.8814,,1.0,0.0,0.0,0.1327,0.9184,0.9547,0.8714,,False,
6327,210.943,93,Ben,0.8803,,1.0,0.0,0.0,0.1428,0.9129,0.9581,0.8732,,False,
6328,210.976,93,Ben,0.8781,,1.0,0.0,0.0,0.147,0.91,0.9529,0.8723,,False,
6329,211.009,93,Ben,0.8754,,1.0,0.0,0.0,0.1475,0.9085,0.9438,0.8548,,False,
6330,211.043,93,Ben,0.8735,,1.0,0.0,0.0,0.1481,0.9059,0.9395,0.8512,,False,
6331,211.076,93,Ben,0.8750,,1.0,0.0,0.0,0.1343,0.9068,0.9445,0.8604,,False,
6332,211.109,93,Ben,0.8792,,1.0,0.0,0.0,0.1348,0.9099,0.9575,0.8595,,False,
6333,211.143,93,Ben,0.8785,,1.0,0.0,0.0,0.1347,0.9085,0.9566,0.8617,,False,
6334,211.176,93,Ben,0.8759,,1.0,0.0042,0.0,0.1445,0.9014,0.9561,0.8644,,False,
6335,211.209,93,Ben,0.8752,,1.0,0.0,0.0,0.1393,0.9003,0.9544,0.8616,,False,
6336,211.243,93,Ben,0.8775,,1.0,0.0,0.0,0.1352,0.9056,0.9568,0.8597,,False,
6337,211.276,93,Ben,0.8783,,1.0,0.0,0.0,0.1465,0.9068,0.9581,0.8541,,False,
6338,211.31,93,Ben,0.8772,,1.0,0.0,0.0,0.1475,0.9059,0.9551,0.8531,,False,
6339,211.343,93,Ben,0.8756,,1.0,0.0,0.0,0.1475,0.9029,0.9525,0.8489,,False,
6340,211.376,93,Ben,0.8753,,1.0,0.0,0.0,0.1528,0.9033,0.9506,0.8471,,False,
6341,211.41,93,Ben,0.8748,,1.0,0.0035,0.0,0.1536,0.9009,0.952,0.8395,,False,
6342,211.443,93,Ben,0.8784,,1.0,0.0,0.0,0.1462,0.9066,0.959,0.8508,,False,
6343,211.476,93,Ben,0.8790,,1.0,0.0069,0.0,0.1542,0.9089,0.9581,0.8453,,False,
6344,211.51,93,Ben,0.8789,,1.0,0.0035,0.0035,0.1562,0.9105,0.9555,0.8371,,False,
6345,211.543,93,Ben,0.8819,,1.0,0.0,0.0035,0.1667,0.9171,0.9585,0.8475,,False,
6346,211.576,93,Ben,0.8829,,1.0,0.0,0.0035,0.1756,0.9219,0.9559,0.8508,,False,
6347,211.61,93,Ben,0.8841,,1.0,0.0139,0.0,0.1566,0.928,0.9526,0.8566,,False,
6348,211.643,93,Ben,0.8854,,1.0,0.0243,0.0347,0.1603,0.9302,0.9546,0.8572,,False,
6349,211.676,93,Ben,0.8859,,1.0,0.0521,0.0451,0.1391,0.9363,0.9482,0.8493,,False,
6350,211.71,93,Ben,0.8875,,1.0,0.0417,0.0451,0.1444,0.9393,0.9504,0.8534,,False,
6351,211.743,93,Ben,0.8876,,1.0,0.0208,0.0208,0.139,0.9386,0.9521,0.8483,,False,
6352,211.776,93,Ben,0.8856,,1.0,0.0104,0.0312,0.1395,0.936,0.9473,0.8338,,False,
6353,211.81,93,Ben,0.8838,,1.0,0.0486,0.0764,0.1252,0.9347,0.9417,0.8275,,False,
6354,211.843,93,Ben,0.8809,,1.0,0.0321,0.059,0.1151,0.9331,0.9318,0.8192,,False,
6355,211.876,93,Ben,0.8796,,1.0,0.0253,0.0382,0.0995,0.9297,0.9311,0.8242,,False,
6356,211.91,93,Ben,0.8793,,1.0,0.0,0.0,0.0821,0.9259,0.9356,0.8317,,False,
6363,212.143,93,Ben,0.7705,,1.0,0.0,0.0,0.0458,0.9418,0.9422,0.829,,False,
6364,212.176,93,Ben,0.8847,,1.0,0.0,0.0,0.0531,0.9467,0.9284,0.8749,,False,
6365,212.21,93,Ben,0.8830,,1.0,0.0,0.0,0.0517,0.9547,0.9102,0.8973,,False,
6366,212.243,93,Ben,0.8809,,1.0,0.0,0.0139,0.0862,0.9577,0.8972,0.8693,,False,
6367,212.277,93,Ben,0.8788,,1.0,0.0,0.0486,0.1058,0.9547,0.8926,0.8638,,False,
6368,212.31,93,Ben,0.8780,,1.0,0.0,0.1076,0.1363,0.9443,0.9041,0.8729,,False,
6369,212.343,93,Ben,0.8859,face_mismatch,1.0,0.0,0.0764,0.145,0.9411,0.9221,0.8621,,False,
6372,212.443,100,Ben,0.6117,,0.0,0.0473,0.0,0.0685,0.859,0.7472,0.687,,False,
6373,212.477,100,Ben,0.6588,red_gloves,0.0,0.0919,0.0,0.0692,0.8244,0.7439,0.6879,,False,
6374,212.51,100,Ben,0.6669,,0.0,0.0367,0.0035,0.0579,0.8508,0.7403,0.688,,False,
6375,212.543,100,Ben,0.6664,,0.0,0.036,0.0,0.0532,0.844,0.7478,0.6964,,False,
6376,212.577,100,Ben,0.6567,,0.0,0.0204,0.0,0.0476,0.816,0.7469,0.6857,,False,
6377,212.61,100,Ben,0.6526,,0.0,0.0064,0.0,0.0569,0.8193,0.7253,0.6731,,False,
6378,212.643,100,Ben,0.6520,,0.0,0.0199,0.0,0.0452,0.8207,0.7208,0.6691,,False,
6379,212.677,100,Ben,0.6497,,0.0,0.0034,0.0,0.036,0.8296,0.6986,0.6515,,False,
6380,212.71,100,Ben,0.6513,,0.0,0.0099,0.0,0.0473,0.8306,0.7036,0.6567,,False,
6381,212.743,100,Ben,0.6463,,0.0,0.0036,0.0,0.0334,0.8246,0.6913,0.6492,,False,
6382,212.777,100,Ben,0.6479,,0.0,0.0,0.0,0.0572,0.8238,0.6991,0.6642,,False,
6383,212.81,100,Ben,0.6518,,0.0,0.0,0.0,0.0441,0.8315,0.7047,0.6738,,False,
6384,212.843,100,Ben,0.6578,,0.0,0.0,0.0,0.0476,0.8368,0.7219,0.686,,False,
6385,212.877,100,Ben,0.6592,,0.0,0.0,0.0,0.0243,0.845,0.7162,0.6832,,False,
6386,212.91,100,Ben,0.6612,,0.0,0.0,0.0035,0.0362,0.8451,0.7243,0.6928,,False,
6387,212.943,100,Ben,0.6573,,0.0,0.0,0.0035,0.0323,0.8428,0.7116,0.6776,,False,
6388,212.977,100,Ben,0.6532,,0.0,0.0312,0.0,0.0301,0.836,0.7041,0.6773,,False,
6389,213.01,100,Ben,0.6495,,0.0,0.017,0.0,0.0312,0.8448,0.6762,0.6592,,False,
6390,213.043,100,Ben,0.6449,,0.0,0.0181,0.0,0.0227,0.8475,0.6531,0.6409,,False,
6391,213.077,100,Ben,0.6480,red_gloves,0.0,0.122,0.0,0.0247,0.845,0.6695,0.6585,,False,
6392,213.11,100,Ben,0.6519,,0.0,0.0502,0.0,0.0159,0.8524,0.6755,0.6626,,False,
6393,213.143,100,Ben,0.6530,,0.0,0.0514,0.0,0.0207,0.8618,0.6668,0.6521,,False,
6394,213.177,100,Ben,0.6609,red_gloves,0.0,0.1704,0.0069,0.0307,0.8659,0.6936,0.6632,,False,
6395,213.21,100,Ben,0.6645,red_gloves,0.0,0.2584,0.0,0.0718,0.8785,0.6908,0.6654,,False,
6396,213.244,100,Ben,0.6689,red_gloves,0.0,0.2093,0.0,0.0805,0.8868,0.6974,0.6578,,False,
6397,213.277,100,Ben,0.6741,red_gloves,0.0,0.2316,0.0,0.0999,0.9,0.7004,0.6668,,False,
6398,213.31,100,Ben,0.6840,red_gloves,0.0,0.3132,0.0,0.1326,0.9077,0.7306,0.6839,,False,
6399,213.344,100,Ben,0.6855,red_gloves,0.0,0.5666,0.0,0.1621,0.9153,0.7264,0.6803,,False,
6400,213.377,100,Ben,0.6794,red_gloves,0.0,0.3535,0.0,0.1617,0.9057,0.7145,0.6645,,False,
6401,213.41,100,Ben,0.6673,red_gloves,0.0,0.4431,0.0,0.121,0.8979,0.6752,0.6431,,False,
6402,213.444,100,Ben,0.6585,red_gloves,0.0,0.3923,0.0,0.1141,0.8878,0.6529,0.6357,,False,
6403,213.477,100,Ben,0.6593,red_gloves,0.0,0.5036,0.0,0.1059,0.886,0.6585,0.6443,,False,
6409,213.677,100,Ben,0.6724,red_gloves,0.0,0.3037,0.0,0.1132,0.8986,0.6953,0.6771,,False,
6410,213.71,100,Ben,0.6752,red_gloves,0.0,0.291,0.0,0.0878,0.9057,0.6971,0.6758,,False,
6411,213.744,100,Ben,0.6733,red_gloves,0.0,0.319,0.0,0.0771,0.8981,0.6997,0.6677,,False,
6412,213.777,93,Ben,0.8031,,1.0,0.0024,0.0077,0.0121,0.94,0.9577,0.7893,,False,
6413,213.81,93,Ben,0.8902,,1.0,0.0,0.0069,0.0134,0.9401,0.9606,0.7939,,False,
6414,213.844,93,Ben,0.8900,,1.0,0.0,0.0139,0.0217,0.94,0.9601,0.7783,,False,
6415,213.877,93,Ben,0.8918,,1.0,0.0,0.0035,0.0323,0.949,0.9546,0.7813,,False,
6416,213.91,93,Ben,0.8910,,1.0,0.0,0.0035,0.0353,0.948,0.953,0.7767,,False,
6417,213.944,93,Ben,0.8900,,1.0,0.0,0.0,0.0271,0.9474,0.9497,0.7875,,False,
6418,213.977,93,Ben,0.8897,,1.0,0.0,0.0035,0.0383,0.9448,0.9521,0.7711,,False,
6419,214.01,93,Ben,0.8905,,1.0,0.0,0.0035,0.0434,0.9456,0.9542,0.7841,,False,
6420,214.044,93,Ben,0.8908,,1.0,0.0,0.0026,0.0393,0.9448,0.9564,0.7689,,False,
6421,214.077,93,Ben,0.8929,,1.0,0.0,0.0,0.0253,0.9492,0.9589,0.7768,,False,
6422,214.111,93,Ben,0.8982,,1.0,0.0,0.0,0.0209,0.9577,0.9689,0.7814,,False,
6423,214.144,93,Ben,0.8987,,1.0,0.0,0.0,0.0177,0.9643,0.9617,0.7798,,False,
6424,214.177,93,Ben,0.8974,,1.0,0.0,0.0,0.0189,0.9563,0.9678,0.79,,False,
6425,214.211,93,Ben,0.8962,,1.0,0.0,0.0,0.0188,0.9546,0.9653,0.7856,,False,
6426,214.244,93,Ben,0.8960,,1.0,0.0,0.0,0.0315,0.9607,0.9557,0.7739,,False,
6427,214.277,93,Ben,0.8917,,1.0,0.0,0.0,0.0304,0.9482,0.9553,0.764,,False,
6428,214.311,93,Ben,0.8920,,1.0,0.0,0.0051,0.0318,0.9478,0.9573,0.7713,,False,
6429,214.344,93,Ben,0.8922,,1.0,0.0,0.0102,0.0492,0.9455,0.9614,0.7762,,False,
6430,214.377,93,Ben,0.8903,,1.0,0.0,0.0051,0.0422,0.9468,0.9515,0.7673,,False,
6431,214.411,93,Ben,0.8897,,1.0,0.0,0.0,0.0347,0.9443,0.9526,0.7664,,False,
6432,214.444,93,Ben,0.8926,,1.0,0.0,0.0,0.0253,0.9501,0.9565,0.7546,,False,
6433,214.477,93,Ben,0.8967,,1.0,0.0,0.0,0.0189,0.9639,0.9539,0.7705,,False,
6434,214.511,93,Ben,0.8922,,1.0,0.0,0.0,0.0161,0.9561,0.9465,0.7576,,False,
6435,214.544,93,Ben,0.8926,,1.0,0.0,0.0,0.0169,0.9533,0.952,0.7692,,False,
6436,214.577,93,Ben,0.8930,,1.0,0.0,0.0,0.0193,0.9533,0.9535,0.7828,,False,
6437,214.611,93,Ben,0.8928,,1.0,0.0,0.0,0.0277,0.9517,0.9552,0.7792,,False,
6438,214.644,93,Ben,0.8931,,1.0,0.0,0.0069,0.0489,0.9517,0.9565,0.786,,False,
6439,214.677,93,Ben,0.8923,,1.0,0.0,0.0,0.0409,0.9486,0.9574,0.7858,,False,
6440,214.711,93,Ben,0.8890,,1.0,0.0,0.0,0.0425,0.9427,0.952,0.7721,,False,
6441,214.744,93,Ben,0.8915,,1.0,0.0,0.0,0.0536,0.9517,0.9495,0.7584,,False,
6442,214.777,93,Ben,0.8932,,1.0,0.0,0.0,0.0473,0.9542,0.9533,0.7741,,False,
6443,214.811,93,Ben,0.8950,,1.0,0.0,0.0,0.0321,0.9572,0.9563,0.781,,False,
6444,214.844,93,Ben,0.8935,,1.0,0.0,0.0,0.0213,0.9537,0.9552,0.7808,,False,
6445,214.877,93,Ben,0.8930,,1.0,0.0,0.0,0.0174,0.9535,0.9535,0.7711,,False,
6446,214.911,93,Ben,0.8920,,1.0,0.0,0.0,0.0165,0.9485,0.9565,0.7761,,False,
6447,214.944,93,Ben,0.8947,,1.0,0.0,0.0,0.0201,0.9523,0.9622,0.778,,False,
6448,214.977,93,Ben,0.8931,,1.0,0.0,0.0,0.0218,0.9484,0.9609,0.7731,,False,
6449,215.011,93,Ben,0.8915,,1.0,0.0,0.0,0.0277,0.9461,0.9576,0.7506,,False,
6450,215.044,93,Ben,0.8918,,1.0,0.0,0.0,0.0353,0.9488,0.9549,0.7561,,False,
6451,215.078,93,Ben,0.8907,,1.0,0.0,0.0179,0.0515,0.9475,0.9524,0.746,,False,
6452,215.111,93,Ben,0.8887,,1.0,0.0,0.0,0.054,0.939,0.956,0.7583,,False,
6453,215.144,93,Ben,0.8882,,1.0,0.0,0.0,0.0477,0.9406,0.9518,0.7452,,False,
6454,215.178,93,Ben,0.8905,,1.0,0.0,0.0,0.0337,0.9468,0.9524,0.7425,,False,
6455,215.211,93,Ben,0.8923,,1.0,0.0,0.0,0.0229,0.9514,0.9534,0.7658,,False,
6456,215.244,93,Ben,0.8937,,1.0,0.0,0.0,0.0189,0.9552,0.954,0.7778,,False,
6457,215.278,93,Ben,0.8932,,1.0,0.0,0.0,0.0174,0.955,0.9519,0.7585,,False,
6458,215.311,93,Ben,0.8967,,1.0,0.0,0.0,0.0173,0.9586,0.9615,0.7792,,False,
6459,215.344,93,Ben,0.8955,,1.0,0.0,0.0,0.024,0.9597,0.9549,0.766,,False,
6460,215.378,93,Ben,0.8930,,1.0,0.0,0.0,0.0307,0.9508,0.9574,0.7703,,False,
6461,215.411,93,Ben,0.8911,,1.0,0.0,0.0,0.0308,0.9476,0.9538,0.7578,,False,
6462,215.444,93,Ben,0.8907,,1.0,0.0,0.0077,0.0409,0.9484,0.9509,0.7611,,False,
6463,215.478,93,Ben,0.8907,,1.0,0.0,0.0077,0.0534,0.9465,0.9537,0.7509,,False,
6464,215.511,93,Ben,0.8905,,1.0,0.0,0.0051,0.0567,0.9481,0.9504,0.7362,,False,
6465,215.544,93,Ben,0.8896,,1.0,0.0,0.0051,0.0538,0.9445,0.9521,0.7596,,False,
6466,215.578,93,Ben,0.8952,,1.0,0.0,0.0026,0.0421,0.9631,0.9488,0.7357,,False,
6467,215.611,93,Ben,0.8959,,1.0,0.0,0.0,0.0254,0.962,0.9536,0.7409,,False,
6468,215.644,93,Ben,0.8981,,1.0,0.0,0.0,0.0272,0.9616,0.9631,0.7694,,False,
6469,215.678,93,Ben,0.8980,,1.0,0.0,0.0,0.0299,0.9585,0.9673,0.7682,,False,
6470,215.711,93,Ben,0.8987,,1.0,0.0,0.0,0.0288,0.9616,0.9657,0.7726,,False,
6471,215.744,93,Ben,0.8987,,1.0,0.0,0.0,0.0335,0.9597,0.9684,0.76,,False,
6472,215.778,93,Ben,0.8966,,1.0,0.0,0.0,0.0405,0.9551,0.9662,0.7655,,False,
6473,215.811,93,Ben,0.8950,,1.0,0.0,0.0,0.0476,0.9472,0.9707,0.7578,,False,
6474,215.844,93,Ben,0.8939,,1.0,0.0,0.0026,0.0433,0.9481,0.9649,0.7496,,False,
6475,215.878,93,Ben,0.8919,,1.0,0.0,0.0026,0.0425,0.9469,0.9583,0.7552,,False,
6476,215.911,93,Ben,0.8936,,1.0,0.0,0.0,0.0396,0.9494,0.9618,0.7537,,False,
6477,215.945,93,Ben,0.8934,,1.0,0.0,0.0,0.0305,0.9536,0.9547,0.7326,,False,
6479,216.011,93,Ben,0.8130,,1.0,0.0,0.0,0.0194,0.9535,0.9682,0.7737,,False,
6480,216.045,93,Ben,0.9001,,1.0,0.0,0.0,0.0225,0.9591,0.9751,0.7684,,False,
6481,216.078,93,Ben,0.9007,,1.0,0.0,0.0,0.0233,0.9617,0.9737,0.7962,,False,
6482,216.111,93,Ben,0.8989,,1.0,0.0,0.0,0.0195,0.9533,0.9782,0.8019,,False,
6483,216.145,93,Ben,0.8978,,1.0,0.0,0.0,0.0174,0.9513,0.9764,0.7953,,False,
6484,216.178,93,Ben,0.8973,,1.0,0.0,0.0,0.0304,0.9433,0.9856,0.7837,,False,
6485,216.211,93,Ben,0.8969,,1.0,0.0,0.0,0.0425,0.9453,0.9813,0.7863,,False,
6486,216.245,93,Ben,0.8956,,1.0,0.0,0.0,0.0412,0.9418,0.9808,0.775,,False,
6487,216.278,93,Ben,0.8976,,1.0,0.0,0.0,0.0378,0.9469,0.982,0.7877,,False,
6488,216.311,93,Ben,0.9007,,1.0,0.0,0.0,0.0252,0.9565,0.9812,0.7944,,False,
6489,216.345,93,Ben,0.9026,,1.0,0.0,0.0,0.019,0.9606,0.9832,0.804,,False,
6490,216.378,93,Ben,0.9021,,1.0,0.0,0.0,0.023,0.9596,0.9827,0.8014,,False,
6491,216.411,93,Ben,0.9005,,1.0,0.0,0.0,0.0247,0.9557,0.9816,0.8153,,False,
6492,216.445,93,Ben,0.8990,,1.0,0.0,0.0,0.0266,0.9501,0.983,0.8232,,False,
6493,216.478,93,Ben,0.8979,,1.0,0.0066,0.0,0.0241,0.9452,0.9854,0.8253,,False,
6494,216.511,93,Ben,0.8949,,1.0,0.0394,0.0,0.0182,0.9419,0.9777,0.7955,,False,
6495,216.545,93,Ben,0.8917,,1.0,0.0268,0.0,0.0245,0.9388,0.9688,0.8276,,False,
6496,216.578,93,Ben,0.8889,,1.0,0.0451,0.0,0.023,0.932,0.9668,0.8103,,False,
6497,216.611,93,Ben,0.8887,,1.0,0.0243,0.0,0.0275,0.9286,0.9708,0.8097,,False,
6498,216.645,93,Ben,0.8928,,1.0,0.0267,0.0,0.0223,0.9388,0.9733,0.7837,,False,
6499,216.678,93,Ben,0.8948,,1.0,0.0429,0.0,0.0113,0.9447,0.9733,0.7665,,False,
6500,216.711,93,Ben,0.8945,,1.0,0.0,0.0,0.0362,0.9461,0.9701,0.7724,,False,
6501,216.745,93,Ben,0.8890,,1.0,0.0,0.0,0.0774,0.9372,0.9599,0.7263,,False,
6502,216.778,93,Ben,0.8877,,1.0,0.0,0.0098,0.1088,0.9335,0.9595,0.7132,,False,
6503,216.811,93,Ben,0.8835,,1.0,0.0,0.0098,0.1028,0.9222,0.9583,0.7051,,False,
6504,216.845,93,Ben,0.8855,,1.0,0.0,0.0026,0.0878,0.9237,0.9643,0.7028,,False,
6505,216.878,93,Ben,0.8839,,1.0,0.0,0.0,0.0776,0.9182,0.9653,0.7096,,False,
6506,216.912,93,Ben,0.8876,,1.0,0.0,0.0,0.0642,0.9217,0.9759,0.7091,,False,
6507,216.945,93,Ben,0.8891,,1.0,0.0,0.0,0.0553,0.9243,0.9783,0.7189,,False,
6508,216.978,93,Ben,0.8886,,1.0,0.0,0.0,0.0453,0.9301,0.968,0.7124,,False,
6509,217.012,93,Ben,0.8958,,1.0,0.0,0.0,0.0466,0.9457,0.9763,0.747,,False,
6510,217.045,93,Ben,0.8945,,1.0,0.0,0.0,0.0517,0.9401,0.9785,0.7823,,False,
6511,217.078,93,Ben,0.8951,,1.0,0.0024,0.0,0.0687,0.941,0.9797,0.7834,,False,
6512,217.112,93,Ben,0.8932,,1.0,0.0,0.0,0.0719,0.9418,0.9707,0.7771,,False,
6513,217.145,93,Ben,0.8931,,1.0,0.0,0.0035,0.0823,0.9417,0.9704,0.7728,,False,
6514,217.178,93,Ben,0.8915,,1.0,0.0,0.0,0.0809,0.9374,0.9699,0.7601,,False,
6515,217.212,93,Ben,0.8933,,1.0,0.0,0.0,0.0805,0.943,0.9696,0.7481,,False,
6516,217.245,93,Ben,0.8962,,1.0,0.0,0.0035,0.0857,0.9494,0.9725,0.7563,,False,
6517,217.278,93,Ben,0.8961,,1.0,0.0,0.0069,0.0857,0.9483,0.9738,0.7615,,False,
6518,217.312,93,Ben,0.8971,,1.0,0.0,0.0,0.08,0.9518,0.9728,0.779,,False,
6519,217.345,93,Ben,0.8993,,1.0,0.0,0.0,0.0569,0.9556,0.9768,0.7832,,False,
6520,217.378,93,Ben,0.8978,,1.0,0.0,0.0035,0.0494,0.9473,0.982,0.7709,,False,
6521,217.412,93,Ben,0.8986,,1.0,0.0,0.0174,0.0447,0.9505,0.9808,0.7345,,False,
6522,217.445,93,Ben,0.8973,,1.0,0.0,0.0,0.0427,0.9473,0.98,0.7442,,False,
6526,217.578,93,Ben,0.7942,,1.0,0.0,0.0,0.0891,0.9021,0.9646,0.7668,,False,
6527,217.612,93,Ben,0.8672,,1.0,0.0051,0.0,0.068,0.8715,0.962,0.7661,,False,
6530,217.712,93,Ben,0.7559,,1.0,0.0078,0.0,0.156,0.8016,0.9088,0.7406,,False,
6540,218.045,100,Ben,0.7974,,1.0,0.0153,0.0,0.1792,0.9413,0.841,0.6466,,False,
6541,218.079,100,Ben,0.8502,,1.0,0.0031,0.0,0.1478,0.9266,0.813,0.6406,,False,
6542,218.112,100,Ben,0.8480,,1.0,0.0653,0.0,0.1179,0.9381,0.7876,0.6438,,False,
6543,218.145,100,Ben,0.8439,,1.0,0.0105,0.0,0.0946,0.9279,0.7852,0.667,,False,
6544,218.179,100,Ben,0.8331,,1.0,0.0083,0.0462,0.0536,0.9213,0.7495,0.6447,,False,
6545,218.212,100,Ben,0.8278,,1.0,0.0561,0.0095,0.0804,0.9251,0.7219,0.635,,False,
6562,218.779,100,Ben,0.7635,,1.0,0.0,0.0078,0.0592,0.9001,0.8204,0.6709,,False,
6563,218.812,100,Ben,0.8569,,1.0,0.0727,0.0,0.0523,0.9251,0.8432,0.7177,,False,
6564,218.846,100,Ben,0.8592,,1.0,0.0585,0.0,0.0435,0.9126,0.8704,0.7186,,False,
6671,222.414,100,Ben,0.7797,,1.0,0.0,0.0,0.0534,0.8551,0.9121,0.73,,False,
6672,222.447,100,Ben,0.8395,,1.0,0.0,0.0035,0.0498,0.8344,0.8991,0.703,,False,
6676,222.58,100,Ben,0.7703,,1.0,0.0,0.0,0.0522,0.8196,0.9087,0.6893,,False,
6677,222.614,100,Ben,0.8479,,1.0,0.0,0.0,0.0692,0.852,0.9091,0.6954,,False,
6678,222.647,100,Ben,0.8568,,1.0,0.0,0.0,0.0897,0.87,0.9207,0.6722,,False,
6679,222.68,100,Ben,0.8609,,1.0,0.0,0.0,0.0915,0.8823,0.9206,0.6581,,False,
6680,222.714,100,Ben,0.8522,,1.0,0.0,0.0035,0.0795,0.8669,0.9062,0.6546,,False,
6681,222.747,100,Ben,0.8535,,1.0,0.0,0.0035,0.0688,0.8738,0.9016,0.6723,,False,
6682,222.78,100,Ben,0.8374,,1.0,0.0,0.0069,0.0804,0.8173,0.9145,0.6884,,False,
6683,222.814,100,Ben,0.8356,,1.0,0.0,0.0,0.0793,0.8148,0.9106,0.701,,False,
6684,222.847,100,Ben,0.8353,,1.0,0.0,0.0,0.0913,0.8158,0.908,0.7321,,False,
6685,222.88,100,Ben,0.8360,,1.0,0.0,0.0,0.077,0.8151,0.9119,0.7809,,False,
6686,222.914,100,Ben,0.8426,,1.0,0.0,0.0,0.0892,0.8327,0.9145,0.8423,,False,
6687,222.947,100,Ben,0.8454,,1.0,0.0,0.0,0.0732,0.8587,0.8894,0.8357,,False,
6688,222.98,100,Ben,0.8452,,1.0,0.0,0.0,0.083,0.8842,0.8524,0.8175,,False,
6689,223.014,100,Ben,0.8491,,1.0,0.0,0.0,0.0854,0.9056,0.8382,0.7868,punch,False,
6690,223.047,100,Ben,0.8434,,1.0,0.0,0.0,0.0974,0.9046,0.8159,0.7693,punch,False,
6691,223.08,100,Ben,0.8419,,1.0,0.0035,0.0,0.0759,0.9213,0.7862,0.7367,,False,
6692,223.114,100,Ben,0.8356,,1.0,0.0,0.0035,0.0794,0.9164,0.7666,0.7297,,False,
6693,223.147,100,Ben,0.8251,,1.0,0.0,0.0,0.0789,0.9061,0.7376,0.7181,,False,
6694,223.18,100,Ben,0.8182,,1.0,0.0064,0.0,0.0769,0.897,0.7219,0.707,,False,
6695,223.214,100,Ben,0.8245,,1.0,0.0,0.0,0.0874,0.9309,0.6999,0.6912,,False,
6696,223.247,100,Ben,0.8094,,1.0,0.0505,0.0069,0.0858,0.8892,0.6962,0.6829,,False,
6697,223.28,100,Ben,0.8100,red_gloves,1.0,0.0933,0.0,0.039,0.9052,0.6758,0.7121,,False,
6698,223.314,100,Ben,0.3918,not_competition_fighter,0.0,0.0,0.0,0.0,0.0,0.7991,0.0,,False,
6699,223.347,100,Ben,0.3825,not_competition_fighter,0.0,0.0,0.0,0.0,0.0,0.7603,0.0,,False,
6716,223.914,100,Ben,0.7570,,1.0,0.0,0.0104,0.0901,0.8578,0.758,0.7213,,False,
6717,223.947,100,Ben,0.8247,,1.0,0.0,0.0035,0.1071,0.8668,0.7918,0.7512,,False,
6718,223.981,100,Ben,0.8321,,1.0,0.0,0.0035,0.0707,0.8715,0.8156,0.7446,,False,
6719,224.014,100,Ben,0.8397,,1.0,0.0,0.0,0.0429,0.8741,0.8436,0.7655,,False,
6720,224.047,100,Ben,0.8487,,1.0,0.0,0.0035,0.0467,0.8969,0.849,0.7583,,False,
6721,224.081,100,Ben,0.8557,,1.0,0.0,0.0069,0.0741,0.9113,0.8576,0.7638,,False,
6722,224.114,100,Ben,0.8624,,1.0,0.0,0.0104,0.101,0.9195,0.8739,0.769,,False,
6723,224.147,100,Ben,0.8640,,1.0,0.0,0.0069,0.1108,0.8981,0.9109,0.739,,False,
6724,224.181,100,Ben,0.8693,,1.0,0.0,0.0035,0.1135,0.8954,0.9369,0.7583,,False,
6725,224.214,100,Ben,0.8677,,1.0,0.0,0.0,0.1141,0.8899,0.9382,0.7549,,False,
6726,224.248,100,Ben,0.8686,,1.0,0.0,0.0,0.0981,0.8871,0.9456,0.7538,,False,
6727,224.281,100,Ben,0.8709,,1.0,0.0,0.0069,0.1101,0.8841,0.9597,0.7315,,False,
6728,224.314,100,Ben,0.8723,,1.0,0.0,0.0069,0.0949,0.8833,0.9665,0.7247,,False,
6729,224.348,100,Ben,0.8749,,1.0,0.0069,0.0,0.0775,0.892,0.9651,0.7219,,False,
6730,224.381,100,Ben,0.8763,,1.0,0.0069,0.0,0.0671,0.8924,0.9705,0.7121,,False,
6731,224.414,100,Ben,0.8807,,1.0,0.0,0.0,0.057,0.9034,0.9729,0.717,,False,
6732,224.448,100,Ben,0.8787,,1.0,0.0071,0.0,0.0559,0.8965,0.9747,0.7332,,False,
6733,224.481,100,Ben,0.8783,,1.0,0.0065,0.0,0.0298,0.8941,0.9764,0.7318,,False,
6734,224.514,100,Ben,0.8765,,1.0,0.0,0.0,0.0292,0.8867,0.9792,0.7086,,False,
6735,224.548,100,Ben,0.8712,,1.0,0.0,0.0,0.0383,0.8844,0.9605,0.725,,False,
6736,224.581,100,Ben,0.8699,,1.0,0.0,0.0035,0.0381,0.8867,0.9519,0.7107,,False,
6737,224.614,100,Ben,0.8594,,1.0,0.0,0.0,0.0508,0.8622,0.9429,0.7276,,False,
6738,224.648,100,Ben,0.8665,,1.0,0.0,0.0035,0.066,0.8791,0.9482,0.7112,,False,
6740,224.714,100,Ben,0.7766,,1.0,0.0,0.0104,0.0883,0.8519,0.9564,0.7842,,False,
6741,224.748,100,Ben,0.8561,,1.0,0.0,0.0069,0.0938,0.8482,0.9488,0.7781,,False,
6742,224.781,100,Ben,0.8595,,1.0,0.0,0.0069,0.0847,0.8586,0.9484,0.7879,,False,
6743,224.814,100,Ben,0.8647,,1.0,0.0,0.0104,0.0782,0.8706,0.9528,0.7897,,False,
6744,224.848,100,Ben,0.8654,,1.0,0.0,0.0139,0.0695,0.8795,0.9432,0.7984,,False,
6745,224.881,100,Ben,0.8572,,1.0,0.0,0.0139,0.0657,0.858,0.9393,0.805,,False,
6746,224.914,100,Ben,0.8705,,1.0,0.0,0.0,0.0665,0.8908,0.9486,0.8085,,False,
6747,224.948,100,Ben,0.8569,,1.0,0.0,0.0,0.0794,0.8526,0.9461,0.802,,False,
6748,224.981,100,Ben,0.8566,,1.0,0.0069,0.0069,0.0791,0.8483,0.9508,0.7987,,False,
6750,225.048,100,Ben,0.7793,,1.0,0.0035,0.0035,0.0959,0.8936,0.9478,0.7939,,False,
6754,225.181,100,Ben,0.7672,,1.0,0.044,0.0174,0.0984,0.882,0.9403,0.7911,,False,
6755,225.215,100,Ben,0.8640,,1.0,0.0354,0.0104,0.0976,0.8849,0.9297,0.7798,,False,
6756,225.248,100,Ben,0.8669,,1.0,0.0549,0.0243,0.0737,0.8881,0.9373,0.7667,,False,
6757,225.281,100,Ben,0.8690,,1.0,0.0364,0.0278,0.0662,0.8859,0.9492,0.7526,,False,
6758,225.315,100,Ben,0.8697,,1.0,0.0346,0.0208,0.0686,0.8903,0.946,0.7551,,False,
6759,225.348,100,Ben,0.8672,,1.0,0.0477,0.0255,0.0697,0.8888,0.9374,0.7628,,False,
6760,225.381,100,Ben,0.8667,,1.0,0.078,0.0357,0.0487,0.8866,0.9385,0.7756,,False,
6761,225.415,100,Ben,0.8683,,1.0,0.0509,0.0383,0.0558,0.8879,0.9433,0.7767,,False,
6762,225.448,100,Ben,0.8663,,1.0,0.0507,0.0306,0.0469,0.876,0.9518,0.7687,,False,
6763,225.481,100,Ben,0.8688,,1.0,0.0089,0.0204,0.0367,0.8762,0.9622,0.7743,,False,
6764,225.515,100,Ben,0.8706,,1.0,0.0059,0.0281,0.0414,0.8795,0.9648,0.7835,,False,
6765,225.548,100,Ben,0.8693,,1.0,0.0333,0.0069,0.0246,0.8783,0.9611,0.799,,False,
6766,225.581,100,Ben,0.8645,,1.0,0.0595,0.0243,0.0179,0.8762,0.944,0.7931,,False,
6767,225.615,100,Ben,0.8658,,1.0,0.067,0.0139,0.0174,0.8807,0.9431,0.7962,,False,
6768,225.648,100,Ben,0.8665,,1.0,0.0738,0.0104,0.0233,0.8845,0.9408,0.7976,,False,
6769,225.681,100,Ben,0.8662,,1.0,0.0295,0.0139,0.032,0.8938,0.9261,0.7961,,False,
6770,225.715,100,Ben,0.8669,,1.0,0.0055,0.0104,0.0238,0.8966,0.9251,0.7864,,False,
6771,225.748,100,Ben,0.8672,,1.0,0.0008,0.0139,0.0388,0.9024,0.9183,0.7799,,False,
6772,225.781,100,Ben,0.8668,,1.0,0.0069,0.0174,0.053,0.9017,0.9174,0.7892,,False,
6773,225.815,100,Ben,0.8660,,1.0,0.0,0.0069,0.0769,0.9033,0.9119,0.7887,,False,
6774,225.848,100,Ben,0.8634,,1.0,0.0,0.0,0.0796,0.9047,0.899,0.7988,,False,
6775,225.881,100,Ben,0.8706,,1.0,0.0,0.0,0.1058,0.9294,0.894,0.7991,,False,
6776,225.915,100,Ben,0.8692,,1.0,0.0,0.0035,0.1125,0.9336,0.8826,0.8048,,False,
6777,225.948,100,Ben,0.8704,,1.0,0.0,0.0278,0.1026,0.9373,0.8822,0.8023,,False,
6778,225.981,100,Ben,0.8660,,1.0,0.0,0.0764,0.0801,0.9394,0.8608,0.8019,,False,
6779,226.015,100,Ben,0.8676,,1.0,0.0,0.0833,0.0541,0.9457,0.8585,0.8249,,False,
6780,226.048,100,Ben,0.8668,,1.0,0.0,0.0451,0.0273,0.9439,0.8578,0.8274,,False,
6781,226.081,100,Ben,0.8698,,1.0,0.0,0.0139,0.02,0.9283,0.8924,0.8603,,False,
6782,226.115,100,Ben,0.8665,,1.0,0.0,0.0174,0.0129,0.9092,0.9059,0.8629,,False,
6783,226.148,100,Ben,0.8630,,1.0,0.0609,0.0,0.0093,0.8986,0.9061,0.8987,,False,
6784,226.182,100,Ben,0.8623,,1.0,0.0683,0.0069,0.0152,0.8867,0.92,0.8962,,False,
6786,226.248,100,Ben,0.7397,,1.0,0.0093,0.0208,0.0228,0.8789,0.9384,0.8765,,False,
6787,226.282,100,Ben,0.8704,,1.0,0.0027,0.0208,0.0237,0.8805,0.9627,0.8592,,False,
6788,226.315,100,Ben,0.8707,,1.0,0.0,0.0139,0.0248,0.8839,0.9589,0.8544,,False,
6789,226.348,100,Ben,0.8739,,1.0,0.0,0.0104,0.037,0.8898,0.9641,0.8562,,False,
6790,226.382,100,Ben,0.8803,,1.0,0.0,0.0278,0.0466,0.9065,0.9671,0.8538,,False,
6791,226.415,100,Ben,0.8704,,1.0,0.0,0.0069,0.0362,0.8801,0.9633,0.8539,,False,
6792,226.448,100,Ben,0.8735,,1.0,0.0,0.0139,0.0333,0.8912,0.9602,0.8434,,False,
6793,226.482,100,Ben,0.8726,,1.0,0.0,0.0035,0.0368,0.8807,0.9716,0.8517,,False,
6794,226.515,100,Ben,0.8752,,1.0,0.0,0.0,0.0427,0.8873,0.973,0.8685,,False,
6795,226.548,100,Ben,0.8718,,1.0,0.0,0.0069,0.0241,0.8827,0.9652,0.8689,,False,
6796,226.582,100,Ben,0.8746,,1.0,0.0,0.0069,0.0332,0.8876,0.9702,0.8628,,False,
6797,226.615,100,Ben,0.8768,,1.0,0.0,0.0104,0.0237,0.8905,0.975,0.8807,,False,
6798,226.648,100,Ben,0.8772,,1.0,0.0,0.0,0.0325,0.8982,0.9658,0.8684,,False,
6799,226.682,100,Ben,0.8771,,1.0,0.0,0.0174,0.0381,0.9004,0.9623,0.8641,,False,
6800,226.715,100,Ben,0.8774,,1.0,0.0,0.0208,0.043,0.9015,0.962,0.8654,,False,
6801,226.748,100,Ben,0.8808,,1.0,0.0,0.0451,0.0429,0.9068,0.9687,0.8698,,False,
6802,226.782,100,Ben,0.8806,,1.0,0.0,0.0174,0.0453,0.9078,0.9665,0.8734,,False,
6803,226.815,100,Ben,0.8824,,1.0,0.0,0.0347,0.044,0.9106,0.9701,0.8792,,False,
6804,226.848,100,Ben,0.8814,,1.0,0.0,0.0347,0.036,0.9064,0.9716,0.8853,,False,
6805,226.882,100,Ben,0.8843,,1.0,0.0,0.0486,0.0307,0.9082,0.9815,0.8844,,False,
6806,226.915,100,Ben,0.8816,,1.0,0.0069,0.0521,0.0243,0.902,0.9787,0.8776,,False,
6807,226.948,100,Ben,0.8821,,1.0,0.0,0.0903,0.025,0.9059,0.9752,0.8694,,False,
6808,226.982,100,Ben,0.8872,,1.0,0.0,0.0799,0.0204,0.9116,0.9886,0.8694,,False,
6809,227.015,100,Ben,0.8887,,1.0,0.0053,0.0833,0.0358,0.9158,0.9889,0.8619,,False,
6810,227.049,100,Ben,0.8891,,1.0,0.0025,0.0903,0.0327,0.9178,0.9875,0.8644,,False,
6811,227.082,100,Ben,0.8894,,1.0,0.0023,0.0833,0.0383,0.9226,0.9821,0.8673,,False,
6812,227.115,100,Ben,0.8858,,1.0,0.0,0.0903,0.034,0.9154,0.9775,0.8702,,False,
6813,227.149,100,Ben,0.8846,,1.0,0.0032,0.0903,0.0315,0.912,0.9771,0.8711,,False,
6814,227.182,100,Ben,0.8847,,1.0,0.0022,0.0833,0.0374,0.9125,0.9767,0.8774,,False,
6815,227.215,100,Ben,0.8844,,1.0,0.0054,0.0799,0.0335,0.9165,0.97,0.8731,,False,
6816,227.249,100,Ben,0.8839,,1.0,0.0056,0.066,0.0348,0.9154,0.9694,0.8744,,False,
6817,227.282,100,Ben,0.8841,,1.0,0.0024,0.0694,0.0348,0.9169,0.968,0.8771,,False,
6818,227.315,100,Ben,0.8844,,1.0,0.0219,0.0833,0.0374,0.9182,0.9674,0.8719,,False,
6819,227.349,100,Ben,0.8814,,1.0,0.0203,0.0625,0.0294,0.9087,0.9686,0.8798,,False,
6820,227.382,100,Ben,0.8815,,1.0,0.0096,0.0521,0.0335,0.9094,0.968,0.8773,,False,
6821,227.415,100,Ben,0.8814,,1.0,0.0101,0.0486,0.0396,0.9108,0.9657,0.8725,,False,
6822,227.449,100,Ben,0.8858,,1.0,0.0101,0.0417,0.0362,0.924,0.9651,0.8699,,False,
6823,227.482,100,Ben,0.8878,,1.0,0.0069,0.0243,0.0383,0.9254,0.9716,0.873,,False,
6824,227.515,100,Ben,0.8833,,1.0,0.0139,0.0069,0.0389,0.9179,0.9635,0.8579,,False,
6825,227.549,100,Ben,0.8881,,1.0,0.0243,0.0035,0.034,0.9335,0.9612,0.8507,,False,
6826,227.582,100,Ben,0.8849,,1.0,0.0104,0.0069,0.0196,0.9273,0.9567,0.8368,,False,
6827,227.615,100,Ben,0.8842,,1.0,0.0104,0.0104,0.0246,0.9211,0.9625,0.8291,,False,
6828,227.649,100,Ben,0.8846,,1.0,0.0069,0.0069,0.0225,0.9209,0.9646,0.8252,,False,
6829,227.682,100,Ben,0.8831,,1.0,0.0139,0.0069,0.0181,0.9225,0.956,0.8162,,False,
6830,227.715,100,Ben,0.8805,,1.0,0.0139,0.0104,0.0205,0.9204,0.948,0.8168,,False,
6831,227.749,100,Ben,0.8850,,1.0,0.0032,0.0,0.0233,0.9333,0.9486,0.814,,False,
6832,227.782,100,Ben,0.8811,,1.0,0.0069,0.0,0.0326,0.9213,0.9495,0.8117,,False,
6833,227.815,100,Ben,0.8758,,1.0,0.0278,0.0,0.0333,0.9003,0.9572,0.8214,,False,
6834,227.849,100,Ben,0.8882,,1.0,0.0069,0.0208,0.0306,0.9389,0.954,0.8241,,False,
6835,227.882,100,Ben,0.8798,,1.0,0.0,0.0486,0.0283,0.916,0.9517,0.834,,False,
6836,227.915,100,Ben,0.8728,,1.0,0.0,0.0347,0.0341,0.8964,0.95,0.8326,,False,
6837,227.949,100,Ben,0.8711,,1.0,0.0,0.0382,0.0311,0.8919,0.9492,0.814,,False,
6838,227.982,100,Ben,0.8734,,1.0,0.0,0.0486,0.0258,0.8943,0.9556,0.8191,punch,False,
6839,228.016,100,Ben,0.8785,,1.0,0.0,0.0382,0.0341,0.9045,0.9625,0.8419,,False,
6840,228.049,100,Ben,0.8780,,1.0,0.0,0.0208,0.0302,0.9031,0.9623,0.8415,,False,
6841,228.082,100,Ben,0.8785,,1.0,0.0,0.0069,0.0254,0.9006,0.9678,0.8435,,False,
6842,228.116,100,Ben,0.8770,,1.0,0.0,0.0035,0.0197,0.8934,0.9719,0.8637,,False,
6843,228.149,100,Ben,0.8732,,1.0,0.0,0.0104,0.0205,0.8888,0.9625,0.8685,,False,
6844,228.182,100,Ben,0.8711,,1.0,0.0,0.0,0.0232,0.8888,0.9538,0.8276,,False,
6845,228.216,100,Ben,0.8661,,1.0,0.0,0.0035,0.0113,0.8765,0.9505,0.8277,,False,
6846,228.249,100,Ben,0.8625,,1.0,0.0,0.0,0.0092,0.876,0.936,0.8199,,False,
6847,228.282,100,Ben,0.8656,,1.0,0.0,0.0,0.0131,0.8806,0.9425,0.8322,,False,
6848,228.316,100,Ben,0.8694,,1.0,0.0,0.0208,0.0108,0.8892,0.9463,0.819,,False,
6849,228.349,100,Ben,0.8721,,1.0,0.0,0.0625,0.0141,0.8966,0.9469,0.8225,,False,
6850,228.382,100,Ben,0.8721,,1.0,0.0,0.0694,0.0177,0.8887,0.9579,0.8106,,False,
6851,228.416,100,Ben,0.8739,,1.0,0.0,0.0451,0.0228,0.8919,0.9612,0.8049,,False,
6852,228.449,100,Ben,0.8675,,1.0,0.0,0.0694,0.0172,0.8983,0.9255,0.822,,False,
6853,228.482,100,Ben,0.8598,,1.0,0.0,0.0347,0.0324,0.8869,0.9095,0.8133,,False,
6854,228.516,100,Ben,0.8663,,1.0,0.0,0.0625,0.0326,0.8908,0.9309,0.8008,,False,
6855,228.549,100,Ben,0.8649,,1.0,0.0,0.066,0.0313,0.8839,0.9349,0.7874,,False,
6856,228.582,100,Ben,0.8633,,1.0,0.0,0.066,0.0376,0.8816,0.9314,0.7794,,False,
6857,228.616,100,Ben,0.8615,,1.0,0.0,0.0556,0.0478,0.8801,0.9263,0.7682,,False,
6858,228.649,100,Ben,0.8576,,1.0,0.0,0.0486,0.048,0.8722,0.9212,0.7644,,False,
6859,228.682,100,Ben,0.8595,,1.0,0.0,0.0347,0.0702,0.8711,0.9307,0.7842,,False,
6860,228.716,100,Ben,0.8575,,1.0,0.0,0.0382,0.0788,0.8677,0.9268,0.7801,,False,
6861,228.749,100,Ben,0.8550,,1.0,0.0,0.0312,0.0809,0.8618,0.9248,0.7796,,False,
6862,228.782,100,Ben,0.8549,,1.0,0.0,0.0174,0.0845,0.8573,0.9308,0.7803,,False,
6863,228.816,100,Ben,0.8544,,1.0,0.0,0.0,0.0943,0.8523,0.936,0.791,,False,
6864,228.849,100,Ben,0.8557,,1.0,0.0,0.0,0.1006,0.8542,0.9385,0.8026,,False,
6865,228.883,100,Ben,0.8540,,1.0,0.0,0.0,0.0916,0.8499,0.9375,0.8186,,False,
6866,228.916,100,Ben,0.8569,,1.0,0.0,0.0104,0.087,0.8521,0.9465,0.8071,,False,
6867,228.949,100,Ben,0.8578,,1.0,0.0,0.0278,0.0798,0.8514,0.9512,0.8043,,False,
6868,228.983,100,Ben,0.8581,,1.0,0.0,0.0243,0.0726,0.8548,0.9479,0.8189,,False,
6869,229.016,100,Ben,0.8609,,1.0,0.0,0.0382,0.0587,0.861,0.9507,0.8411,,False,
6870,229.049,100,Ben,0.8624,,1.0,0.0,0.0903,0.0564,0.8634,0.9536,0.8501,,False,
6871,229.083,100,Ben,0.8646,,1.0,0.0,0.0938,0.0441,0.8674,0.9569,0.8506,,False,
6872,229.116,100,Ben,0.8616,,1.0,0.0,0.0903,0.0395,0.8648,0.9483,0.8583,,False,
6873,229.149,100,Ben,0.8632,,1.0,0.0,0.0903,0.0431,0.8691,0.9488,0.8642,,False,
6874,229.183,100,Ben,0.8632,,1.0,0.0,0.0868,0.04,0.8686,0.9493,0.8663,,False,
6875,229.216,100,Ben,0.8659,,1.0,0.0,0.0868,0.0395,0.876,0.9501,0.8726,,False,
6876,229.249,100,Ben,0.8676,,1.0,0.0,0.0486,0.042,0.8824,0.9483,0.8704,,False,
6877,229.283,100,Ben,0.8702,,1.0,0.0,0.0347,0.0391,0.885,0.9554,0.8681,,False,
6878,229.316,100,Ben,0.8697,,1.0,0.0,0.0139,0.0346,0.8842,0.9545,0.8732,,False,
6879,229.349,100,Ben,0.8707,,1.0,0.0,0.066,0.0206,0.8845,0.9583,0.8768,,False,
6880,229.383,100,Ben,0.8713,,1.0,0.0,0.0938,0.0208,0.8901,0.9527,0.8827,,False,
6881,229.416,100,Ben,0.8698,,1.0,0.0,0.0903,0.0178,0.8954,0.939,0.8673,,False,
6882,229.449,100,Ben,0.8707,,1.0,0.0069,0.0903,0.0161,0.8976,0.9398,0.8763,,False,
6883,229.483,100,Ben,0.8749,,1.0,0.0104,0.0938,0.0235,0.9068,0.9442,0.8691,,False,
6884,229.516,100,Ben,0.8733,,1.0,0.0101,0.0938,0.028,0.9067,0.9377,0.8653,,False,
6885,229.549,100,Ben,0.8746,,1.0,0.0069,0.0972,0.0371,0.9077,0.9417,0.8637,,False,
6886,229.583,100,Ben,0.8716,,1.0,0.0205,0.066,0.0317,0.8973,0.944,0.8694,,False,
6887,229.616,100,Ben,0.8696,,1.0,0.0035,0.0694,0.0288,0.8918,0.9434,0.8672,,False,
6888,229.649,100,Ben,0.8659,,1.0,0.0035,0.0625,0.0251,0.8806,0.9437,0.8658,,False,
6889,229.683,100,Ben,0.8666,,1.0,0.0104,0.0521,0.0244,0.8752,0.9545,0.86,,False,
6890,229.716,100,Ben,0.8656,,1.0,0.0139,0.0451,0.0278,0.871,0.9559,0.8604,,False,
6891,229.749,100,Ben,0.8619,,1.0,0.0,0.059,0.0346,0.8653,0.9488,0.8594,,False,
6892,229.783,100,Ben,0.8609,,1.0,0.0,0.0764,0.0325,0.8638,0.9469,0.8526,,False,
6893,229.816,100,Ben,0.8626,,1.0,0.0,0.1076,0.0441,0.8728,0.9412,0.8536,,False,
6894,229.85,100,Ben,0.8634,,1.0,0.0,0.1389,0.0421,0.8768,0.9385,0.8482,,False,
6895,229.883,100,Ben,0.8648,,1.0,0.0,0.1181,0.056,0.8768,0.9444,0.8417,,False,
6896,229.916,100,Ben,0.8728,face_mismatch,1.0,0.0,0.0868,0.0791,0.8784,0.9541,0.8338,,False,
6897,229.95,100,Ben,0.8654,,1.0,0.0,0.1007,0.0804,0.877,0.9469,0.8294,,False,
6898,229.983,100,Ben,0.8702,face_mismatch,1.0,0.0,0.1007,0.0991,0.877,0.942,0.8162,,False,
6899,230.016,100,Ben,0.8644,,1.0,0.0,0.0833,0.0971,0.8726,0.9489,0.813,,False,
6900,230.05,100,Ben,0.8633,,1.0,0.0,0.0833,0.1102,0.8678,0.951,0.8108,,False,
6901,230.083,100,Ben,0.8647,face_mismatch,1.0,0.0,0.0347,0.092,0.8545,0.9558,0.8047,,False,
6902,230.116,100,Ben,0.8603,,1.0,0.0,0.0174,0.1068,0.8567,0.9542,0.8031,,False,
6903,230.15,100,Ben,0.8573,,1.0,0.0,0.0139,0.1029,0.8503,0.9509,0.7982,,False,
6904,230.183,100,Ben,0.8598,,1.0,0.0,0.0,0.1079,0.8561,0.953,0.8073,,False,
6905,230.216,100,Ben,0.8612,,1.0,0.0,0.0035,0.1127,0.8584,0.9556,0.8201,,False,
6906,230.25,100,Ben,0.8600,,1.0,0.0,0.0,0.1138,0.855,0.9553,0.8288,,False,
6907,230.283,100,Ben,0.8604,,1.0,0.0,0.0104,0.1073,0.8559,0.9557,0.8366,,False,
6908,230.316,100,Ben,0.8610,,1.0,0.0,0.0174,0.1032,0.858,0.9555,0.8245,,False,
6909,230.35,100,Ben,0.8623,,1.0,0.0,0.0278,0.091,0.8554,0.9643,0.8267,,False,
6911,230.416,100,Ben,0.7261,,1.0,0.0,0.0972,0.0858,0.8541,0.9623,0.8191,,False,
6912,230.45,100,Ben,0.8633,,1.0,0.0,0.1111,0.0708,0.8574,0.9659,0.8204,,False,
6914,230.516,100,Ben,0.7302,,1.0,0.0,0.1285,0.0492,0.8632,0.9533,0.8376,,False,
6915,230.55,100,Ben,0.8658,,1.0,0.0,0.1146,0.0338,0.8662,0.9639,0.8483,,False,
6916,230.583,100,Ben,0.8679,,1.0,0.0,0.1111,0.028,0.8735,0.962,0.852,,False,
6917,230.616,100,Ben,0.8699,,1.0,0.0,0.066,0.0346,0.8775,0.9646,0.8558,,False,
6918,230.65,100,Ben,0.8724,,1.0,0.0208,0.066,0.0345,0.8924,0.9543,0.8569,,False,
6919,230.683,100,Ben,0.8779,,1.0,0.0035,0.0972,0.038,0.9081,0.9546,0.8551,,False,
6920,230.717,100,Ben,0.8802,,1.0,0.0069,0.0729,0.04,0.9214,0.9455,0.8482,,False,
6921,230.75,100,Ben,0.8857,,1.0,0.0187,0.0625,0.0554,0.9419,0.9396,0.8445,,False,
6922,230.783,100,Ben,0.8831,,1.0,0.0212,0.0382,0.0531,0.9316,0.9433,0.8605,,False,
6923,230.817,100,Ben,0.8855,,1.0,0.0423,0.0035,0.0646,0.9433,0.9367,0.8533,,False,
6924,230.85,100,Ben,0.8816,,1.0,0.0547,0.0069,0.0938,0.9245,0.947,0.8419,,False,
6925,230.883,100,Ben,0.8803,,1.0,0.0164,0.0694,0.1047,0.9248,0.9411,0.8381,,False,
6926,230.917,100,Ben,0.8793,,1.0,0.0035,0.0556,0.145,0.9239,0.9381,0.8355,,False,
6927,230.95,100,Ben,0.8815,,1.0,0.0,0.0764,0.1542,0.9298,0.939,0.8357,,False,
6928,230.983,100,Ben,0.8845,,1.0,0.0,0.0208,0.1629,0.9298,0.9516,0.8454,,False,
6929,231.017,100,Ben,0.8853,,1.0,0.0,0.0,0.1605,0.9285,0.9567,0.8584,,False,
6930,231.05,100,Ben,0.8915,,1.0,0.0,0.0,0.1447,0.9405,0.9656,0.8676,,False,
6931,231.083,100,Ben,0.8943,,1.0,0.0,0.0,0.1692,0.9429,0.974,0.8762,,False,
6932,231.117,100,Ben,0.8939,,1.0,0.0,0.0278,0.1676,0.9433,0.9714,0.8705,,False,
6933,231.15,100,Ben,0.8932,,1.0,0.0,0.0278,0.1745,0.942,0.9704,0.8654,,False,
6934,231.183,100,Ben,0.8878,,1.0,0.0,0.0278,0.1768,0.9294,0.9658,0.866,,False,
6935,231.217,100,Ben,0.8887,,1.0,0.0,0.0069,0.1645,0.9265,0.9735,0.8786,,False,
6936,231.25,100,Ben,0.8881,,1.0,0.0,0.0139,0.1549,0.9268,0.9707,0.8836,,False,
6937,231.283,100,Ben,0.8891,,1.0,0.0,0.0069,0.154,0.9296,0.9711,0.8856,,False,
6938,231.317,100,Ben,0.8842,,1.0,0.0,0.0,0.1645,0.9234,0.9592,0.8783,,False,
6939,231.35,100,Ben,0.8853,,1.0,0.0,0.0069,0.1645,0.9251,0.9615,0.8806,,False,
6940,231.383,100,Ben,0.8835,,1.0,0.0,0.0,0.1715,0.9175,0.9646,0.8775,,False,
6941,231.417,100,Ben,0.8831,,1.0,0.0,0.0,0.1679,0.9209,0.9585,0.874,,False,
6942,231.45,100,Ben,0.8877,,1.0,0.0,0.0,0.1598,0.9275,0.9682,0.8718,,False,
6943,231.483,100,Ben,0.8893,,1.0,0.0,0.0,0.1633,0.9237,0.9803,0.8671,,False,
6944,231.517,100,Ben,0.8892,,1.0,0.0,0.0,0.1579,0.9258,0.9767,0.8678,,False,
6945,231.55,100,Ben,0.8902,,1.0,0.0,0.0,0.1524,0.9281,0.9776,0.8692,,False,
6946,231.583,100,Ben,0.8864,,1.0,0.0,0.0,0.154,0.924,0.9676,0.8599,,False,
6947,231.617,100,Ben,0.8858,,1.0,0.0,0.0,0.1534,0.924,0.9652,0.8587,,False,
6948,231.65,100,Ben,0.8884,,1.0,0.0,0.0,0.1538,0.926,0.9733,0.8607,,False,
6949,231.684,100,Ben,0.8863,,1.0,0.0,0.0,0.1531,0.9256,0.9648,0.8627,,False,
6950,231.717,100,Ben,0.8857,,1.0,0.0,0.0,0.1488,0.926,0.9618,0.8688,,False,
6951,231.75,100,Ben,0.8872,,1.0,0.0,0.0,0.1526,0.9267,0.9671,0.872,,False,
6952,231.784,100,Ben,0.8879,,1.0,0.0,0.0,0.1564,0.9289,0.9668,0.8644,,False,
6953,231.817,100,Ben,0.8876,,1.0,0.0,0.0,0.1506,0.9283,0.9664,0.8677,,False,
6954,231.85,100,Ben,0.8894,,1.0,0.0,0.0,0.1442,0.9286,0.9735,0.872,,False,
6955,231.884,100,Ben,0.8902,,1.0,0.0,0.0,0.1462,0.9283,0.9773,0.8763,,False,
6956,231.917,100,Ben,0.8881,,1.0,0.0,0.0,0.1397,0.9259,0.9722,0.8736,,False,
6957,231.95,100,Ben,0.8879,,1.0,0.0,0.0,0.1444,0.9265,0.9702,0.8696,,False,
6958,231.984,100,Ben,0.8869,,1.0,0.0,0.0,0.1395,0.9271,0.9652,0.8665,,False,
6959,232.017,100,Ben,0.8869,,1.0,0.0,0.0,0.1346,0.9271,0.9654,0.868,,False,
6960,232.05,100,Ben,0.8879,,1.0,0.0,0.0,0.147,0.9276,0.9688,0.8611,,False,
6961,232.084,100,Ben,0.8888,,1.0,0.0,0.0,0.1226,0.9282,0.9719,0.865,,False,
6962,232.117,100,Ben,0.8900,,1.0,0.0,0.0,0.1208,0.929,0.9754,0.8616,,False,
6963,232.15,100,Ben,0.8901,,1.0,0.0,0.0,0.1196,0.9299,0.9749,0.862,,False,
6964,232.184,100,Ben,0.8906,,1.0,0.0,0.0,0.1179,0.9327,0.9729,0.8641,,False,
6965,232.217,100,Ben,0.8876,,1.0,0.0,0.0,0.1311,0.9276,0.9676,0.8615,,False,
6966,232.25,100,Ben,0.8874,,1.0,0.0,0.0,0.1202,0.927,0.9677,0.8649,,False,
6967,232.284,100,Ben,0.8884,,1.0,0.0,0.0,0.1241,0.9293,0.9685,0.8592,,False,
6968,232.317,100,Ben,0.8860,,1.0,0.0,0.0,0.1396,0.9251,0.9643,0.8546,,False,
6969,232.35,100,Ben,0.8834,,1.0,0.0,0.0,0.1415,0.9224,0.9576,0.8429,,False,
6970,232.384,100,Ben,0.8847,,1.0,0.0,0.0,0.1432,0.9251,0.9591,0.846,,False,
6971,232.417,100,Ben,0.8863,,1.0,0.0,0.0,0.137,0.9295,0.9594,0.8451,,False,
6972,232.45,100,Ben,0.8880,,1.0,0.0,0.0,0.1428,0.9354,0.958,0.8472,,False,
6973,232.484,100,Ben,0.8857,,1.0,0.0,0.0,0.147,0.9301,0.9561,0.8456,,False,
6974,232.517,100,Ben,0.8871,,1.0,0.0,0.0,0.1399,0.9309,0.961,0.8533,,False,
6975,232.55,100,Ben,0.8900,,1.0,0.0,0.0,0.1603,0.9374,0.9637,0.8546,,False,
6976,232.584,100,Ben,0.8901,,1.0,0.0,0.0,0.1629,0.9398,0.9609,0.8595,,False,
6977,232.617,100,Ben,0.8889,,1.0,0.0,0.0,0.1685,0.9382,0.958,0.8638,,False,
6978,232.651,100,Ben,0.8902,,1.0,0.0,0.0,0.167,0.9396,0.9615,0.864,,False,
6979,232.684,100,Ben,0.8895,,1.0,0.0,0.0,0.1557,0.9401,0.9578,0.8634,,False,
6980,232.717,100,Ben,0.8874,,1.0,0.0,0.0,0.1532,0.9404,0.9488,0.8561,,False,
6981,232.751,100,Ben,0.8877,,1.0,0.0,0.0,0.1417,0.9437,0.9452,0.859,,False,
6982,232.784,100,Ben,0.8895,,1.0,0.0,0.0,0.1354,0.9446,0.9515,0.8532,,False,
6983,232.817,100,Ben,0.8881,,1.0,0.0,0.0,0.1297,0.9402,0.9519,0.8536,,False,
6984,232.851,100,Ben,0.8870,,1.0,0.0,0.0,0.1372,0.9417,0.9452,0.839,,False,
6985,232.884,100,Ben,0.8864,,1.0,0.0,0.0,0.1245,0.9386,0.947,0.8404,,False,
6986,232.917,100,Ben,0.8881,,1.0,0.0,0.0,0.1224,0.944,0.9465,0.838,,False,
6987,232.951,100,Ben,0.8870,,1.0,0.0,0.0,0.1171,0.9438,0.942,0.8218,,False,
6988,232.984,100,Ben,0.8873,,1.0,0.0,0.0035,0.0983,0.944,0.9431,0.8147,,False,
6989,233.017,100,Ben,0.8903,,1.0,0.0,0.0,0.1052,0.9476,0.9506,0.8164,,False,
6990,233.051,100,Ben,0.8836,,1.0,0.0,0.0104,0.113,0.9278,0.9506,0.8591,,False,
6994,233.184,100,Ben,0.7547,,1.0,0.0,0.0,0.0548,0.9383,0.9025,0.8995,,False,
6995,233.217,100,Ben,0.8715,,1.0,0.0015,0.0069,0.04,0.9349,0.8901,0.8717,,False,
6996,233.251,100,Ben,0.8710,,1.0,0.0,0.0069,0.0915,0.925,0.9019,0.864,,False,
6997,233.284,100,Ben,0.8764,,1.0,0.0,0.0139,0.1213,0.9225,0.928,0.8518,,False,
6998,233.317,100,Ben,0.8810,,1.0,0.0,0.0278,0.1325,0.9316,0.9344,0.8389,,False,
7000,233.384,100,Ben,0.7511,,1.0,0.0,0.0799,0.1463,0.9181,0.9154,0.8462,,False,
7001,233.417,100,Ben,0.8626,,1.0,0.0,0.0451,0.1342,0.9128,0.8845,0.8408,,False,
7002,233.451,100,Ben,0.8571,,1.0,0.0,0.0347,0.125,0.9065,0.8703,0.8156,,False,
7003,233.484,100,Ben,0.8613,,1.0,0.0166,0.0278,0.1059,0.9049,0.89,0.8295,,False,
7004,233.518,100,Ben,0.8641,,1.0,0.0094,0.0139,0.0988,0.9023,0.9055,0.8302,,False,
7005,233.551,100,Ben,0.8655,,1.0,0.0,0.0139,0.087,0.9042,0.9086,0.8296,,False,
7006,233.584,100,Ben,0.8686,,1.0,0.0,0.0208,0.0668,0.9037,0.9223,0.8353,,False,
7007,233.618,100,Ben,0.8723,,1.0,0.0,0.0208,0.0568,0.9057,0.9348,0.8471,,False,
7008,233.651,100,Ben,0.8655,,1.0,0.0123,0.0069,0.043,0.8828,0.9388,0.8414,,False,
7009,233.684,100,Ben,0.8680,,1.0,0.006,0.0,0.0333,0.8905,0.9385,0.8362,,False,
7010,233.718,100,Ben,0.8689,,1.0,0.0,0.0,0.0271,0.8968,0.9332,0.8211,,False,
7011,233.751,100,Ben,0.8686,,1.0,0.0,0.0,0.0242,0.8906,0.941,0.822,,False,
7012,233.784,100,Ben,0.8794,,1.0,0.0,0.0,0.0255,0.9171,0.9484,0.8187,,False,
7013,233.818,100,Ben,0.8782,,1.0,0.0,0.0,0.0274,0.9138,0.948,0.8125,,False,
7014,233.851,100,Ben,0.8776,,1.0,0.0,0.0,0.0273,0.9161,0.9421,0.8038,,False,
7015,233.884,100,Ben,0.8772,,1.0,0.0,0.0,0.0273,0.913,0.9451,0.8084,,False,
7016,233.918,100,Ben,0.8782,,1.0,0.0103,0.0,0.0332,0.9165,0.944,0.8061,,False,
7017,233.951,100,Ben,0.8730,,1.0,0.0,0.0,0.0377,0.9153,0.9242,0.8096,,False,
7018,233.984,100,Ben,0.8708,,1.0,0.0,0.0,0.0384,0.9113,0.9208,0.8029,,False,
7019,234.018,100,Ben,0.8710,,1.0,0.0,0.0,0.0356,0.9121,0.9205,0.8079,,False,
7020,234.051,100,Ben,0.8688,,1.0,0.0,0.0,0.0335,0.9069,0.9187,0.8058,,False,
7021,234.084,100,Ben,0.8695,,1.0,0.0,0.0,0.0342,0.9043,0.925,0.8031,,False,
7022,234.118,100,Ben,0.8709,,1.0,0.0,0.0,0.032,0.9028,0.9332,0.8123,,False,
7023,234.151,100,Ben,0.8696,,1.0,0.0,0.0,0.0327,0.9012,0.9299,0.8293,,False,
7024,234.184,100,Ben,0.8759,,1.0,0.0,0.0,0.0301,0.9018,0.9555,0.8025,,False,
7025,234.218,100,Ben,0.8722,,1.0,0.0,0.0,0.0215,0.9004,0.9418,0.8307,,False,
7026,234.251,100,Ben,0.8688,,1.0,0.0,0.0,0.0133,0.8963,0.9337,0.8408,,False,
7027,234.284,100,Ben,0.8702,,1.0,0.0,0.0,0.0128,0.8987,0.936,0.8432,,False,
7028,234.318,100,Ben,0.8686,,1.0,0.0,0.0,0.0172,0.8957,0.9334,0.8454,,False,
7029,234.351,100,Ben,0.8707,,1.0,0.0,0.0,0.035,0.8975,0.9397,0.8016,,False,
7030,234.384,100,Ben,0.8713,,1.0,0.0,0.0,0.0423,0.8959,0.9446,0.798,,False,
7031,234.418,100,Ben,0.8714,,1.0,0.0,0.0,0.0437,0.895,0.9464,0.7927,,False,
7032,234.451,100,Ben,0.8748,,1.0,0.0,0.0,0.0548,0.9013,0.9515,0.7888,,False,
7033,234.485,100,Ben,0.8775,,1.0,0.0,0.0,0.0587,0.9074,0.9543,0.8038,,False,
7034,234.518,100,Ben,0.8782,,1.0,0.0,0.0,0.0579,0.9091,0.9546,0.7962,,False,
7035,234.551,100,Ben,0.8809,,1.0,0.0,0.0,0.0512,0.9165,0.9554,0.785,,False,
7036,234.585,100,Ben,0.8826,,1.0,0.0,0.0,0.0407,0.9243,0.9516,0.783,,False,
7037,234.618,100,Ben,0.8877,,1.0,0.0,0.0,0.0335,0.9278,0.9677,0.7933,,False,
7038,234.651,100,Ben,0.8914,,1.0,0.0,0.0,0.0267,0.9336,0.9747,0.8054,,False,
7039,234.685,100,Ben,0.8906,,1.0,0.0,0.0,0.0278,0.9341,0.9707,0.813,,False,
7040,234.718,100,Ben,0.8890,,1.0,0.0,0.0,0.0196,0.9343,0.9639,0.8104,,False,
7041,234.751,100,Ben,0.8859,,1.0,0.0,0.0,0.0513,0.9322,0.9539,0.8139,,False,
7042,234.785,100,Ben,0.8846,,1.0,0.0,0.0,0.0658,0.9323,0.9482,0.801,,False,
7043,234.818,100,Ben,0.8841,,1.0,0.0,0.0,0.0639,0.9358,0.9415,0.7883,,False,
7044,234.851,100,Ben,0.8891,,1.0,0.0,0.0,0.0649,0.9383,0.9587,0.8095,,False,
7045,234.885,100,Ben,0.8907,,1.0,0.0,0.0,0.0738,0.9391,0.964,0.8127,,False,
7046,234.918,100,Ben,0.8924,,1.0,0.0,0.0,0.069,0.9441,0.9642,0.806,,False,
7047,234.951,100,Ben,0.8849,,1.0,0.0,0.0,0.0577,0.9281,0.9558,0.8157,,False,
7048,234.985,100,Ben,0.8861,,1.0,0.0109,0.0139,0.0674,0.9319,0.9553,0.8154,,False,
7049,235.018,100,Ben,0.8845,,1.0,0.0223,0.0,0.0625,0.9281,0.9539,0.822,,False,
7050,235.051,100,Ben,0.8848,,1.0,0.0299,0.0,0.0455,0.9302,0.9523,0.8136,,False,
7051,235.085,100,Ben,0.8852,,1.0,0.0162,0.0,0.0358,0.9328,0.9504,0.8178,,False,
7052,235.118,100,Ben,0.8887,,1.0,0.0281,0.0,0.0307,0.9378,0.9575,0.8126,,False,
7053,235.151,100,Ben,0.8887,,1.0,0.0308,0.0,0.043,0.9418,0.9522,0.8029,,False,
7054,235.185,100,Ben,0.8902,,1.0,0.0135,0.0,0.058,0.9463,0.9521,0.7986,,False,
7055,235.218,100,Ben,0.8938,,1.0,0.0,0.0,0.0625,0.9498,0.9618,0.8067,,False,
7056,235.251,100,Ben,0.8920,,1.0,0.0,0.0,0.0658,0.9483,0.9567,0.7985,,False,
7057,235.285,100,Ben,0.8956,,1.0,0.0029,0.0,0.0617,0.9492,0.9705,0.7996,,False,
7058,235.318,100,Ben,0.8944,,1.0,0.0,0.0,0.0745,0.9458,0.97,0.8118,,False,
7059,235.352,100,Ben,0.8923,,1.0,0.0,0.0,0.0685,0.9434,0.9646,0.8073,,False,
7060,235.385,100,Ben,0.8934,,1.0,0.0,0.0,0.0479,0.9453,0.9668,0.8132,,False,
7061,235.418,100,Ben,0.8943,,1.0,0.0052,0.0,0.0336,0.9463,0.9688,0.8095,,False,
7062,235.452,100,Ben,0.8954,,1.0,0.0,0.0,0.0242,0.9453,0.9749,0.8143,,False,
7063,235.485,100,Ben,0.8953,,1.0,0.0,0.0,0.0261,0.9445,0.9756,0.8059,,False,
7064,235.518,100,Ben,0.8975,,1.0,0.0,0.0,0.0319,0.9496,0.9776,0.7996,,False,
7065,235.552,100,Ben,0.8983,,1.0,0.0,0.0,0.0507,0.9517,0.9779,0.8029,,False,
7066,235.585,100,Ben,0.8987,,1.0,0.0,0.0,0.057,0.952,0.9794,0.7899,,False,
7067,235.618,100,Ben,0.8990,,1.0,0.0,0.0,0.052,0.9544,0.9769,0.7875,,False,
7068,235.652,100,Ben,0.8991,,1.0,0.0,0.0,0.0612,0.9551,0.9766,0.7915,,False,
7069,235.685,100,Ben,0.8987,,1.0,0.0,0.0,0.066,0.9523,0.9787,0.795,,False,
7070,235.718,100,Ben,0.8972,,1.0,0.0,0.0,0.06,0.9483,0.9783,0.8042,,False,
7071,235.752,100,Ben,0.8958,,1.0,0.0,0.0,0.0628,0.9469,0.9746,0.7999,,False,
7072,235.785,100,Ben,0.8936,,1.0,0.0,0.0,0.0671,0.9446,0.9683,0.8085,,False,
7073,235.818,100,Ben,0.8928,,1.0,0.0,0.0,0.0517,0.9408,0.9705,0.8048,,False,
7074,235.852,100,Ben,0.8938,,1.0,0.0,0.0,0.0314,0.943,0.9715,0.8102,,False,
7075,235.885,100,Ben,0.8943,,1.0,0.0402,0.0,0.0198,0.9448,0.9711,0.7992,,False,
7076,235.918,100,Ben,0.8933,,1.0,0.0086,0.0,0.0293,0.9497,0.96,0.7915,,False,
7077,235.952,100,Ben,0.8956,,1.0,0.0,0.0,0.0407,0.9514,0.9673,0.7907,,False,
7078,235.985,100,Ben,0.8989,,1.0,0.0,0.0,0.0504,0.9551,0.9755,0.8026,,False,
7079,236.018,100,Ben,0.9001,,1.0,0.0,0.0,0.0519,0.9577,0.977,0.7982,,False,
7080,236.052,100,Ben,0.8996,,1.0,0.0,0.0,0.0515,0.9549,0.9787,0.7967,,False,
7081,236.085,100,Ben,0.8977,,1.0,0.0,0.0,0.0595,0.9505,0.9772,0.8004,,False,
7082,236.118,100,Ben,0.8964,,1.0,0.0,0.0,0.0686,0.9508,0.9715,0.7952,,False,
7083,236.152,100,Ben,0.8953,,1.0,0.0,0.0,0.0642,0.9461,0.9736,0.8182,,False,
7084,236.185,100,Ben,0.8956,,1.0,0.0,0.0,0.0546,0.9457,0.9751,0.807,,False,
7085,236.218,100,Ben,0.8949,,1.0,0.0193,0.0,0.0425,0.9435,0.9754,0.8054,,False,
7086,236.252,100,Ben,0.8947,,1.0,0.0,0.0,0.0217,0.9454,0.972,0.806,,False,
7087,236.285,100,Ben,0.8945,,1.0,0.026,0.0,0.0183,0.9459,0.9703,0.8093,,False,
7088,236.319,100,Ben,0.8946,,1.0,0.0098,0.0,0.0222,0.9494,0.9658,0.8109,,False,
7089,236.352,100,Ben,0.8947,,1.0,0.0007,0.0,0.0362,0.954,0.9597,0.8013,,False,
7090,236.385,100,Ben,0.8961,,1.0,0.0,0.0,0.0423,0.9542,0.9654,0.8034,,False,
7091,236.419,100,Ben,0.8980,,1.0,0.0,0.0,0.0425,0.9549,0.9724,0.7995,,False,
7092,236.452,100,Ben,0.8978,,1.0,0.0,0.0,0.0424,0.9561,0.9695,0.8036,,False,
7093,236.485,100,Ben,0.8953,,1.0,0.0,0.0,0.0463,0.9514,0.9659,0.8112,,False,
7094,236.519,100,Ben,0.8950,,1.0,0.0,0.0,0.0467,0.9474,0.9705,0.8231,,False,
7095,236.552,100,Ben,0.8958,,1.0,0.0,0.0,0.0476,0.9483,0.9724,0.8261,,False,
7096,236.585,100,Ben,0.8941,,1.0,0.0115,0.0,0.0337,0.9462,0.9682,0.8216,,False,
7097,236.619,100,Ben,0.8913,,1.0,0.0183,0.0069,0.0432,0.9458,0.9571,0.8179,,False,
7098,236.652,100,Ben,0.8880,,1.0,0.0116,0.0,0.0342,0.9457,0.9438,0.8139,,False,
7099,236.685,100,Ben,0.8895,,1.0,0.024,0.0,0.0308,0.9481,0.9464,0.8029,,False,
7100,236.719,100,Ben,0.8912,,1.0,0.0,0.0,0.0294,0.9495,0.9517,0.8075,,False,
7101,236.752,100,Ben,0.8914,,1.0,0.0,0.0,0.0347,0.9503,0.9514,0.8174,,False,
7102,236.785,100,Ben,0.8920,,1.0,0.0,0.0,0.0342,0.952,0.9512,0.8163,,False,
7103,236.819,100,Ben,0.8929,,1.0,0.0,0.0,0.0316,0.9529,0.9539,0.8083,,False,
7104,236.852,100,Ben,0.8953,,1.0,0.0,0.0,0.0361,0.9522,0.9646,0.8096,,False,
7105,236.885,100,Ben,0.8977,,1.0,0.0,0.0,0.0256,0.9517,0.9757,0.81,,False,
7106,236.919,100,Ben,0.8991,,1.0,0.0,0.0,0.037,0.9538,0.9782,0.8175,,False,
7107,236.952,100,Ben,0.8966,,1.0,0.0,0.0035,0.0463,0.9503,0.9727,0.8177,,False,
7108,236.985,100,Ben,0.8960,,1.0,0.0,0.0035,0.0465,0.9466,0.9758,0.8235,,False,
7109,237.019,100,Ben,0.8958,,1.0,0.0,0.0,0.0211,0.9464,0.9749,0.8076,,False,
7110,237.052,100,Ben,0.8930,,1.0,0.0,0.0069,0.0241,0.9392,0.9738,0.8134,,False,
7111,237.085,100,Ben,0.8963,,1.0,0.0028,0.0,0.0197,0.9433,0.9815,0.8202,,False,
7112,237.119,100,Ben,0.8973,,1.0,0.0,0.0,0.0123,0.9473,0.9801,0.8155,,False,
7113,237.152,100,Ben,0.8974,,1.0,0.0,0.0,0.018,0.9492,0.9777,0.819,,False,
7114,237.185,100,Ben,0.8982,,1.0,0.0,0.0,0.0146,0.9531,0.9754,0.8093,,False,
7115,237.219,100,Ben,0.8976,,1.0,0.0,0.0,0.0219,0.9518,0.9748,0.8123,,False,
7116,237.252,100,Ben,0.8953,,1.0,0.0,0.0,0.0192,0.9494,0.9688,0.8136,,False,
7117,237.286,100,Ben,0.8950,,1.0,0.0,0.0,0.0251,0.9479,0.9696,0.814,,False,
7118,237.319,100,Ben,0.8960,,1.0,0.0,0.0,0.0326,0.946,0.9764,0.8212,,False,
7119,237.352,100,Ben,0.8947,,1.0,0.0,0.0,0.0466,0.9438,0.974,0.819,,False,
7120,237.386,100,Ben,0.8943,,1.0,0.0075,0.0,0.0322,0.9403,0.9775,0.8278,,False,
7121,237.419,100,Ben,0.8936,,1.0,0.0,0.0,0.0211,0.938,0.9779,0.8212,,False,
7122,237.452,100,Ben,0.8943,,1.0,0.01,0.0,0.0193,0.938,0.9808,0.8181,,False,
7123,237.486,100,Ben,0.8937,,1.0,0.0012,0.0,0.0149,0.9391,0.9768,0.8179,,False,
7124,237.519,100,Ben,0.8940,,1.0,0.0,0.0,0.0117,0.9406,0.976,0.8197,,False,
7125,237.552,100,Ben,0.8942,,1.0,0.0,0.0,0.0145,0.9437,0.9722,0.8165,,False,
7126,237.586,100,Ben,0.8973,,1.0,0.0,0.0,0.0195,0.9481,0.979,0.8152,,False,
7127,237.619,100,Ben,0.8939,,1.0,0.0,0.0,0.0146,0.946,0.9679,0.8168,,False,
7128,237.652,100,Ben,0.8938,,1.0,0.0,0.0,0.0197,0.9443,0.9699,0.8213,,False,
7129,237.686,100,Ben,0.8944,,1.0,0.0,0.0,0.018,0.9473,0.9678,0.8251,,False,
7130,237.719,100,Ben,0.8959,,1.0,0.0,0.0,0.0346,0.9477,0.9735,0.8234,,False,
7131,237.752,100,Ben,0.8996,,1.0,0.0,0.0,0.034,0.9522,0.9829,0.8187,,False,
7132,237.786,100,Ben,0.9004,,1.0,0.0,0.0,0.0385,0.9558,0.9811,0.8232,,False,
7133,237.819,100,Ben,0.8983,,1.0,0.0,0.0,0.0465,0.9492,0.9815,0.8256,,False,
7134,237.852,100,Ben,0.8995,,1.0,0.0,0.0,0.0467,0.949,0.9869,0.8309,,False,
7135,237.886,100,Ben,0.8981,,1.0,0.0,0.0,0.0429,0.9485,0.9816,0.8225,,False,
7136,237.919,100,Ben,0.8984,,1.0,0.0,0.0,0.0348,0.952,0.9779,0.8179,,False,
7137,237.952,100,Ben,0.9001,,1.0,0.0,0.0,0.0204,0.955,0.9808,0.8054,,False,
7138,237.986,100,Ben,0.9010,,1.0,0.0,0.0,0.0236,0.9585,0.9796,0.8089,,False,
7139,238.019,100,Ben,0.9004,,1.0,0.0,0.0,0.0211,0.9559,0.9808,0.8094,,False,
7140,238.052,100,Ben,0.8997,,1.0,0.0,0.0,0.0227,0.9561,0.9775,0.817,,False,
7141,238.086,100,Ben,0.8982,,1.0,0.0,0.0,0.0271,0.9536,0.9751,0.8183,,False,
7142,238.119,100,Ben,0.8972,,1.0,0.0,0.0,0.0392,0.95,0.9758,0.8279,,False,
7143,238.153,100,Ben,0.8959,,1.0,0.0,0.0035,0.0428,0.948,0.9731,0.8256,,False,
7144,238.186,100,Ben,0.8962,,1.0,0.0,0.0,0.0394,0.9475,0.9754,0.8213,,False,
7145,238.219,100,Ben,0.8951,,1.0,0.0015,0.0035,0.0485,0.9455,0.9735,0.8367,,False,
7146,238.253,100,Ben,0.8973,,1.0,0.0083,0.0,0.0635,0.9464,0.9814,0.8318,,False,
7147,238.286,100,Ben,0.8968,,1.0,0.0381,0.0,0.0417,0.9475,0.9776,0.829,,False,
7148,238.319,100,Ben,0.8972,,1.0,0.0115,0.0,0.0362,0.9483,0.9781,0.8231,,False,
7149,238.353,100,Ben,0.8972,,1.0,0.0,0.0,0.016,0.95,0.976,0.813,,False,
7150,238.386,100,Ben,0.8960,,1.0,0.0,0.0,0.0175,0.9503,0.9703,0.8253,,False,
7151,238.419,100,Ben,0.8963,,1.0,0.0,0.0,0.0172,0.9506,0.9713,0.8236,,False,
7152,238.453,100,Ben,0.8977,,1.0,0.0,0.0,0.0192,0.9531,0.9736,0.8213,,False,
7153,238.486,100,Ben,0.8988,,1.0,0.0,0.0,0.035,0.9581,0.9712,0.8205,,False,
7154,238.519,100,Ben,0.8957,,1.0,0.0,0.0174,0.0498,0.9503,0.9693,0.8138,,False,
7155,238.553,100,Ben,0.8967,,1.0,0.0,0.0035,0.0694,0.9542,0.9679,0.8159,,False,
7156,238.586,100,Ben,0.8976,,1.0,0.0,0.0,0.0829,0.9512,0.9756,0.8098,,False,
7157,238.619,100,Ben,0.8958,,1.0,0.0,0.0,0.0782,0.9463,0.9754,0.8075,,False,
7158,238.653,100,Ben,0.8995,face_mismatch,1.0,0.0,0.0,0.0942,0.9422,0.9722,0.8009,,False,
7159,238.686,100,Ben,0.8996,face_mismatch,1.0,0.0,0.0,0.0994,0.9391,0.9747,0.7968,,False,
7160,238.719,100,Ben,0.8956,,1.0,0.0,0.0,0.0815,0.946,0.975,0.792,,False,
7164,238.853,100,Ben,0.8995,,1.0,0.0,0.0,0.0485,0.9593,0.9724,0.7936,,False,
7165,238.886,100,Ben,0.8983,,1.0,0.0,0.0,0.0416,0.9569,0.9705,0.8019,,False,
7166,238.919,100,Ben,0.8996,,1.0,0.0,0.0,0.0631,0.9579,0.9745,0.8144,,False,
7167,238.953,100,Ben,0.8982,,1.0,0.0,0.0,0.068,0.9548,0.973,0.8144,,False,
7168,238.986,100,Ben,0.8970,,1.0,0.0,0.0,0.0775,0.9526,0.9714,0.8126,,False,
7169,239.019,100,Ben,0.8953,,1.0,0.0,0.0,0.0848,0.9521,0.965,0.8257,,False,
7171,239.086,100,Ben,0.7986,,1.0,0.0,0.0,0.0857,0.9563,0.9666,0.8211,,False,
7172,239.12,100,Ben,0.8972,,1.0,0.0,0.0,0.0663,0.9586,0.9637,0.8095,,False,
7173,239.153,100,Ben,0.8938,,1.0,0.0,0.0,0.0759,0.9542,0.9559,0.8041,,False,
7174,239.186,100,Ben,0.8940,,1.0,0.0,0.0,0.0705,0.9519,0.9597,0.8154,,False,
7175,239.22,100,Ben,0.8931,,1.0,0.0,0.0,0.0426,0.9508,0.9577,0.8075,,False,
7176,239.253,100,Ben,0.8934,,1.0,0.0,0.0,0.0603,0.9551,0.9526,0.7991,,False,
7177,239.286,100,Ben,0.8943,,1.0,0.0,0.0,0.0809,0.9543,0.9575,0.8086,,False,
7178,239.32,100,Ben,0.8968,,1.0,0.0,0.0,0.0731,0.9585,0.962,0.8152,,False,
7179,239.353,100,Ben,0.8948,,1.0,0.0,0.0,0.0708,0.9533,0.9612,0.8066,,False,
7180,239.386,100,Ben,0.8941,,1.0,0.0,0.0,0.0708,0.9502,0.9627,0.7953,,False,
7181,239.42,100,Ben,0.8920,,1.0,0.0,0.0,0.0687,0.945,0.9614,0.7998,,False,
7182,239.453,100,Ben,0.8921,,1.0,0.0,0.0104,0.0871,0.9476,0.9579,0.7937,,False,
7183,239.486,100,Ben,0.8940,,1.0,0.0,0.0,0.0817,0.9504,0.9619,0.798,,False,
7184,239.52,100,Ben,0.8925,,1.0,0.0,0.0,0.0594,0.9471,0.9603,0.7878,,False,
7185,239.553,100,Ben,0.8925,,1.0,0.0,0.0,0.0641,0.947,0.9605,0.7771,,False,
7186,239.586,100,Ben,0.8937,,1.0,0.0,0.0035,0.0734,0.9513,0.9594,0.7805,,False,
7187,239.62,100,Ben,0.8937,,1.0,0.0,0.0,0.0584,0.9545,0.9547,0.7582,,False,
7188,239.653,100,Ben,0.8904,,1.0,0.0,0.0,0.0552,0.9464,0.9524,0.7618,,False,
7189,239.686,100,Ben,0.8931,,1.0,0.0,0.0,0.0484,0.9546,0.9522,0.7691,,False,
7190,239.72,100,Ben,0.8907,,1.0,0.0,0.0208,0.0617,0.9498,0.9491,0.753,,False,
7191,239.753,100,Ben,0.8884,,1.0,0.0,0.0174,0.0541,0.9451,0.9462,0.7581,,False,
7192,239.786,100,Ben,0.8879,,1.0,0.0,0.0139,0.0521,0.9408,0.9503,0.7601,,False,
7193,239.82,100,Ben,0.8818,,1.0,0.0,0.0077,0.0651,0.9227,0.9502,0.767,punch,False,
7194,239.853,100,Ben,0.8823,,1.0,0.0062,0.0026,0.0764,0.923,0.9522,0.7634,punch,False,
7195,239.886,100,Ben,0.8873,,1.0,0.0066,0.0026,0.0687,0.936,0.9546,0.7623,,False,
7196,239.92,100,Ben,0.8837,,1.0,0.0,0.0,0.0748,0.9241,0.9561,0.7751,,False,
7197,239.953,100,Ben,0.8919,,1.0,0.0,0.0,0.0613,0.9458,0.9595,0.793,,False,
7198,239.987,100,Ben,0.8929,,1.0,0.0128,0.0,0.05,0.9468,0.9624,0.8113,,False,
7199,240.02,100,Ben,0.8905,,1.0,0.0,0.0174,0.0448,0.9456,0.9542,0.8042,,False,
7200,240.053,100,Ben,0.8922,,1.0,0.0,0.0,0.0457,0.9477,0.9581,0.8166,,False,
7201,240.087,100,Ben,0.8846,,1.0,0.0,0.0139,0.0555,0.9355,0.9439,0.8149,,False,
7202,240.12,100,Ben,0.8748,,1.0,0.0,0.0035,0.0768,0.9216,0.9226,0.8109,,False,
7203,240.153,100,Ben,0.8620,,1.0,0.0,0.0035,0.076,0.8918,0.9118,0.8116,,False,
7204,240.187,100,Ben,0.8575,,1.0,0.0,0.0069,0.0808,0.8905,0.8946,0.7946,,False,
7205,240.22,100,Ben,0.8610,,1.0,0.0,0.0069,0.1046,0.8995,0.8966,0.7875,,False,
7206,240.253,100,Ben,0.8604,,1.0,0.0,0.0104,0.1079,0.9053,0.8857,0.7741,,False,
7207,240.287,100,Ben,0.8441,,1.0,0.0,0.0,0.1283,0.855,0.889,0.7766,,False,
7208,240.32,100,Ben,0.8513,face_mismatch,1.0,0.0,0.0069,0.1458,0.86,0.8871,0.7733,,False,
7209,240.353,100,Ben,0.8544,,1.0,0.0,0.0069,0.132,0.8915,0.8804,0.7667,,False,
7210,240.387,100,Ben,0.8426,,1.0,0.0,0.0,0.1219,0.8616,0.8735,0.7526,,False,
7211,240.42,100,Ben,0.8454,,1.0,0.0,0.0035,0.126,0.8602,0.8874,0.762,,False,
7212,240.453,100,Ben,0.8473,,1.0,0.0,0.0243,0.1208,0.8728,0.8771,0.7533,,False,
7213,240.487,100,Ben,0.8548,,1.0,0.0,0.0,0.0849,0.8934,0.8792,0.7626,,False,
7214,240.52,100,Ben,0.8779,face_mismatch,1.0,0.0,0.0,0.0688,0.916,0.9184,0.7965,,False,
7215,240.553,100,Ben,0.8737,,1.0,0.0,0.0069,0.0436,0.927,0.9106,0.8139,,False,
7216,240.587,100,Ben,0.8827,,1.0,0.0,0.0243,0.0183,0.9415,0.9276,0.833,,False,
7217,240.62,100,Ben,0.8896,,1.0,0.0,0.0,0.0092,0.9392,0.9594,0.792,,False,
7218,240.653,100,Ben,0.8907,,1.0,0.0,0.0,0.0139,0.9446,0.9563,0.755,,False,
7219,240.687,100,Ben,0.8952,,1.0,0.0,0.0,0.0238,0.956,0.959,0.7661,,False,
7220,240.72,100,Ben,0.8934,,1.0,0.0,0.0204,0.033,0.9509,0.9588,0.783,,False,
7221,240.753,100,Ben,0.8943,,1.0,0.0,0.0204,0.0293,0.9505,0.963,0.7724,,False,
7222,240.787,100,Ben,0.8962,,1.0,0.0,0.0,0.0397,0.9521,0.9685,0.7707,,False,
7223,240.82,100,Ben,0.8944,,1.0,0.0,0.0,0.041,0.9469,0.9685,0.7637,,False,
7224,240.853,100,Ben,0.8943,,1.0,0.0,0.0,0.0426,0.9488,0.9655,0.7609,,False,
7226,240.92,100,Ben,0.8143,,1.0,0.0,0.0,0.0587,0.9534,0.962,0.7672,,False,
7227,240.954,100,Ben,0.8955,,1.0,0.0,0.0,0.0507,0.9533,0.9641,0.7876,,False,
7228,240.987,100,Ben,0.8964,,1.0,0.0,0.0,0.0552,0.9552,0.9653,0.7926,,False,
7229,241.02,100,Ben,0.8998,face_mismatch,1.0,0.0,0.0347,0.061,0.9515,0.9601,0.7584,,False,
7230,241.054,100,Ben,0.8946,,1.0,0.0,0.0,0.0563,0.9528,0.961,0.7644,,False,
7231,241.087,100,Ben,0.8949,,1.0,0.0,0.0281,0.0504,0.9497,0.9665,0.7705,,False,
7232,241.12,100,Ben,0.8974,,1.0,0.0,0.0102,0.0559,0.9556,0.9688,0.7726,,False,
7233,241.154,100,Ben,0.8946,,1.0,0.0,0.0,0.0563,0.9472,0.9688,0.768,,False,
7234,241.187,100,Ben,0.8960,,1.0,0.0,0.0,0.0501,0.9515,0.9685,0.7579,,False,
7235,241.22,100,Ben,0.9000,,1.0,0.0,0.0,0.0596,0.9611,0.9718,0.7481,,False,
7236,241.254,100,Ben,0.9023,face_mismatch,1.0,0.0,0.0,0.0718,0.9498,0.977,0.7448,,False,
7237,241.287,100,Ben,0.9027,face_mismatch,1.0,0.0,0.0,0.0585,0.9483,0.9785,0.7532,,False,
7238,241.32,100,Ben,0.8996,,1.0,0.0,0.0,0.0773,0.952,0.9832,0.7585,,False,
7239,241.354,100,Ben,0.9055,face_mismatch,1.0,0.0,0.0,0.0795,0.9536,0.9824,0.7671,,False,
7240,241.387,100,Ben,0.9027,,1.0,0.0,0.0,0.0745,0.9608,0.9836,0.7569,,False,
7241,241.42,100,Ben,0.9016,,1.0,0.0,0.0035,0.0753,0.9588,0.9818,0.7422,,False,
7242,241.454,100,Ben,0.9000,,1.0,0.0,0.0204,0.0721,0.9548,0.9807,0.7379,,False,
7243,241.487,100,Ben,0.8988,,1.0,0.0,0.0128,0.0773,0.9541,0.9765,0.7228,,False,
7244,241.52,100,Ben,0.8985,,1.0,0.0,0.0,0.0736,0.9565,0.972,0.7226,,False,
7245,241.554,100,Ben,0.8995,,1.0,0.0,0.0,0.0804,0.958,0.974,0.7229,,False,
7246,241.587,100,Ben,0.8969,,1.0,0.0,0.0,0.0804,0.9526,0.9708,0.7187,,False,
7247,241.62,100,Ben,0.8971,,1.0,0.0,0.0128,0.0801,0.9488,0.977,0.7309,,False,
7248,241.654,100,Ben,0.9000,,1.0,0.0,0.0077,0.0837,0.9579,0.9763,0.7324,,False,
7249,241.687,100,Ben,0.8965,,1.0,0.0,0.0174,0.0861,0.9478,0.9762,0.7276,,False,
7250,241.72,100,Ben,0.8981,,1.0,0.0,0.0104,0.1019,0.9506,0.9789,0.7353,,False,
7251,241.754,100,Ben,0.8961,,1.0,0.0,0.0,0.1148,0.95,0.9711,0.7197,,False,
7252,241.787,100,Ben,0.8836,,1.0,0.0,0.0,0.0884,0.9203,0.9611,0.7081,,False,
7253,241.821,100,Ben,0.8797,,1.0,0.0,0.0,0.0551,0.9159,0.9512,0.7155,,False,
7254,241.854,100,Ben,0.8765,,1.0,0.0,0.0,0.0533,0.9071,0.9503,0.7206,,False,
7255,241.887,100,Ben,0.8800,,1.0,0.0,0.0,0.0533,0.9075,0.9643,0.7373,,False,
7256,241.921,100,Ben,0.8828,,1.0,0.0,0.0,0.0843,0.9147,0.9658,0.7279,,False,
7260,242.054,108,Ben,0.5770,,0.0,0.0128,0.0,0.0944,0.9184,0.7035,0.8559,,False,
7261,242.087,108,Ben,0.6826,,0.0,0.0128,0.0,0.0924,0.9195,0.7081,0.8452,,False,
7262,242.121,108,Ben,0.6820,,0.0,0.0158,0.0,0.0951,0.9186,0.707,0.8454,,False,
7263,242.154,108,Ben,0.6811,,0.0,0.0155,0.0,0.0984,0.9144,0.7092,0.8345,,False,
7264,242.187,108,Ben,0.6821,,0.0,0.0142,0.0,0.1051,0.9142,0.7137,0.8327,,False,
7265,242.221,108,Ben,0.6823,,0.0,0.0127,0.0,0.1017,0.914,0.7148,0.8276,,False,
7268,242.321,108,Ben,0.5774,,0.0,0.0083,0.0,0.1004,0.914,0.7125,0.8429,,False,
7269,242.354,108,Ben,0.6816,,0.0,0.0094,0.0,0.1011,0.9138,0.7122,0.8408,,False,
7270,242.387,108,Ben,0.6811,,0.0,0.0099,0.0,0.1031,0.914,0.7097,0.8388,,False,
7271,242.421,108,Ben,0.6799,,0.0,0.0069,0.0,0.1084,0.9133,0.7059,0.84,,False,
7272,242.454,108,Ben,0.3692,not_competition_fighter,0.0,0.0,0.0,0.0,0.0,0.705,0.0,,False,
7274,242.521,100,Ben,0.8080,,1.0,0.0,0.0,0.0659,0.9221,0.9623,0.7022,,False,
7280,242.721,100,Ben,0.8120,,1.0,0.0,0.0,0.0535,0.9316,0.9702,0.7282,,False,
7281,242.754,100,Ben,0.8838,,1.0,0.0099,0.0,0.0449,0.9189,0.9639,0.7133,,False,
7282,242.788,100,Ben,0.8817,,1.0,0.0198,0.0,0.0561,0.9131,0.9634,0.7071,,False,
7283,242.821,100,Ben,0.8789,,1.0,0.0033,0.0,0.0492,0.9045,0.964,0.7154,,False,
7284,242.854,100,Ben,0.8778,,1.0,0.0298,0.0,0.0552,0.9019,0.963,0.7101,,False,
7285,242.888,100,Ben,0.8798,,1.0,0.0198,0.0,0.0531,0.9066,0.9648,0.7152,,False,
7286,242.921,100,Ben,0.8812,,1.0,0.0099,0.0,0.0496,0.9105,0.965,0.7122,,False,
7287,242.954,100,Ben,0.8807,,1.0,0.0,0.0,0.0486,0.9154,0.9563,0.7084,,False,
7288,242.988,100,Ben,0.8827,,1.0,0.0,0.0,0.038,0.9209,0.9567,0.7088,,False,
7289,243.021,100,Ben,0.8867,,1.0,0.0,0.0,0.0439,0.9287,0.9623,0.7041,,False,
7290,243.054,100,Ben,0.8865,,1.0,0.0,0.0069,0.0494,0.9297,0.9602,0.6992,,False,
7291,243.088,100,Ben,0.8882,,1.0,0.0,0.0104,0.0465,0.9337,0.9616,0.7008,,False,
7292,243.121,100,Ben,0.8896,,1.0,0.0,0.0069,0.0517,0.938,0.9611,0.6932,,False,
7293,243.154,100,Ben,0.8881,,1.0,0.0,0.0,0.0505,0.9316,0.9641,0.6972,,False,
7294,243.188,100,Ben,0.8862,,1.0,0.0,0.0,0.0546,0.9285,0.9604,0.7014,,False,
7298,243.321,100,Ben,0.8064,,1.0,0.0,0.0035,0.0606,0.9158,0.9677,0.7,,False,
7301,243.421,108,Ben,0.5818,,0.0,0.0242,0.0,0.0984,0.9151,0.7226,0.8559,,False,
7302,243.454,108,Ben,0.6843,,0.0,0.0242,0.0,0.0938,0.9146,0.7223,0.8607,,False,
7303,243.488,108,Ben,0.6839,,0.0,0.0242,0.0,0.0938,0.9145,0.7206,0.8602,,False,
7304,243.521,108,Ben,0.6834,,0.0,0.0242,0.0,0.0951,0.9148,0.7181,0.8584,,False,
7305,243.554,108,Ben,0.6842,,0.0,0.0242,0.0,0.0924,0.9149,0.7214,0.8611,,False,
7306,243.588,108,Ben,0.6826,,0.0,0.0259,0.0,0.0904,0.9159,0.7132,0.8561,,False,
7307,243.621,108,Ben,0.6830,,0.0,0.0051,0.0,0.0957,0.9141,0.7174,0.861,,False,
7308,243.654,108,Ben,0.6832,,0.0,0.0231,0.0,0.0911,0.9157,0.7162,0.8572,,False,
7309,243.688,108,Ben,0.6818,,0.0,0.0236,0.0,0.0931,0.9139,0.7126,0.8598,,False,
7311,243.755,100,Ben,0.8012,,1.0,0.0,0.0,0.1028,0.9152,0.9605,0.7532,,False,
7312,243.788,100,Ben,0.8832,,1.0,0.0,0.0,0.0779,0.9209,0.9588,0.7801,,False,
7313,243.821,100,Ben,0.8824,,1.0,0.0,0.0,0.0869,0.9179,0.9598,0.7649,,False,
7315,243.888,100,Ben,0.8063,,1.0,0.0,0.0104,0.0757,0.9327,0.9514,0.7719,,False,
7316,243.921,100,Ben,0.8872,,1.0,0.0,0.0104,0.0688,0.9323,0.9591,0.7732,,False,
7317,243.955,100,Ben,0.8846,,1.0,0.0,0.0,0.0804,0.9161,0.9712,0.7599,,False,
7318,243.988,100,Ben,0.8838,,1.0,0.0,0.0,0.0672,0.9113,0.9749,0.7452,,False,
7319,244.021,100,Ben,0.8817,,1.0,0.0,0.0,0.0708,0.9065,0.9729,0.7484,,False,
7320,244.055,100,Ben,0.8825,,1.0,0.0,0.0,0.0617,0.9057,0.9773,0.7338,,False,
7321,244.088,100,Ben,0.8816,,1.0,0.0,0.0,0.0564,0.9065,0.9726,0.7158,,False,
7322,244.121,100,Ben,0.8826,,1.0,0.0,0.0,0.0505,0.911,0.9703,0.7094,,False,
7323,244.155,100,Ben,0.8855,,1.0,0.0,0.0,0.0524,0.9209,0.9682,0.6988,,False,
7329,244.355,100,Ben,0.8110,,1.0,0.0035,0.0,0.0667,0.9092,0.9647,0.6969,,False,
7330,244.388,100,Ben,0.8838,,1.0,0.0,0.0,0.0624,0.9216,0.9604,0.6933,,False,
7331,244.421,100,Ben,0.8855,,1.0,0.0,0.0,0.0633,0.9261,0.961,0.7119,,False,
7332,244.455,100,Ben,0.8926,,1.0,0.0,0.0,0.0629,0.948,0.9593,0.7227,,False,
7335,244.555,100,Ben,0.8136,,1.0,0.0,0.0,0.0657,0.9171,0.9556,0.7285,,False,
7336,244.588,100,Ben,0.8884,,1.0,0.0,0.0,0.0574,0.9374,0.9571,0.7234,,False,
7337,244.622,100,Ben,0.8879,,1.0,0.0,0.0,0.0638,0.9327,0.9614,0.7189,,False,
7338,244.655,100,Ben,0.8822,,1.0,0.0,0.0,0.081,0.9158,0.9619,0.712,,False,
7339,244.688,100,Ben,0.8829,,1.0,0.0,0.0,0.0755,0.913,0.9685,0.7306,,False,
7340,244.722,100,Ben,0.8840,,1.0,0.0,0.0,0.0875,0.9172,0.9671,0.7321,,False,
7341,244.755,100,Ben,0.8824,,1.0,0.0,0.0,0.0897,0.914,0.965,0.725,,False,
7342,244.788,100,Ben,0.8802,,1.0,0.0,0.0,0.0851,0.9064,0.9669,0.7269,,False,
7343,244.822,100,Ben,0.8788,,1.0,0.0,0.0,0.091,0.9057,0.9621,0.7212,,False,
7344,244.855,100,Ben,0.8763,,1.0,0.0,0.0,0.087,0.9015,0.9575,0.7178,,False,
7345,244.888,100,Ben,0.8787,,1.0,0.0,0.0,0.1029,0.9093,0.9563,0.7104,,False,
7346,244.922,100,Ben,0.8823,,1.0,0.0,0.0,0.0943,0.9191,0.9574,0.6949,,False,
7347,244.955,100,Ben,0.8819,,1.0,0.0,0.0,0.0917,0.9186,0.9564,0.6972,,False,
7348,244.988,100,Ben,0.8808,,1.0,0.0,0.0,0.0906,0.9176,0.9534,0.7067,,False,
7349,245.022,100,Ben,0.8726,,1.0,0.0,0.0035,0.0795,0.904,0.9386,0.6957,,False,
7350,245.055,100,Ben,0.8736,,1.0,0.0,0.0104,0.0836,0.9021,0.9453,0.708,,False,
7351,245.088,100,Ben,0.8750,,1.0,0.0,0.0,0.108,0.9054,0.9467,0.7055,,False,
7352,245.122,100,Ben,0.8810,,1.0,0.0,0.0,0.1491,0.9225,0.9473,0.7042,,False,
7353,245.155,100,Ben,0.8807,,1.0,0.0035,0.0,0.159,0.9235,0.9447,0.7041,,False,
7354,245.188,100,Ben,0.8837,,1.0,0.0,0.0,0.1523,0.931,0.9465,0.7006,,False,
7355,245.222,100,Ben,0.8863,,1.0,0.0,0.0,0.1464,0.9386,0.9467,0.6993,,False,
7356,245.255,100,Ben,0.8874,,1.0,0.0,0.0,0.1592,0.9412,0.9473,0.7046,,False,
7357,245.288,100,Ben,0.8869,,1.0,0.0077,0.0,0.1436,0.9429,0.943,0.7075,,False,
7358,245.322,100,Ben,0.8812,,1.0,0.0,0.0,0.1228,0.9329,0.9336,0.7046,,False,
7360,245.388,100,Ben,0.8211,,1.0,0.0234,0.0,0.1047,0.943,0.9148,0.6718,,False,
7361,245.422,100,Ben,0.8805,,1.0,0.0194,0.0,0.103,0.9453,0.9127,0.6793,,False,
7362,245.455,100,Ben,0.8802,,1.0,0.0096,0.0,0.0919,0.945,0.912,0.6835,,False,
7363,245.488,100,Ben,0.8742,,1.0,0.0234,0.002,0.0983,0.9287,0.9103,0.6756,,False,
7364,245.522,100,Ben,0.8777,,1.0,0.0293,0.0,0.1298,0.9338,0.9176,0.6873,,False,
7365,245.555,100,Ben,0.8809,,1.0,0.0179,0.0,0.1375,0.9379,0.925,0.6842,,False,
7366,245.589,100,Ben,0.8859,,1.0,0.023,0.0,0.1481,0.9477,0.9319,0.6827,,False,
7367,245.622,100,Ben,0.8886,,1.0,0.0102,0.0,0.1449,0.9513,0.9381,0.6965,,False,
7368,245.655,100,Ben,0.8880,,1.0,0.0153,0.0,0.1478,0.9543,0.9316,0.691,,False,
7369,245.689,100,Ben,0.8887,,1.0,0.0126,0.0,0.1498,0.9568,0.9307,0.6891,,False,
7370,245.722,100,Ben,0.8900,,1.0,0.0102,0.0,0.1395,0.9598,0.9321,0.6975,,False,
7371,245.755,100,Ben,0.8908,,1.0,0.0125,0.0,0.123,0.9648,0.928,0.6823,,False,
7372,245.789,100,Ben,0.8879,,1.0,0.0102,0.0026,0.1178,0.9617,0.9203,0.6767,,False,
7373,245.822,100,Ben,0.8878,,1.0,0.0051,0.0,0.1111,0.9625,0.9189,0.6779,,False,
7374,245.855,100,Ben,0.8871,,1.0,0.0153,0.0026,0.1148,0.9574,0.9234,0.6782,,False,
7375,245.889,100,Ben,0.8885,,1.0,0.023,0.0,0.1169,0.9568,0.9298,0.6877,,False,
7376,245.922,100,Ben,0.8864,,1.0,0.0408,0.0026,0.1331,0.9526,0.9272,0.6904,,False,
7377,245.955,100,Ben,0.8865,,1.0,0.023,0.0,0.1439,0.9533,0.9264,0.6912,,False,
7378,245.989,100,Ben,0.8882,,1.0,0.0153,0.0026,0.1467,0.9543,0.9321,0.6874,,False,
7379,246.022,100,Ben,0.8868,,1.0,0.0153,0.0,0.1324,0.9588,0.9201,0.6838,,False,
7380,246.055,100,Ben,0.8890,,1.0,0.0128,0.0,0.141,0.9582,0.93,0.6966,,False,
7381,246.089,100,Ben,0.8888,,1.0,0.0204,0.0,0.1308,0.9575,0.93,0.705,,False,
7383,246.155,100,Ben,0.8337,,1.0,0.023,0.0051,0.0982,0.9635,0.9341,0.6934,,False,
7384,246.189,100,Ben,0.8776,,1.0,0.0,0.0,0.0731,0.9484,0.8966,0.6764,,False,
7385,246.222,100,Ben,0.8857,,1.0,0.0,0.0051,0.0746,0.9604,0.913,0.6728,,False,
7386,246.255,100,Ben,0.8716,,1.0,0.0,0.0,0.0655,0.9494,0.87,0.6781,punch,False,
7387,246.289,100,Ben,0.8651,,1.0,0.003,0.0154,0.0508,0.9427,0.8523,0.6477,,False,
7388,246.322,100,Ben,0.8614,,1.0,0.0083,0.0062,0.0641,0.9479,0.8296,0.6316,,False,
7389,246.355,100,Ben,0.8583,,1.0,0.0,0.0156,0.0752,0.9469,0.8181,0.6339,,False,
7390,246.389,100,Ben,0.8386,,1.0,0.0221,0.0108,0.0734,0.9317,0.7577,0.6448,,False,
7394,246.522,100,Ben,0.7710,,1.0,0.0295,0.0391,0.0314,0.8705,0.7771,0.7974,,False,
7395,246.556,100,Ben,0.8275,,1.0,0.0182,0.0957,0.0545,0.8687,0.8006,0.8367,,False,
7396,246.589,100,Ben,0.8302,,1.0,0.0,0.0278,0.1574,0.8791,0.797,0.8334,,False,
7407,246.956,100,Ben,0.7433,,1.0,0.0,0.0077,0.0898,0.8879,0.6605,0.6412,,False,
7408,246.989,100,Ben,0.7949,,1.0,0.0,0.0102,0.1268,0.8838,0.6435,0.6125,,False,
7409,247.022,100,Ben,0.8034,,1.0,0.0,0.0051,0.0916,0.9007,0.6548,0.6119,,False,
7410,247.056,100,Ben,0.7986,,1.0,0.0,0.0077,0.0901,0.8795,0.6648,0.6205,,False,
7411,247.089,100,Ben,0.8073,,1.0,0.0,0.0,0.0981,0.8903,0.6857,0.6291,,False,
7412,247.122,100,Ben,0.8227,,1.0,0.0,0.0,0.0851,0.9061,0.7275,0.6417,,False,
7413,247.156,100,Ben,0.8452,,1.0,0.0,0.0,0.0642,0.9333,0.783,0.6858,,False,
7414,247.189,100,Ben,0.8400,,1.0,0.0,0.0,0.0206,0.8982,0.8108,0.7217,,False,
7415,247.222,100,Ben,0.8371,,1.0,0.0,0.0,0.0203,0.8796,0.8252,0.7262,punch,False,
7416,247.256,100,Ben,0.8419,,1.0,0.0,0.0025,0.0418,0.8913,0.8286,0.6571,punch,False,
7418,247.322,100,Ben,0.7732,,1.0,0.0,0.0,0.0585,0.9171,0.8121,0.6667,,False,
7427,247.623,100,Ben,0.7854,,1.0,0.0642,0.0,0.1225,0.8911,0.8963,0.7712,punch,False,
7428,247.656,100,Ben,0.8486,,1.0,0.0528,0.0,0.0778,0.8675,0.8903,0.7867,punch,False,
7429,247.689,100,Ben,0.8683,,1.0,0.0,0.0,0.1362,0.9115,0.91,0.7504,,False,
7485,249.557,100,Ben,0.7673,,1.0,0.0029,0.0208,0.1119,0.9129,0.7153,0.6464,,False,
7486,249.59,100,Ben,0.7989,,1.0,0.0,0.0,0.0996,0.8584,0.6961,0.6554,,False,
7487,249.623,100,Ben,0.7988,,1.0,0.0,0.0035,0.1232,0.8553,0.6998,0.6723,,False,
7488,249.657,100,Ben,0.7949,,1.0,0.0,0.0035,0.1222,0.8463,0.6963,0.6772,,False,
7489,249.69,100,Ben,0.7912,,1.0,0.0104,0.0,0.1112,0.8482,0.6783,0.7025,,False,
7490,249.723,100,Ben,0.7945,,1.0,0.01,0.0,0.1006,0.8566,0.6801,0.6998,,False,
7491,249.757,100,Ben,0.7966,,1.0,0.0,0.0,0.1091,0.8624,0.6809,0.7132,,False,
7492,249.79,100,Ben,0.8076,,1.0,0.0151,0.0,0.1152,0.848,0.7468,0.817,,False,
7493,249.823,100,Ben,0.8056,,1.0,0.0212,0.0069,0.1101,0.8501,0.7355,0.8481,,False,
7494,249.857,100,Ben,0.8098,,1.0,0.0218,0.0,0.1033,0.8618,0.7366,0.8758,,False,
7495,249.89,100,Ben,0.8172,,1.0,0.0107,0.0,0.1056,0.87,0.7558,0.8709,,False,
7496,249.923,100,Ben,0.8088,,1.0,0.0,0.0,0.0865,0.8541,0.7433,0.872,,False,
7507,250.29,100,Ben,0.7643,,1.0,0.0,0.0,0.1291,0.8921,0.7262,0.6545,,False,
7508,250.324,100,Ben,0.8330,,1.0,0.0,0.0,0.1406,0.9125,0.7616,0.6672,,False,
7509,250.357,100,Ben,0.8335,,1.0,0.0035,0.0,0.1636,0.8996,0.782,0.676,,False,
7510,250.39,100,Ben,0.8415,,1.0,0.0045,0.0,0.1644,0.9062,0.806,0.6639,,False,
7511,250.424,100,Ben,0.8450,,1.0,0.0,0.0069,0.1571,0.8973,0.8329,0.6684,,False,
7512,250.457,100,Ben,0.8533,,1.0,0.0,0.0,0.1522,0.905,0.8565,0.6741,,False,
7513,250.49,100,Ben,0.8597,,1.0,0.0,0.0035,0.1306,0.9208,0.8609,0.6714,,False,
7514,250.524,100,Ben,0.8578,,1.0,0.0,0.0035,0.1153,0.9085,0.8706,0.6738,,False,
7515,250.557,100,Ben,0.8602,,1.0,0.0,0.0069,0.1188,0.9178,0.8672,0.6608,,False,
7516,250.59,100,Ben,0.8620,,1.0,0.0,0.0,0.1126,0.9187,0.8733,0.6645,,False,
7517,250.624,100,Ben,0.8696,,1.0,0.0,0.0174,0.0993,0.9191,0.9046,0.6827,,False,
7518,250.657,100,Ben,0.8595,,1.0,0.0,0.0104,0.0671,0.9068,0.8798,0.6627,,False,
7519,250.69,100,Ben,0.8503,,1.0,0.0,0.0208,0.0635,0.8903,0.865,0.6434,,False,
7520,250.724,100,Ben,0.8509,,1.0,0.0,0.0174,0.0829,0.8932,0.8634,0.6378,,False,
7521,250.757,100,Ben,0.8620,,1.0,0.0,0.0035,0.0971,0.8858,0.9203,0.6803,,False,
7522,250.79,100,Ben,0.8675,,1.0,0.0,0.0,0.1128,0.8838,0.946,0.7289,,False,
7523,250.824,100,Ben,0.8563,,1.0,0.0,0.0,0.123,0.8816,0.9022,0.6949,,False,
7524,250.857,100,Ben,0.8605,,1.0,0.0,0.0,0.1052,0.8934,0.9032,0.7427,,False,
7525,250.89,100,Ben,0.8589,,1.0,0.0,0.0,0.107,0.8916,0.8991,0.7441,,False,
7526,250.924,100,Ben,0.8589,,1.0,0.0,0.0104,0.0949,0.8889,0.9028,0.7312,,False,
7527,250.957,100,Ben,0.8578,,1.0,0.0,0.0051,0.0814,0.887,0.901,0.7308,,False,
7528,250.99,100,Ben,0.8585,,1.0,0.0,0.0204,0.0866,0.8869,0.9039,0.724,,False,
7529,251.024,100,Ben,0.8584,,1.0,0.0,0.0153,0.1057,0.8848,0.9065,0.7178,,False,
7530,251.057,100,Ben,0.8596,,1.0,0.0,0.0153,0.1383,0.8822,0.9154,0.7195,,False,
7531,251.091,100,Ben,0.8609,,1.0,0.0,0.0383,0.1545,0.8745,0.9316,0.7265,,False,
7537,251.291,100,Ben,0.7804,,1.0,0.0068,0.0104,0.1639,0.9138,0.9085,0.6716,,False,
7539,251.357,100,Ben,0.7822,,1.0,0.0,0.0139,0.1671,0.9184,0.9106,0.6692,,False,
7558,251.991,100,Ben,0.7472,,1.0,0.0,0.0278,0.1363,0.881,0.9109,0.7292,,False,
7560,252.058,100,Ben,0.7491,,1.0,0.0035,0.0312,0.15,0.8849,0.918,0.7253,,False,
7562,252.124,100,Ben,0.7516,,1.0,0.0,0.066,0.1571,0.8918,0.921,0.7427,,False,
7563,252.158,100,Ben,0.8651,,1.0,0.0035,0.0347,0.1576,0.8917,0.9245,0.7399,,False,
7564,252.191,100,Ben,0.8636,,1.0,0.0,0.0069,0.1157,0.8921,0.9179,0.7513,,False,
7565,252.224,100,Ben,0.8601,,1.0,0.0,0.0208,0.1129,0.896,0.8978,0.7457,,False,
7566,252.258,100,Ben,0.8647,,1.0,0.0,0.0174,0.1222,0.8985,0.9132,0.7414,,False,
7567,252.291,100,Ben,0.8628,,1.0,0.0,0.0243,0.114,0.8985,0.9056,0.7523,,False,
7568,252.324,100,Ben,0.8636,,1.0,0.0068,0.0312,0.1236,0.8948,0.914,0.7484,,False,
7571,252.424,100,Ben,0.7496,,1.0,0.0345,0.066,0.1366,0.8876,0.9326,0.7532,,False,
7572,252.458,100,Ben,0.8635,,1.0,0.0264,0.0243,0.1464,0.8856,0.9267,0.7489,,False,
7573,252.491,100,Ben,0.8641,,1.0,0.0265,0.0139,0.1361,0.8816,0.935,0.78,,False,
7574,252.524,100,Ben,0.8613,,1.0,0.0278,0.0243,0.1472,0.8858,0.9171,0.784,,False,
7575,252.558,100,Ben,0.8607,,1.0,0.066,0.0,0.1287,0.8846,0.9166,0.7821,,False,
7576,252.591,100,Ben,0.8587,,1.0,0.0343,0.0035,0.1218,0.8788,0.9163,0.8042,,False,
7581,252.758,100,Ben,0.7395,,1.0,0.033,0.0,0.1375,0.8753,0.9207,0.8079,,False,
7582,252.791,100,Ben,0.8601,,1.0,0.0197,0.0,0.1406,0.8724,0.9313,0.8032,,False,
7583,252.824,100,Ben,0.8656,,1.0,0.0125,0.0104,0.1379,0.8832,0.9388,0.8226,,False,
7584,252.858,100,Ben,0.8674,,1.0,0.0121,0.0243,0.1268,0.8884,0.939,0.8372,,False,
7585,252.891,100,Ben,0.8767,,1.0,0.0141,0.0243,0.1156,0.9061,0.9524,0.8347,,False,
7586,252.925,100,Ben,0.8752,,1.0,0.013,0.0,0.1029,0.9052,0.9475,0.8538,,False,
7587,252.958,100,Ben,0.8747,,1.0,0.0349,0.0,0.1071,0.8978,0.956,0.8648,,False,
7588,252.991,100,Ben,0.8689,,1.0,0.0239,0.0,0.0909,0.8858,0.9488,0.8558,,False,
7589,253.025,100,Ben,0.8689,,1.0,0.0053,0.0,0.0893,0.8786,0.9591,0.8516,,False,
7590,253.058,100,Ben,0.8693,,1.0,0.0,0.0,0.0825,0.8734,0.9681,0.8444,,False,
7591,253.091,100,Ben,0.8639,,1.0,0.016,0.0,0.0813,0.8653,0.9572,0.8341,,False,
7592,253.125,100,Ben,0.8547,,1.0,0.0317,0.0208,0.0836,0.8531,0.9361,0.8076,,False,
7593,253.158,100,Ben,0.8461,,1.0,0.0,0.0069,0.0769,0.8429,0.9148,0.7735,,False,
7594,253.191,100,Ben,0.8480,,1.0,0.0,0.0069,0.051,0.8438,0.9211,0.7404,,False,
7595,253.225,100,Ben,0.8442,,1.0,0.0,0.0069,0.046,0.8393,0.9117,0.7271,,False,
7596,253.258,100,Ben,0.8395,,1.0,0.0,0.0139,0.0451,0.8395,0.8919,0.6901,,False,
7597,253.291,100,Ben,0.8340,,1.0,0.0,0.0278,0.053,0.8355,0.8749,0.6673,,False,
7598,253.325,100,Ben,0.8277,,1.0,0.0,0.0,0.0408,0.8289,0.8577,0.6588,,False,
7618,253.992,106,Ben,0.6229,,0.0,0.0545,0.0104,0.1217,0.858,0.7444,0.8289,,False,
7623,254.158,106,Ben,0.4779,,0.0,0.0,0.0174,0.1563,0.8388,0.7382,0.8079,,False,
7624,254.192,106,Ben,0.6693,,0.0,0.0,0.0208,0.1429,0.8463,0.7564,0.8149,,False,
7625,254.225,106,Ben,0.6712,,0.0,0.0,0.0799,0.151,0.8496,0.7597,0.8138,,False,
7626,254.258,106,Ben,0.6753,,0.0,0.0,0.0174,0.1556,0.8538,0.7708,0.8151,,False,
7627,254.292,106,Ben,0.6819,,0.0,0.0,0.0451,0.1716,0.8648,0.7826,0.8246,,False,
7628,254.325,106,Ben,0.6782,red_gloves,0.0,0.0969,0.0729,0.1756,0.8544,0.7819,0.8195,,False,
7629,254.358,106,Ben,0.6751,,0.0,0.0111,0.1076,0.1648,0.8484,0.7778,0.8139,,False,
7630,254.392,106,Ben,0.6809,,0.0,0.0168,0.0764,0.1778,0.8649,0.7785,0.8057,,False,
7631,254.425,106,Ben,0.6815,,0.0,0.0202,0.0938,0.1754,0.8663,0.7791,0.8061,,False,
7632,254.458,106,Ben,0.6796,,0.0,0.0,0.0799,0.1746,0.8607,0.779,0.8072,,False,
7633,254.492,106,Ben,0.6752,,0.0,0.0,0.0764,0.1746,0.8434,0.785,0.8018,,False,
7634,254.525,106,Ben,0.6740,,0.0,0.0,0.0243,0.17,0.842,0.7821,0.7964,,False,
7635,254.558,106,Ben,0.6693,,0.0,0.0,0.0243,0.1724,0.8256,0.7859,0.8074,,False,
7636,254.592,106,Ben,0.6723,,0.0,0.0,0.0139,0.177,0.8336,0.7869,0.7989,,False,
7637,254.625,106,Ben,0.6768,,0.0,0.0,0.0,0.1625,0.8502,0.7822,0.8059,,False,
7659,255.359,106,Ben,0.3911,not_competition_fighter,0.0,0.0,0.0,0.0,0.0,0.7963,0.0,,False,
7660,255.392,106,Ben,0.3873,not_competition_fighter,0.0,0.0,0.0,0.0,0.0,0.7803,0.0,,False,
7663,255.492,100,Ben,0.8451,,1.0,0.0,0.066,0.0637,0.8748,0.9539,0.8502,,False,
7664,255.525,100,Ben,0.8674,,1.0,0.0,0.1076,0.0657,0.8813,0.9491,0.852,,False,
7665,255.559,100,Ben,0.8698,,1.0,0.0,0.1076,0.0612,0.8851,0.9535,0.8519,,False,
7666,255.592,100,Ben,0.8711,,1.0,0.0,0.0938,0.0597,0.8914,0.9499,0.835,,False,
7667,255.625,100,Ben,0.8673,,1.0,0.0,0.0382,0.046,0.8891,0.9375,0.8357,,False,
7668,255.659,100,Ben,0.8678,,1.0,0.0,0.0208,0.0586,0.8831,0.948,0.842,,False,
7669,255.692,100,Ben,0.8691,,1.0,0.0,0.0243,0.0485,0.8872,0.9479,0.8189,,False,
7670,255.726,100,Ben,0.8722,,1.0,0.0,0.0069,0.0354,0.8905,0.9561,0.819,,False,
7672,255.792,100,Ben,0.8522,,1.0,0.0,0.0035,0.0129,0.8968,0.9519,0.815,,False,
7673,255.826,100,Ben,0.8758,,1.0,0.0,0.0069,0.0184,0.9021,0.9546,0.8177,,False,
7674,255.859,100,Ben,0.8796,,1.0,0.0,0.0069,0.0407,0.9103,0.9587,0.8137,,False,
7675,255.892,100,Ben,0.8810,,1.0,0.0,0.0069,0.0265,0.9072,0.9689,0.817,,False,
7676,255.926,100,Ben,0.8803,,1.0,0.0,0.0174,0.0205,0.9046,0.9698,0.8288,,False,
7677,255.959,100,Ben,0.8807,,1.0,0.0,0.0174,0.0242,0.9067,0.9685,0.8312,,False,
7678,255.992,100,Ben,0.8813,,1.0,0.0,0.0174,0.0242,0.9111,0.9646,0.832,,False,
7679,256.026,100,Ben,0.8849,,1.0,0.0,0.0347,0.0269,0.9157,0.9732,0.8368,,False,
7680,256.059,100,Ben,0.8861,,1.0,0.0,0.0521,0.0267,0.9189,0.9737,0.8424,,False,
7681,256.092,100,Ben,0.8890,,1.0,0.0,0.0486,0.03,0.9302,0.9696,0.8423,,False,
7682,256.126,100,Ben,0.8896,,1.0,0.0035,0.0208,0.0333,0.9264,0.9774,0.848,,False,
7683,256.159,100,Ben,0.8887,,1.0,0.0,0.0521,0.0389,0.9244,0.9766,0.8381,,False,
7684,256.192,100,Ben,0.8903,,1.0,0.0,0.0278,0.0502,0.9267,0.9801,0.84,,False,
7685,256.226,100,Ben,0.8858,,1.0,0.0,0.0799,0.0454,0.9153,0.9773,0.8357,,False,
7686,256.259,100,Ben,0.8814,,1.0,0.0,0.0486,0.049,0.9121,0.9635,0.8174,,False,
7687,256.292,100,Ben,0.8783,,1.0,0.0,0.059,0.04,0.9084,0.956,0.8084,,False,
7688,256.326,100,Ben,0.8800,,1.0,0.0,0.0694,0.0486,0.9084,0.9633,0.8014,,False,
7689,256.359,100,Ben,0.8806,,1.0,0.0,0.0833,0.0678,0.9047,0.971,0.8028,,False,
7690,256.392,100,Ben,0.8782,,1.0,0.0032,0.0764,0.075,0.9028,0.9637,0.7955,,False,
7691,256.426,100,Ben,0.8787,,1.0,0.0,0.1076,0.0896,0.9047,0.9631,0.8043,,False,
7692,256.459,100,Ben,0.8762,,1.0,0.0,0.1007,0.1016,0.8991,0.9604,0.7948,,False,
7693,256.492,100,Ben,0.8755,,1.0,0.0,0.0972,0.1107,0.8971,0.9602,0.7924,,False,
7694,256.526,100,Ben,0.8762,,1.0,0.0,0.0764,0.1216,0.8975,0.9626,0.7963,,False,
7695,256.559,100,Ben,0.8722,,1.0,0.0,0.0347,0.1287,0.8863,0.9617,0.7986,,False,
7696,256.592,100,Ben,0.8697,,1.0,0.0,0.0035,0.1234,0.8788,0.9621,0.7955,,False,
7697,256.626,100,Ben,0.8697,,1.0,0.0,0.0,0.1205,0.8776,0.9639,0.7933,,False,
7698,256.659,100,Ben,0.8689,,1.0,0.0,0.0,0.1193,0.8768,0.9616,0.796,,False,
7699,256.693,100,Ben,0.8718,,1.0,0.0,0.0,0.124,0.883,0.9648,0.8056,,False,
7700,256.726,100,Ben,0.8714,,1.0,0.0,0.0139,0.1262,0.8829,0.9636,0.8005,,False,
7701,256.759,100,Ben,0.8719,,1.0,0.0,0.0069,0.1305,0.8835,0.9647,0.8066,,False,
7702,256.793,100,Ben,0.8724,,1.0,0.0,0.0035,0.1259,0.885,0.9645,0.8059,,False,
7703,256.826,100,Ben,0.8721,,1.0,0.0,0.0,0.1318,0.8861,0.9616,0.8181,,False,
7704,256.859,100,Ben,0.8721,,1.0,0.0,0.0,0.1249,0.8853,0.9629,0.8138,,False,
7705,256.893,100,Ben,0.8713,,1.0,0.0,0.0174,0.1233,0.8837,0.9617,0.8263,,False,
7706,256.926,100,Ben,0.8734,,1.0,0.0,0.0139,0.1254,0.8899,0.9617,0.8271,,False,
7707,256.959,100,Ben,0.8710,,1.0,0.0,0.0,0.1149,0.8831,0.9613,0.8276,,False,
7708,256.993,100,Ben,0.8698,,1.0,0.0,0.0,0.0952,0.8837,0.9555,0.8206,,False,
7709,257.026,100,Ben,0.8734,,1.0,0.0,0.0,0.0839,0.886,0.9675,0.8229,,False,
7710,257.059,100,Ben,0.8785,,1.0,0.0,0.0,0.1069,0.9075,0.958,0.8286,,False,
7711,257.093,100,Ben,0.8875,,1.0,0.0,0.0139,0.0805,0.931,0.9624,0.8338,,False,
7712,257.126,100,Ben,0.8888,,1.0,0.0,0.0243,0.0776,0.937,0.9594,0.8249,,False,
7713,257.159,100,Ben,0.8798,,1.0,0.0,0.0139,0.0372,0.9063,0.9653,0.8228,,False,
7714,257.193,100,Ben,0.8791,,1.0,0.0,0.0347,0.0387,0.9052,0.964,0.822,,False,
7715,257.226,100,Ben,0.8799,,1.0,0.0,0.0521,0.0328,0.9072,0.9645,0.8203,,False,
7716,257.259,100,Ben,0.8836,,1.0,0.0035,0.0347,0.028,0.9146,0.9695,0.832,,False,
7717,257.293,100,Ben,0.8879,,1.0,0.0486,0.0417,0.0341,0.9273,0.9692,0.8315,,False,
7718,257.326,100,Ben,0.8939,,1.0,0.0586,0.0278,0.0486,0.9488,0.9637,0.8341,,False,
7719,257.359,100,Ben,0.8933,,1.0,0.067,0.0174,0.0539,0.9508,0.9584,0.8219,,False,
7720,257.393,100,Ben,0.8942,,1.0,0.0681,0.0069,0.056,0.9521,0.9605,0.8257,,False,
7721,257.426,100,Ben,0.8923,,1.0,0.0412,0.0,0.0519,0.9454,0.9619,0.839,,False,
7722,257.459,100,Ben,0.8919,,1.0,0.0551,0.0,0.0508,0.9449,0.961,0.857,,False,
7723,257.493,100,Ben,0.8920,,1.0,0.0794,0.0,0.0574,0.9415,0.9662,0.8553,,False,
7724,257.526,100,Ben,0.8913,,1.0,0.0723,0.0035,0.0557,0.9378,0.9685,0.8578,,False,
7725,257.56,100,Ben,0.8886,,1.0,0.059,0.0069,0.0607,0.9278,0.9716,0.8632,,False,
7726,257.593,100,Ben,0.8872,,1.0,0.0556,0.0417,0.0622,0.9241,0.9707,0.876,,False,
7727,257.626,100,Ben,0.8809,,1.0,0.0399,0.0694,0.0638,0.9046,0.9723,0.8794,,False,
7728,257.66,100,Ben,0.8764,,1.0,0.0,0.0799,0.0534,0.8905,0.9734,0.8754,,False,
7729,257.693,100,Ben,0.8732,,1.0,0.0,0.0799,0.05,0.8802,0.9747,0.8801,,False,
7730,257.726,100,Ben,0.8719,,1.0,0.0,0.0417,0.0463,0.8751,0.9764,0.8791,,False,
7731,257.76,100,Ben,0.8736,,1.0,0.0,0.0451,0.0569,0.8855,0.9689,0.8787,,False,
7732,257.793,100,Ben,0.8725,,1.0,0.0,0.0278,0.052,0.8819,0.9693,0.8793,,False,
7733,257.826,100,Ben,0.8718,,1.0,0.0069,0.0417,0.0579,0.88,0.9692,0.8708,,False,
7734,257.86,100,Ben,0.8699,,1.0,0.0,0.0347,0.0496,0.8779,0.9642,0.8739,,False,
7735,257.893,100,Ben,0.8690,,1.0,0.0312,0.0486,0.0436,0.8716,0.9696,0.8748,,False,
7736,257.926,100,Ben,0.8690,,1.0,0.0312,0.0417,0.0429,0.8755,0.964,0.8563,,False,
7738,257.993,100,Ben,0.8464,,1.0,0.0799,0.0,0.0379,0.8653,0.9689,0.8612,,False,
7739,258.026,100,Ben,0.8673,,1.0,0.0417,0.0,0.0588,0.8665,0.9696,0.8577,,False,
7740,258.06,100,Ben,0.8665,,1.0,0.0,0.0,0.0789,0.8662,0.9668,0.8522,,False,
7741,258.093,100,Ben,0.8685,,1.0,0.0,0.0,0.0841,0.8732,0.965,0.8486,,False,
7742,258.126,100,Ben,0.8695,,1.0,0.0,0.0,0.0475,0.8712,0.972,0.855,,False,
7743,258.16,100,Ben,0.8675,,1.0,0.0,0.0,0.0287,0.8742,0.9594,0.8489,,False,
7744,258.193,100,Ben,0.8669,,1.0,0.0,0.0,0.027,0.88,0.9487,0.8243,,False,
7745,258.226,100,Ben,0.8553,,1.0,0.0,0.0,0.0307,0.8802,0.9003,0.8609,,False,
7746,258.26,100,Ben,0.8607,,1.0,0.0032,0.0,0.0266,0.8811,0.9215,0.8871,,False,
7747,258.293,100,Ben,0.8631,,1.0,0.0,0.0,0.0166,0.8965,0.9096,0.8698,,False,
7748,258.326,100,Ben,0.8628,,1.0,0.0,0.0,0.1207,0.9126,0.8856,0.8205,,False,
7749,258.36,100,Ben,0.8650,,1.0,0.0,0.0,0.1672,0.9156,0.8903,0.8509,,False,
7750,258.393,100,Ben,0.8701,,1.0,0.0,0.0,0.1545,0.9178,0.9087,0.8582,,False,
7751,258.426,100,Ben,0.8693,,1.0,0.0,0.0278,0.1315,0.9144,0.9101,0.8562,,False,
7752,258.46,100,Ben,0.8745,,1.0,0.0,0.0243,0.0986,0.9169,0.928,0.8409,,False,
7753,258.493,100,Ben,0.8749,,1.0,0.0,0.0104,0.0797,0.919,0.9267,0.8394,,False,
7754,258.527,100,Ben,0.8731,,1.0,0.0,0.0,0.0457,0.9127,0.9284,0.8248,,False,
7755,258.56,100,Ben,0.8727,,1.0,0.0,0.0,0.04,0.9087,0.9321,0.8232,,False,
7756,258.593,100,Ben,0.8752,,1.0,0.0,0.0,0.0392,0.9084,0.9431,0.8247,,False,
7757,258.627,100,Ben,0.8719,,1.0,0.0,0.0,0.0211,0.9047,0.9347,0.8228,,False,
7758,258.66,100,Ben,0.8725,,1.0,0.0,0.0069,0.0141,0.9046,0.9372,0.8183,,False,
7759,258.693,100,Ben,0.8686,,1.0,0.0,0.0,0.0101,0.9008,0.9265,0.8131,,False,
7760,258.727,100,Ben,0.8704,,1.0,0.0,0.0035,0.0126,0.9021,0.9322,0.8296,,False,
7761,258.76,100,Ben,0.8665,,1.0,0.0,0.0069,0.015,0.9012,0.9171,0.8268,,False,
7762,258.793,100,Ben,0.8597,,1.0,0.0,0.0035,0.0186,0.9001,0.8902,0.8205,,False,
7763,258.827,100,Ben,0.8554,,1.0,0.0,0.0035,0.0214,0.8879,0.8897,0.7995,,False,
7764,258.86,100,Ben,0.8515,,1.0,0.0,0.0035,0.0165,0.8846,0.8779,0.7808,,False,
7765,258.893,100,Ben,0.8500,,1.0,0.0,0.0,0.0099,0.8986,0.8521,0.7715,,False,
7766,258.927,100,Ben,0.8555,,1.0,0.0,0.0069,0.018,0.9046,0.8666,0.7636,,False,
7767,258.96,100,Ben,0.8587,,1.0,0.0,0.0035,0.0114,0.9109,0.8707,0.7819,,False,
7768,258.993,100,Ben,0.8765,,1.0,0.0,0.0,0.0064,0.9342,0.9121,0.8083,,False,
7769,259.027,100,Ben,0.8835,,1.0,0.0,0.0,0.0064,0.9459,0.9245,0.8141,,False,
7770,259.06,100,Ben,0.8805,,1.0,0.0,0.0069,0.0067,0.9494,0.9073,0.8263,,False,
7771,259.093,100,Ben,0.8795,,1.0,0.0,0.0,0.0107,0.9541,0.8962,0.8566,,False,
7772,259.127,100,Ben,0.8861,,1.0,0.0,0.0,0.0165,0.9547,0.923,0.8436,,False,
7773,259.16,100,Ben,0.8825,,1.0,0.0,0.0035,0.0212,0.9503,0.9141,0.856,,False,
7774,259.193,100,Ben,0.8838,,1.0,0.0,0.0,0.016,0.9365,0.9391,0.8239,,False,
7775,259.227,100,Ben,0.8805,,1.0,0.0,0.0,0.0145,0.9249,0.9418,0.8047,,False,
7776,259.26,100,Ben,0.8801,,1.0,0.0,0.0,0.0142,0.913,0.9571,0.8082,,False,
7777,259.293,100,Ben,0.8856,,1.0,0.0,0.0,0.0194,0.9241,0.9644,0.795,,False,
7778,259.327,100,Ben,0.8898,,1.0,0.0,0.0,0.0218,0.9406,0.9585,0.7875,,False,
7779,259.36,100,Ben,0.8874,,1.0,0.0,0.0,0.0411,0.9356,0.9554,0.7785,,False,
7783,259.494,100,Ben,0.8739,,1.0,0.0,0.0,0.0422,0.9533,0.9568,0.7707,,False,
7784,259.527,100,Ben,0.8966,,1.0,0.0,0.0,0.0248,0.9545,0.9671,0.7806,,False,
7787,259.627,100,Ben,0.8750,,1.0,0.0,0.0035,0.0406,0.9414,0.975,0.7575,,False,
7788,259.66,100,Ben,0.8941,,1.0,0.0,0.0035,0.0358,0.9396,0.9776,0.7686,,False,
7789,259.694,100,Ben,0.8934,,1.0,0.0,0.0035,0.0387,0.9389,0.9759,0.7809,,False,
7791,259.76,100,Ben,0.8760,,1.0,0.0,0.0035,0.0367,0.9478,0.972,0.7877,,False,
7792,259.794,100,Ben,0.8957,,1.0,0.0,0.0035,0.0349,0.9508,0.9685,0.785,,False,
7794,259.86,100,Ben,0.8766,,1.0,0.0,0.0,0.0198,0.952,0.9668,0.7648,,False,
7795,259.894,100,Ben,0.8963,,1.0,0.0,0.0051,0.0186,0.9548,0.9652,0.7551,,False,
7796,259.927,100,Ben,0.8977,,1.0,0.0,0.0,0.0139,0.9516,0.9755,0.7743,,False,
7797,259.96,100,Ben,0.8964,,1.0,0.0,0.0069,0.0167,0.9527,0.9686,0.7733,,False,
7798,259.994,100,Ben,0.8937,,1.0,0.0,0.0,0.0158,0.9415,0.9732,0.782,,False,
7799,260.027,100,Ben,0.8977,,1.0,0.0,0.0,0.0209,0.949,0.9793,0.7913,,False,
7800,260.06,100,Ben,0.8996,,1.0,0.0,0.0,0.0213,0.9582,0.9741,0.7846,,False,
7801,260.094,100,Ben,0.8981,,1.0,0.0,0.0,0.0213,0.9503,0.979,0.8155,,False,
7802,260.127,100,Ben,0.8994,,1.0,0.0,0.0,0.0169,0.9535,0.9799,0.813,,False,
7803,260.16,100,Ben,0.9016,,1.0,0.0,0.0,0.0233,0.9604,0.9796,0.8029,,False,
7804,260.194,100,Ben,0.8994,,1.0,0.0,0.0,0.0241,0.953,0.9806,0.8002,,False,
7805,260.227,100,Ben,0.8983,,1.0,0.0,0.0,0.0193,0.9542,0.9744,0.7837,,False,
7806,260.26,100,Ben,0.8983,,1.0,0.0,0.0,0.0242,0.9537,0.9752,0.781,,False,
7807,260.294,100,Ben,0.8995,,1.0,0.0,0.0026,0.0279,0.9555,0.9775,0.7849,,False,
7808,260.327,100,Ben,0.9022,,1.0,0.0,0.0,0.0248,0.959,0.9838,0.7872,,False,
7809,260.361,100,Ben,0.9000,,1.0,0.0,0.0,0.0229,0.9555,0.9797,0.7821,,False,
7810,260.394,100,Ben,0.9021,,1.0,0.0,0.0,0.0236,0.9605,0.9813,0.7698,,False,
7811,260.427,100,Ben,0.9013,,1.0,0.0,0.0,0.0226,0.959,0.9802,0.7619,,False,
7812,260.461,100,Ben,0.9015,,1.0,0.0,0.0,0.0247,0.9592,0.9807,0.7754,,False,
7813,260.494,100,Ben,0.9012,,1.0,0.0,0.0,0.0247,0.9586,0.9804,0.7702,,False,
7815,260.561,100,Ben,0.8798,,1.0,0.0,0.0,0.046,0.9542,0.9772,0.7594,,False,
7818,260.661,100,Ben,0.8805,,1.0,0.0,0.0,0.0502,0.9547,0.9804,0.7637,,False,
7819,260.694,100,Ben,0.9001,,1.0,0.0,0.0,0.0494,0.9527,0.9842,0.7777,,False,
7820,260.727,100,Ben,0.8989,,1.0,0.0,0.0,0.0435,0.9543,0.9767,0.7482,,False,
7821,260.761,100,Ben,0.8997,,1.0,0.0,0.0,0.0367,0.9534,0.9816,0.7602,,False,
7822,260.794,100,Ben,0.9002,,1.0,0.0,0.0,0.0362,0.9526,0.9845,0.7633,,False,
7823,260.827,100,Ben,0.9016,,1.0,0.0,0.0,0.0359,0.9559,0.9858,0.7663,,False,
7824,260.861,100,Ben,0.9007,,1.0,0.0,0.0,0.0416,0.9543,0.9842,0.7653,,False,
7825,260.894,100,Ben,0.9016,,1.0,0.0,0.0,0.0477,0.9519,0.9916,0.7811,,False,
7826,260.927,100,Ben,0.9003,,1.0,0.0,0.0035,0.0549,0.9486,0.9908,0.7729,,False,
7827,260.961,100,Ben,0.9010,,1.0,0.0,0.0,0.0616,0.9503,0.9911,0.7758,,False,
7828,260.994,100,Ben,0.9040,,1.0,0.0,0.0,0.056,0.9583,0.9922,0.7687,,False,
7830,261.061,100,Ben,0.8870,,1.0,0.0,0.0,0.0357,0.9614,0.9932,0.7889,,False,
7831,261.094,100,Ben,0.9080,,1.0,0.0,0.0069,0.0312,0.9709,0.9911,0.7829,,False,
7832,261.127,100,Ben,0.9060,,1.0,0.0,0.0069,0.0279,0.9663,0.9892,0.7746,,False,
7833,261.161,100,Ben,0.9061,,1.0,0.0,0.0035,0.0357,0.9678,0.9879,0.7783,,False,
7834,261.194,100,Ben,0.9031,,1.0,0.0,0.0051,0.0613,0.9627,0.9825,0.7622,,False,
7835,261.227,100,Ben,0.9020,,1.0,0.0,0.0069,0.0545,0.962,0.979,0.7593,,False,
7836,261.261,100,Ben,0.8997,,1.0,0.0,0.0,0.0541,0.9573,0.976,0.7645,,False,
7837,261.294,100,Ben,0.9000,,1.0,0.0,0.0,0.0764,0.9596,0.9738,0.7715,,False,
7838,261.328,100,Ben,0.8969,,1.0,0.0,0.0051,0.0729,0.9532,0.9701,0.7676,,False,
7839,261.361,100,Ben,0.8970,,1.0,0.0,0.0,0.0611,0.9478,0.978,0.7585,,False,
7842,261.461,100,Ben,0.8762,,1.0,0.0,0.0,0.0425,0.9504,0.9737,0.7227,,False,
7843,261.494,100,Ben,0.8924,,1.0,0.0,0.0,0.045,0.9414,0.968,0.7104,,False,
7844,261.528,100,Ben,0.8924,,1.0,0.0,0.0,0.0387,0.9428,0.9662,0.7051,,False,
7845,261.561,100,Ben,0.8936,,1.0,0.0,0.0,0.0391,0.9481,0.9635,0.7069,,False,
7846,261.594,100,Ben,0.8938,,1.0,0.0,0.0,0.0361,0.9496,0.9621,0.6959,,False,
7848,261.661,100,Ben,0.8724,,1.0,0.0,0.0,0.063,0.9416,0.9687,0.7089,,False,
7849,261.694,100,Ben,0.8906,,1.0,0.0,0.0035,0.0707,0.9346,0.97,0.712,,False,
7850,261.728,100,Ben,0.8943,,1.0,0.0,0.0035,0.0826,0.9481,0.9666,0.7244,,False,
7851,261.761,100,Ben,0.8931,,1.0,0.0,0.0,0.0724,0.9456,0.9651,0.7338,,False,
7852,261.794,100,Ben,0.8926,,1.0,0.0069,0.0069,0.0579,0.9442,0.9647,0.7761,,False,
7853,261.828,100,Ben,0.8876,,1.0,0.0095,0.0,0.0547,0.9365,0.9549,0.7505,,False,
7854,261.861,100,Ben,0.8867,,1.0,0.0456,0.0,0.0631,0.9326,0.9567,0.7505,,False,
7855,261.894,100,Ben,0.8839,,1.0,0.0423,0.0,0.0547,0.9227,0.9592,0.7615,,False,
7856,261.928,100,Ben,0.8809,,1.0,0.0619,0.0,0.0492,0.9167,0.9552,0.7913,,False,
7857,261.961,100,Ben,0.8770,,1.0,0.0656,0.0,0.0536,0.9095,0.9491,0.796,,False,
7858,261.994,100,Ben,0.8767,,1.0,0.051,0.0,0.0576,0.9071,0.9511,0.7689,,False,
7859,262.028,100,Ben,0.8781,,1.0,0.0469,0.0,0.076,0.9086,0.9551,0.7398,,False,
7860,262.061,100,Ben,0.8764,,1.0,0.0233,0.0,0.0985,0.9047,0.9535,0.7593,,False,
7861,262.094,100,Ben,0.8773,,1.0,0.0033,0.0,0.1006,0.9076,0.9529,0.7683,,False,
7862,262.128,100,Ben,0.8798,,1.0,0.0192,0.0,0.1065,0.9178,0.9489,0.7787,,False,
7863,262.161,100,Ben,0.8832,,1.0,0.0,0.0,0.0874,0.9265,0.9509,0.7916,,False,
7864,262.195,100,Ben,0.8863,,1.0,0.0,0.0,0.0744,0.9313,0.9571,0.7888,,False,
7865,262.228,100,Ben,0.8896,,1.0,0.0,0.0035,0.0823,0.9401,0.9581,0.7881,,False,
7866,262.261,100,Ben,0.8932,,1.0,0.0,0.0,0.0847,0.9417,0.9711,0.7568,,False,
7867,262.295,100,Ben,0.8929,,1.0,0.0,0.0035,0.0795,0.9368,0.9766,0.7697,,False,
7868,262.328,100,Ben,0.8936,,1.0,0.0,0.0,0.0674,0.9439,0.9696,0.7754,,False,
7869,262.361,100,Ben,0.8896,,1.0,0.0,0.0,0.0748,0.9391,0.9595,0.7677,,False,
7872,262.461,100,Ben,0.8663,,1.0,0.0,0.0,0.0761,0.9361,0.9575,0.7585,,False,
7873,262.495,100,Ben,0.8871,,1.0,0.0,0.0,0.0822,0.9336,0.9569,0.7539,,False,
7874,262.528,100,Ben,0.8903,,1.0,0.0,0.0,0.0889,0.9392,0.9623,0.7561,,False,
7875,262.561,100,Ben,0.8936,,1.0,0.0,0.0,0.0954,0.9439,0.9694,0.749,,False,
7876,262.595,100,Ben,0.8930,,1.0,0.0,0.0,0.0901,0.9404,0.9718,0.7536,,False,
7877,262.628,100,Ben,0.8792,,1.0,0.0,0.0,0.0913,0.9003,0.9713,0.768,,False,
7878,262.661,100,Ben,0.8752,,1.0,0.0,0.0,0.0902,0.8928,0.9653,0.7615,,False,
7879,262.695,100,Ben,0.8764,,1.0,0.0,0.0,0.0872,0.8946,0.9677,0.7534,,False,
7880,262.728,100,Ben,0.8781,,1.0,0.0,0.0,0.0814,0.8945,0.9748,0.7662,,False,
7881,262.761,100,Ben,0.8772,,1.0,0.0,0.0,0.0683,0.8929,0.9733,0.7409,,False,
7882,262.795,100,Ben,0.8879,,1.0,0.0,0.0,0.0581,0.9271,0.9694,0.7324,,False,
7883,262.828,100,Ben,0.8873,,1.0,0.0033,0.0,0.0536,0.9271,0.9671,0.7272,,False,
7884,262.861,100,Ben,0.8868,,1.0,0.0,0.0,0.0573,0.9242,0.9691,0.7263,,False,
7885,262.895,100,Ben,0.8841,,1.0,0.0,0.0,0.0643,0.9176,0.967,0.734,,False,
7886,262.928,100,Ben,0.8835,,1.0,0.0,0.0,0.0753,0.9166,0.9659,0.7668,,False,
7887,262.961,100,Ben,0.8815,,1.0,0.0,0.0069,0.0935,0.9136,0.9619,0.7478,,False,
7888,262.995,100,Ben,0.8712,,1.0,0.0,0.0,0.0955,0.884,0.961,0.7727,,False,
7889,263.028,100,Ben,0.8663,,1.0,0.0,0.0,0.1081,0.874,0.9548,0.7653,,False,
7890,263.061,100,Ben,0.8684,,1.0,0.0,0.0,0.0964,0.8787,0.9569,0.7857,,False,
7891,263.095,100,Ben,0.8764,,1.0,0.0,0.0174,0.0947,0.8965,0.9648,0.7645,,False,
7892,263.128,100,Ben,0.8922,,1.0,0.0,0.0035,0.0835,0.9436,0.9642,0.7767,,False,
7893,263.162,100,Ben,0.8935,,1.0,0.0,0.0,0.0883,0.9436,0.9693,0.76,,False,
7894,263.195,100,Ben,0.8955,face_mismatch,1.0,0.0,0.0,0.1109,0.9429,0.9509,0.7311,,False,
7897,263.295,100,Ben,0.8702,,1.0,0.0,0.0,0.0789,0.9544,0.9447,0.7232,,False,
7898,263.328,100,Ben,0.8890,,1.0,0.0,0.0,0.0873,0.9449,0.949,0.7332,,False,
7899,263.362,100,Ben,0.8874,,1.0,0.0,0.0,0.0914,0.9396,0.9497,0.7554,,False,
7900,263.395,100,Ben,0.8863,,1.0,0.0,0.0,0.0746,0.9317,0.9564,0.7704,,False,
7901,263.428,100,Ben,0.8901,,1.0,0.0,0.0,0.0926,0.9432,0.9559,0.7659,,False,
7902,263.462,100,Ben,0.8897,,1.0,0.0,0.0,0.0911,0.9421,0.9557,0.7724,,False,
7903,263.495,100,Ben,0.8811,,1.0,0.0,0.0,0.0782,0.916,0.9571,0.7859,,False,
7904,263.528,100,Ben,0.8868,,1.0,0.0,0.0,0.0783,0.9308,0.9595,0.7802,,False,
7905,263.562,100,Ben,0.8804,,1.0,0.0,0.0,0.0649,0.9114,0.9606,0.7684,,False,
7906,263.595,100,Ben,0.8804,,1.0,0.0,0.0,0.07,0.9149,0.9557,0.7634,,False,
7907,263.628,100,Ben,0.8804,,1.0,0.0,0.0,0.0862,0.9149,0.9555,0.7621,,False,
7910,263.728,100,Ben,0.8663,,1.0,0.0,0.0,0.0815,0.9368,0.9554,0.7593,,False,
7911,263.762,100,Ben,0.8873,,1.0,0.0,0.0,0.093,0.9402,0.9483,0.7537,,False,
7912,263.795,100,Ben,0.8876,,1.0,0.0,0.0026,0.0947,0.9402,0.9497,0.7451,,False,
7913,263.828,100,Ben,0.8880,,1.0,0.0,0.0026,0.0895,0.9405,0.9509,0.7623,,False,
7914,263.862,100,Ben,0.8900,,1.0,0.0051,0.0,0.0847,0.943,0.9557,0.7888,,False,
7915,263.895,100,Ben,0.8882,,1.0,0.0,0.0,0.0796,0.9407,0.9514,0.8051,,False,
7916,263.928,100,Ben,0.8861,,1.0,0.0,0.0035,0.0901,0.9383,0.9463,0.8071,,False,
7917,263.962,100,Ben,0.8814,,1.0,0.0,0.0,0.0826,0.9402,0.9237,0.8271,,False,
7918,263.995,100,Ben,0.8719,,1.0,0.0,0.0,0.0797,0.9303,0.8984,0.8245,,False,
7922,264.129,100,Ben,0.8257,,1.0,0.0,0.0,0.0606,0.8734,0.8944,0.7305,,False,
7923,264.162,100,Ben,0.8541,,1.0,0.0,0.0,0.0437,0.8783,0.898,0.761,,False,
7924,264.195,100,Ben,0.8343,,1.0,0.0248,0.0,0.0242,0.8397,0.8701,0.7427,,False,
7925,264.229,100,Ben,0.8223,,1.0,0.0212,0.0,0.0343,0.8348,0.8268,0.7458,,False,
7926,264.262,100,Ben,0.8003,,1.0,0.0008,0.0,0.0679,0.8197,0.7565,0.709,,False,
7927,264.295,100,Ben,0.7728,,1.0,0.0,0.0165,0.1338,0.7769,0.7026,0.7235,,False,
7928,264.329,100,Ben,0.7753,,1.0,0.0,0.0,0.1095,0.786,0.7004,0.6764,kick,False,
7929,264.362,100,Ben,0.8027,,1.0,0.0108,0.0413,0.1631,0.8152,0.7732,0.8249,,False,
7939,264.695,100,Ben,0.7684,,1.0,0.0791,0.0332,0.0865,0.8139,0.7835,0.857,,False,
7940,264.729,100,Ben,0.8066,,1.0,0.0238,0.0234,0.136,0.8379,0.7571,0.8096,,False,
7941,264.762,100,Ben,0.7966,,1.0,0.0257,0.0128,0.0922,0.8409,0.7114,0.7852,,False,
7943,264.829,100,Ben,0.7677,,1.0,0.0187,0.0174,0.0542,0.859,0.7166,0.7506,,False,
7944,264.862,100,Ben,0.8089,,1.0,0.0383,0.1354,0.0577,0.8336,0.7728,0.8926,,False,
7950,265.062,115,Ben,0.6014,,0.0,0.0139,0.0,0.0591,0.878,0.7526,0.8827,,False,
7951,265.096,115,Ben,0.6790,,0.0,0.0253,0.0,0.0643,0.8775,0.7527,0.8887,,False,
7952,265.129,115,Ben,0.6794,,0.0,0.0,0.0,0.0635,0.8792,0.7521,0.8913,,False,
7953,265.162,115,Ben,0.6787,,0.0,0.0205,0.0,0.0638,0.8807,0.747,0.886,,False,
7954,265.196,115,Ben,0.6802,,0.0,0.0236,0.0,0.0652,0.8756,0.7605,0.8792,,False,
7955,265.229,115,Ben,0.6800,,0.0,0.0239,0.0,0.0638,0.8791,0.7544,0.8756,,False,
7956,265.262,115,Ben,0.6799,,0.0,0.0249,0.0,0.0677,0.8772,0.7567,0.8821,,False,
7957,265.296,115,Ben,0.6783,,0.0,0.0167,0.0,0.061,0.8795,0.747,0.8917,,False,
7961,265.429,111,Ben,0.7472,,1.0,0.0596,0.0,0.1726,0.8806,0.6934,0.5804,,False,
7962,265.462,111,Ben,0.7680,blue_torso,1.0,0.0,0.0663,0.2814,0.8064,0.6409,0.4955,,False,
7963,265.496,111,Ben,0.7532,blue_torso;blue_gloves,1.0,0.0,0.2041,0.2469,0.83,0.5459,0.5081,,False,
7971,265.762,115,Ben,0.6001,,0.0,0.0118,0.0,0.0674,0.8865,0.7445,0.8945,,False,
7972,265.796,115,Ben,0.6759,,0.0,0.0165,0.0,0.0698,0.8854,0.7287,0.8794,,False,
7973,265.829,115,Ben,0.6759,,0.0,0.0357,0.0,0.0761,0.8826,0.7325,0.891,,False,
7974,265.863,115,Ben,0.6728,,0.0,0.0296,0.0,0.0821,0.8814,0.7212,0.8869,,False,
7975,265.896,115,Ben,0.6715,,0.0,0.0255,0.0,0.0845,0.8824,0.7146,0.8836,,False,
7976,265.929,115,Ben,0.6713,,0.0,0.0224,0.0,0.0845,0.8821,0.7142,0.8835,,False,
7977,265.963,115,Ben,0.6734,,0.0,0.0295,0.0,0.0829,0.8816,0.7234,0.8874,,False,
7978,265.996,115,Ben,0.6724,,0.0,0.0315,0.0,0.0878,0.882,0.7189,0.8814,,False,
7979,266.029,115,Ben,0.6761,,0.0,0.0268,0.0,0.0813,0.8822,0.7341,0.8912,,False,
7980,266.063,115,Ben,0.6726,,0.0,0.0195,0.0,0.0773,0.8822,0.7192,0.8825,,False,
7981,266.096,115,Ben,0.6728,,0.0,0.0182,0.0,0.0749,0.8824,0.7201,0.8819,,False,
7982,266.129,115,Ben,0.6732,,0.0,0.0178,0.0,0.0753,0.8822,0.7217,0.8824,,False,
7983,266.163,115,Ben,0.6734,,0.0,0.0182,0.0,0.0821,0.8829,0.7219,0.882,,False,
7984,266.196,115,Ben,0.6709,,0.0,0.0182,0.0,0.0749,0.8833,0.7106,0.8818,,False,
7985,266.229,115,Ben,0.8113,,1.0,0.0213,0.0,0.0719,0.8829,0.7129,0.8806,,False,
7986,266.263,115,Ben,0.8123,,1.0,0.051,0.0,0.0757,0.8848,0.7146,0.8817,,False,
7987,266.296,115,Ben,0.8132,,1.0,0.0443,0.0,0.0711,0.8842,0.7189,0.8874,,False,
7988,266.329,115,Ben,0.8128,,1.0,0.0464,0.0,0.0736,0.8841,0.7174,0.8873,,False,
7989,266.363,115,Ben,0.8123,,1.0,0.0552,0.0,0.0711,0.8843,0.7152,0.8865,,False,
7990,266.396,115,Ben,0.8124,,1.0,0.0436,0.0,0.0702,0.8845,0.7153,0.88,,False,
7991,266.429,115,Ben,0.8118,,1.0,0.0373,0.0,0.0719,0.8846,0.7127,0.8777,,False,
7992,266.463,115,Ben,0.8120,,1.0,0.0345,0.0,0.0661,0.8853,0.7125,0.8777,,False,
7993,266.496,115,Ben,0.8121,,1.0,0.0601,0.0,0.0677,0.886,0.7119,0.8736,,False,
7994,266.529,115,Ben,0.8120,,1.0,0.0482,0.0,0.0753,0.8864,0.711,0.8733,,False,
7995,266.563,115,Ben,0.6716,,0.0,0.0294,0.0,0.0711,0.8869,0.7085,0.8741,,False,
7996,266.596,115,Ben,0.6729,,0.0,0.0399,0.0,0.0761,0.8876,0.7128,0.8774,,False,
7997,266.629,115,Ben,0.6724,,0.0,0.0273,0.0,0.0647,0.8871,0.7118,0.8786,,False,
7998,266.663,115,Ben,0.6738,,0.0,0.0151,0.0,0.0596,0.8875,0.717,0.8834,,False,
7999,266.696,115,Ben,0.6744,,0.0,0.0154,0.0,0.0655,0.8874,0.7197,0.8875,,False,
8000,266.729,115,Ben,0.6736,,0.0,0.0161,0.0,0.0647,0.8877,0.7156,0.8837,,False,
8001,266.763,115,Ben,0.6739,,0.0,0.0217,0.0,0.0783,0.8885,0.716,0.8851,,False,
8002,266.796,115,Ben,0.6737,,0.0,0.0197,0.0,0.0749,0.8888,0.7145,0.8833,,False,
8003,266.83,115,Ben,0.6737,,0.0,0.0191,0.0,0.0783,0.8896,0.7134,0.8843,,False,
8004,266.863,115,Ben,0.6737,,0.0,0.0247,0.0,0.0791,0.8897,0.7132,0.8817,,False,
8005,266.896,115,Ben,0.6711,,0.0,0.0213,0.0,0.0687,0.888,0.705,0.8741,,False,
8006,266.93,115,Ben,0.6739,,0.0,0.0277,0.0,0.074,0.8895,0.7143,0.8776,,False,
8007,266.963,115,Ben,0.6721,,0.0,0.0192,0.0,0.0728,0.8881,0.709,0.869,,False,
8008,266.996,115,Ben,0.6690,,0.0,0.0087,0.0,0.0681,0.8866,0.6981,0.8618,,False,
8009,267.03,115,Ben,0.6702,,0.0,0.0289,0.0,0.0664,0.8879,0.7012,0.858,,False,
8010,267.063,115,Ben,0.6671,,0.0,0.0221,0.0,0.0843,0.8883,0.6878,0.8477,,False,
8011,267.096,115,Ben,0.6685,,0.0,0.0285,0.0,0.0898,0.8856,0.6976,0.8661,,False,
8012,267.13,115,Ben,0.6677,,0.0,0.0025,0.0,0.0821,0.8799,0.7024,0.8757,,False,
8013,267.163,115,Ben,0.6675,,0.0,0.0222,0.0,0.0851,0.8769,0.7057,0.8794,,False,
8014,267.196,115,Ben,0.6657,,0.0,0.0139,0.0,0.075,0.8829,0.6897,0.8595,,False,
8015,267.23,115,Ben,0.6635,,0.0,0.0075,0.0,0.0679,0.8875,0.6738,0.8683,,False,
8016,267.263,115,Ben,0.6742,,0.0,0.0,0.0,0.0698,0.8876,0.7186,0.8832,,False,
8017,267.296,115,Ben,0.6727,,0.0,0.015,0.0,0.0767,0.8854,0.7152,0.877,,False,
8018,267.33,115,Ben,0.6676,,0.0,0.0032,0.0,0.0838,0.8818,0.6993,0.8618,,False,
8019,267.363,115,Ben,0.6661,,0.0,0.0,0.0,0.0931,0.8733,0.7048,0.8596,,False,
8020,267.396,115,Ben,0.6672,,0.0,0.0062,0.0,0.0997,0.8754,0.7065,0.8438,,False,
8021,267.43,115,Ben,0.6694,,0.0,0.0,0.0,0.0951,0.8807,0.7082,0.8551,,False,
8022,267.463,115,Ben,0.6721,,0.0,0.0,0.0035,0.089,0.8806,0.7195,0.8374,,False,
8023,267.496,115,Ben,0.6757,,0.0,0.0168,0.0,0.0856,0.8805,0.7349,0.8454,,False,
8024,267.53,115,Ben,0.6742,,0.0,0.0032,0.0,0.0985,0.8779,0.7323,0.828,,False,
8025,267.563,115,Ben,0.6738,,0.0,0.0,0.0,0.081,0.8736,0.7364,0.8128,,False,
8026,267.596,115,Ben,0.8129,,1.0,0.0203,0.0,0.062,0.8765,0.7286,0.816,,False,
8027,267.63,115,Ben,0.6702,,0.0,0.0102,0.0035,0.0716,0.8684,0.7291,0.8211,,False,
8028,267.663,115,Ben,0.6784,,0.0,0.0032,0.0278,0.0882,0.8715,0.7587,0.8501,,False,
8029,267.696,115,Ben,0.3855,not_competition_fighter,0.0,0.0,0.0,0.0,0.0,0.7731,0.0,,False,
8030,267.73,115,Ben,0.3885,not_competition_fighter,0.0,0.0,0.0,0.0,0.0,0.7854,0.0,,False,
8031,267.763,115,Ben,0.3874,not_competition_fighter,0.0,0.0,0.0,0.0,0.0,0.781,0.0,,False,
8032,267.797,115,Ben,0.3878,not_competition_fighter,0.0,0.0,0.0,0.0,0.0,0.7824,0.0,,False,
8037,267.963,116,Ben,0.6278,,0.0,0.0274,0.0,0.1013,0.8879,0.7168,0.6278,,False,
8038,267.997,116,Ben,0.6766,,0.0,0.0138,0.0,0.1084,0.9009,0.7095,0.6279,,False,
8039,268.03,116,Ben,0.6747,,0.0,0.0,0.0,0.0959,0.9035,0.6978,0.6158,,False,
8040,268.063,116,Ben,0.6734,,0.0,0.0166,0.0,0.0813,0.8966,0.7023,0.6266,,False,
8041,268.097,116,Ben,0.6746,,0.0,0.0071,0.0,0.0771,0.9095,0.689,0.6161,,False,
8042,268.13,116,Ben,0.6729,,0.0,0.0165,0.0,0.063,0.8869,0.7138,0.6859,,False,
8043,268.163,116,Ben,0.6754,,0.0,0.0,0.0104,0.0646,0.8693,0.7495,0.7791,,False,
8044,268.197,116,Ben,0.6739,,0.0,0.0,0.0,0.0671,0.8581,0.7589,0.7928,,False,
8045,268.23,116,Ben,0.6699,,0.0,0.0,0.0208,0.0564,0.8468,0.7581,0.7943,,False,
8046,268.263,116,Ben,0.6726,,0.0,0.0,0.059,0.058,0.849,0.7665,0.8107,,False,
8047,268.297,116,Ben,0.6752,,0.0,0.0,0.0278,0.0565,0.861,0.7604,0.8086,,False,
8048,268.33,116,Ben,0.6775,,0.0,0.0,0.0903,0.0506,0.858,0.7742,0.834,,False,
8049,268.363,116,Ben,0.6764,,0.0,0.0,0.0347,0.0375,0.8633,0.7621,0.8233,,False,
8050,268.397,116,Ben,0.6759,,0.0,0.0,0.0382,0.0401,0.8634,0.7596,0.8191,,False,
8051,268.43,116,Ben,0.6797,,0.0,0.0,0.0451,0.037,0.8772,0.7562,0.8293,,False,
8052,268.463,116,Ben,0.6777,,0.0,0.0,0.066,0.0301,0.8776,0.7471,0.8275,,False,
8053,268.497,116,Ben,0.6743,,0.0,0.0,0.059,0.0227,0.8812,0.7277,0.8075,,False,
8054,268.53,116,Ben,0.6701,,0.0,0.0,0.0521,0.0207,0.8706,0.7252,0.8001,,False,
8059,268.697,116,Ben,0.5840,,0.0,0.0,0.0139,0.0312,0.8442,0.688,0.769,,False,
8060,268.73,116,Ben,0.6496,,0.0,0.0,0.0104,0.0163,0.8402,0.6831,0.7792,,False,
8067,268.964,111,Ben,0.7582,,1.0,0.0383,0.0,0.0313,0.857,0.7157,0.6267,,False,
8068,268.997,111,Ben,0.8006,,1.0,0.046,0.0,0.0199,0.8469,0.7194,0.6451,,False,
8069,269.03,111,Ben,0.8073,,1.0,0.0543,0.0,0.0108,0.8361,0.7628,0.7193,,False,
8070,269.064,111,Ben,0.8036,,1.0,0.05,0.0,0.0169,0.8388,0.7433,0.6842,,False,
8073,269.164,111,Ben,0.7767,,1.0,0.0716,0.0035,0.0601,0.8528,0.7293,0.6284,,False,
8074,269.197,111,Ben,0.7990,,1.0,0.062,0.0069,0.0836,0.8481,0.711,0.615,,False,
8075,269.23,111,Ben,0.7954,,1.0,0.0729,0.0,0.1259,0.8517,0.6911,0.6127,,False,
8080,269.397,111,Ben,0.7668,,1.0,0.0364,0.0,0.0905,0.8295,0.7259,0.6227,,False,
8088,269.664,116,Ben,0.8248,,1.0,0.0,0.0,0.0415,0.8983,0.9671,0.7423,,False,
8089,269.697,116,Ben,0.8782,,1.0,0.0,0.0,0.0526,0.8992,0.9685,0.7324,,False,
8090,269.731,116,Ben,0.8772,,1.0,0.0,0.0104,0.0632,0.8969,0.9676,0.7355,,False,
8091,269.764,116,Ben,0.8789,,1.0,0.0,0.0035,0.0498,0.8971,0.9744,0.7261,,False,
8092,269.797,116,Ben,0.8763,,1.0,0.0,0.0,0.0508,0.8941,0.9681,0.7432,,False,
8093,269.831,116,Ben,0.8758,,1.0,0.0,0.0104,0.0724,0.893,0.9675,0.7594,,False,
8094,269.864,116,Ben,0.8757,,1.0,0.0,0.0104,0.0837,0.8963,0.9623,0.7434,,False,
8095,269.897,116,Ben,0.8776,,1.0,0.0,0.0069,0.0797,0.9039,0.9595,0.7268,,False,
8096,269.931,116,Ben,0.8774,,1.0,0.0,0.0243,0.093,0.9089,0.9517,0.7206,,False,
8097,269.964,116,Ben,0.8804,,1.0,0.0,0.0312,0.1034,0.9191,0.9497,0.7395,,False,
8098,269.997,116,Ben,0.8850,,1.0,0.0,0.0139,0.1401,0.9317,0.9511,0.7187,,False,
8099,270.031,116,Ben,0.8858,,1.0,0.0,0.0104,0.158,0.9321,0.9536,0.7499,,False,
8100,270.064,116,Ben,0.8877,,1.0,0.0,0.0104,0.1555,0.9375,0.9539,0.8042,,False,
8101,270.097,116,Ben,0.8849,,1.0,0.0,0.0139,0.1157,0.9326,0.9491,0.7849,,False,
8102,270.131,116,Ben,0.8839,,1.0,0.0,0.0069,0.1087,0.9228,0.9588,0.7916,,False,
8103,270.164,116,Ben,0.8825,,1.0,0.0,0.0,0.1048,0.9114,0.9691,0.7904,,False,
8104,270.197,116,Ben,0.8825,,1.0,0.0,0.0,0.1079,0.9089,0.973,0.7974,,False,
8105,270.231,116,Ben,0.8807,,1.0,0.0,0.0,0.1043,0.9049,0.9711,0.7893,,False,
8106,270.264,116,Ben,0.8824,,1.0,0.0,0.0,0.1169,0.9055,0.9774,0.7998,,False,
8107,270.297,116,Ben,0.8798,,1.0,0.0,0.0,0.1131,0.9021,0.9713,0.8063,,False,
8108,270.331,116,Ben,0.8797,,1.0,0.0,0.0,0.0944,0.8998,0.974,0.8047,,False,
8109,270.364,116,Ben,0.8780,,1.0,0.0,0.0,0.0892,0.8957,0.9727,0.8082,,False,
8110,270.397,116,Ben,0.8766,,1.0,0.0,0.0,0.0776,0.8947,0.9684,0.83,,False,
8111,270.431,116,Ben,0.8712,,1.0,0.0,0.0,0.0793,0.8956,0.9446,0.8281,,False,
8112,270.464,116,Ben,0.8651,,1.0,0.0,0.0069,0.0791,0.8976,0.9165,0.8132,,False,
8113,270.498,116,Ben,0.8637,,1.0,0.0,0.0035,0.1201,0.9043,0.9011,0.8222,,False,
8114,270.531,116,Ben,0.8727,face_mismatch,1.0,0.0,0.0,0.1338,0.9121,0.9046,0.817,,False,
8115,270.564,116,Ben,0.8700,face_mismatch,1.0,0.0,0.0104,0.1449,0.9124,0.8915,0.779,,False,
8116,270.598,116,Ben,0.8682,,1.0,0.0,0.0104,0.1613,0.911,0.9103,0.7483,,False,
8117,270.631,116,Ben,0.8817,face_mismatch,1.0,0.0,0.0,0.1665,0.9148,0.9411,0.7833,,False,
8118,270.664,116,Ben,0.8821,face_mismatch,1.0,0.0,0.0,0.1701,0.9132,0.9434,0.8043,,False,
8119,270.698,116,Ben,0.8802,face_mismatch,1.0,0.0,0.0,0.1457,0.904,0.9426,0.8211,,False,
8120,270.731,116,Ben,0.8688,,1.0,0.0,0.0,0.1233,0.8957,0.9343,0.8452,,False,
8121,270.764,116,Ben,0.8679,,1.0,0.0,0.0069,0.1303,0.8947,0.9319,0.8416,,False,
8122,270.798,116,Ben,0.8701,,1.0,0.0,0.0,0.1484,0.9005,0.9331,0.8347,,False,
8123,270.831,116,Ben,0.8711,,1.0,0.0,0.0,0.1541,0.9087,0.9255,0.832,,False,
8124,270.864,116,Ben,0.8745,face_mismatch,1.0,0.0,0.0,0.1608,0.9091,0.9188,0.8248,,False,
8125,270.898,116,Ben,0.8696,,1.0,0.0,0.0,0.1605,0.9114,0.9155,0.8206,,False,
8126,270.931,116,Ben,0.8712,,1.0,0.0,0.0,0.1637,0.917,0.9144,0.8119,,False,
8127,270.964,116,Ben,0.8701,,1.0,0.0,0.0,0.1435,0.9133,0.9148,0.8212,,False,
8129,271.031,116,Ben,0.7613,,1.0,0.0,0.0104,0.1571,0.9097,0.8846,0.7723,,False,
8140,271.398,116,Ben,0.7649,,1.0,0.0,0.0,0.0879,0.9033,0.9257,0.7529,,False,
8141,271.431,116,Ben,0.8676,,1.0,0.0,0.0,0.1012,0.9029,0.9194,0.7529,,False,
8142,271.465,116,Ben,0.8633,,1.0,0.0,0.0,0.1017,0.9046,0.8989,0.7507,,False,
8143,271.498,116,Ben,0.8638,,1.0,0.0,0.0,0.0964,0.8997,0.908,0.7633,,False,
8144,271.531,116,Ben,0.8663,,1.0,0.0,0.0,0.0796,0.9006,0.9172,0.7689,,False,
8145,271.565,116,Ben,0.8650,,1.0,0.0,0.0,0.0847,0.891,0.9252,0.7803,,False,
8146,271.598,116,Ben,0.8700,,1.0,0.0,0.0,0.1032,0.9001,0.9331,0.7787,,False,
8147,271.631,116,Ben,0.8672,,1.0,0.0,0.0,0.1225,0.894,0.9302,0.7946,,False,
8148,271.665,116,Ben,0.8663,,1.0,0.0,0.0,0.1077,0.8939,0.9267,0.7771,,False,
8150,271.731,116,Ben,0.7571,,1.0,0.0,0.0174,0.0797,0.8934,0.9382,0.7932,,False,
8152,271.798,116,Ben,0.7548,,1.0,0.0,0.0278,0.1097,0.8902,0.9326,0.8232,,False,
8154,271.865,116,Ben,0.7656,,1.0,0.0,0.0104,0.1282,0.9221,0.9347,0.8533,,False,
8156,271.931,116,Ben,0.7749,,1.0,0.0,0.0,0.1303,0.9432,0.9436,0.8772,,False,
8157,271.965,116,Ben,0.8826,,1.0,0.0,0.0,0.1386,0.9286,0.9455,0.878,,False,
8158,271.998,116,Ben,0.8789,,1.0,0.0,0.0,0.1474,0.923,0.9377,0.8772,,False,
8159,272.031,116,Ben,0.8830,,1.0,0.0,0.0,0.168,0.9284,0.9474,0.878,,False,
8160,272.065,116,Ben,0.8829,,1.0,0.0,0.0,0.1745,0.9352,0.9373,0.8753,,False,
8161,272.098,116,Ben,0.8870,,1.0,0.0,0.0,0.1785,0.9458,0.9393,0.8715,,False,
8165,272.231,116,Ben,0.7682,,1.0,0.0,0.0,0.1702,0.9383,0.9387,0.8045,,False,
8166,272.265,116,Ben,0.8824,,1.0,0.0,0.0,0.1656,0.9323,0.9393,0.7949,,False,
8167,272.298,116,Ben,0.8811,,1.0,0.0,0.0,0.1288,0.9253,0.9436,0.8086,,False,
8168,272.332,116,Ben,0.8793,,1.0,0.0,0.0,0.1301,0.9221,0.9407,0.811,,False,
8169,272.365,116,Ben,0.8786,,1.0,0.0,0.0,0.1283,0.9192,0.9421,0.8136,,False,
8170,272.398,116,Ben,0.8822,,1.0,0.0,0.0069,0.1266,0.9203,0.9556,0.8276,,False,
8171,272.432,116,Ben,0.8827,,1.0,0.0,0.0,0.1523,0.9262,0.9492,0.8318,,False,
8172,272.465,116,Ben,0.8842,,1.0,0.0,0.0,0.1588,0.9238,0.9587,0.8498,,False,
8173,272.498,116,Ben,0.8841,,1.0,0.0,0.0278,0.1572,0.9203,0.9632,0.8442,,False,
8180,272.732,116,Ben,0.7505,,1.0,0.0,0.0,0.1593,0.8995,0.9452,0.806,,False,
8186,272.932,116,Ben,0.7536,,1.0,0.0208,0.0,0.1756,0.8989,0.9561,0.8209,,False,
8187,272.965,116,Ben,0.8778,,1.0,0.0104,0.0,0.1704,0.9035,0.961,0.836,,False,
8189,273.032,116,Ben,0.7453,,1.0,0.0,0.0312,0.1211,0.8847,0.9485,0.8334,,False,
8190,273.065,116,Ben,0.8751,,1.0,0.0104,0.0521,0.1538,0.9064,0.9457,0.8358,,False,
8191,273.098,116,Ben,0.8790,,1.0,0.0278,0.0035,0.1329,0.9066,0.9615,0.8617,,False,
8192,273.132,116,Ben,0.8766,,1.0,0.0208,0.0174,0.1164,0.9048,0.954,0.8674,,False,
8193,273.165,116,Ben,0.8727,,1.0,0.0,0.066,0.1069,0.9059,0.9361,0.8637,,False,
8194,273.198,116,Ben,0.8706,,1.0,0.0,0.1042,0.0902,0.8968,0.9405,0.8495,,False,
8195,273.232,116,Ben,0.8766,,1.0,0.0,0.0938,0.07,0.9044,0.9547,0.8526,,False,
8196,273.265,116,Ben,0.8809,,1.0,0.0139,0.0868,0.0814,0.9122,0.9616,0.8607,,False,
8197,273.299,116,Ben,0.8852,,1.0,0.0104,0.059,0.082,0.9258,0.9603,0.8559,,False,
8198,273.332,116,Ben,0.8850,,1.0,0.0069,0.0486,0.0984,0.9288,0.9552,0.8408,,False,
8199,273.365,116,Ben,0.8863,,1.0,0.0035,0.0417,0.1022,0.9328,0.9549,0.8315,,False,
8200,273.399,116,Ben,0.8838,,1.0,0.0104,0.0278,0.0811,0.9284,0.9508,0.8373,,False,
8201,273.432,116,Ben,0.8837,,1.0,0.0,0.0243,0.0618,0.9284,0.9503,0.8366,,False,
8202,273.465,116,Ben,0.8804,,1.0,0.0035,0.0174,0.0543,0.9243,0.9423,0.8303,,False,
8203,273.499,116,Ben,0.8795,,1.0,0.0104,0.0243,0.0408,0.9182,0.947,0.8318,,False,
8204,273.532,116,Ben,0.8774,,1.0,0.0,0.0347,0.0385,0.9113,0.9481,0.8425,,False,
8205,273.565,116,Ben,0.8758,,1.0,0.0,0.0521,0.0363,0.9063,0.9487,0.8491,,False,
8206,273.599,116,Ben,0.8744,,1.0,0.0,0.059,0.0327,0.9005,0.9511,0.8505,,False,
8207,273.632,116,Ben,0.8779,,1.0,0.0,0.0764,0.0408,0.9003,0.9657,0.8619,,False,
8208,273.665,116,Ben,0.8734,,1.0,0.0035,0.0556,0.0357,0.8981,0.9503,0.8442,,False,
8209,273.699,116,Ben,0.8750,,1.0,0.0,0.0694,0.0454,0.9022,0.9509,0.8506,,False,
8210,273.732,116,Ben,0.8776,,1.0,0.0,0.0764,0.0496,0.9043,0.9591,0.8429,,False,
8211,273.765,116,Ben,0.8769,,1.0,0.0,0.0521,0.0617,0.9053,0.9547,0.8433,,False,
8212,273.799,116,Ben,0.8707,,1.0,0.0,0.0556,0.063,0.9043,0.9303,0.8282,,False,
8213,273.832,116,Ben,0.8708,,1.0,0.0032,0.0417,0.0552,0.9034,0.9317,0.8206,,False,
8214,273.865,116,Ben,0.8758,,1.0,0.0065,0.0521,0.0666,0.9053,0.9501,0.8284,,False,
8215,273.899,116,Ben,0.8756,,1.0,0.0,0.0417,0.0672,0.9117,0.9399,0.8267,,False,
8216,273.932,116,Ben,0.8743,,1.0,0.0032,0.0382,0.062,0.9071,0.9412,0.8204,,False,
8217,273.965,116,Ben,0.8749,,1.0,0.0032,0.0521,0.069,0.9087,0.9415,0.825,,False,
8218,273.999,116,Ben,0.8776,,1.0,0.0032,0.059,0.0696,0.9149,0.9438,0.821,,False,
8219,274.032,116,Ben,0.8793,,1.0,0.0,0.059,0.0815,0.9167,0.9484,0.8206,,False,
8220,274.065,116,Ben,0.8781,,1.0,0.0032,0.0312,0.0803,0.9157,0.945,0.8126,,False,
8221,274.099,116,Ben,0.8809,,1.0,0.0,0.0625,0.0868,0.915,0.9575,0.824,,False,
8222,274.132,116,Ben,0.8795,,1.0,0.0,0.066,0.085,0.9112,0.9569,0.8255,,False,
8223,274.165,116,Ben,0.8795,,1.0,0.0,0.0764,0.0788,0.9057,0.9647,0.8313,,False,
8224,274.199,116,Ben,0.8784,,1.0,0.0,0.0868,0.0817,0.9051,0.9611,0.8253,,False,
8225,274.232,116,Ben,0.8772,,1.0,0.0,0.0694,0.0835,0.9055,0.9554,0.8181,,False,
8226,274.266,116,Ben,0.8779,,1.0,0.0,0.0799,0.0866,0.9073,0.9557,0.8207,,False,
8227,274.299,116,Ben,0.8757,,1.0,0.0,0.0521,0.0877,0.9032,0.9524,0.8181,,False,
8228,274.332,116,Ben,0.8766,,1.0,0.0,0.0521,0.0807,0.9034,0.9561,0.8158,,False,
8229,274.366,116,Ben,0.8774,,1.0,0.0,0.0556,0.0807,0.9057,0.9561,0.8133,,False,
8230,274.399,116,Ben,0.8773,,1.0,0.0,0.0451,0.0801,0.9039,0.9581,0.8188,,False,
8231,274.432,116,Ben,0.8770,,1.0,0.0,0.0451,0.083,0.9031,0.958,0.8189,,False,
8232,274.466,116,Ben,0.8761,,1.0,0.0,0.0451,0.0841,0.9022,0.9555,0.8167,,False,
8233,274.499,116,Ben,0.8763,,1.0,0.0,0.0382,0.086,0.9009,0.9581,0.8218,,False,
8234,274.532,116,Ben,0.8771,,1.0,0.0,0.0521,0.0908,0.9034,0.9582,0.8188,,False,
8235,274.566,116,Ben,0.8782,,1.0,0.0,0.0486,0.092,0.907,0.9575,0.8223,,False,
8236,274.599,116,Ben,0.8790,,1.0,0.0,0.0694,0.0833,0.9067,0.9615,0.8324,,False,
8237,274.632,116,Ben,0.8782,,1.0,0.0,0.0729,0.0796,0.9049,0.9605,0.832,,False,
8238,274.666,116,Ben,0.8783,,1.0,0.0,0.0347,0.0784,0.9039,0.9622,0.8306,,False,
8239,274.699,116,Ben,0.8785,,1.0,0.0,0.0347,0.0778,0.9059,0.9602,0.8354,,False,
8240,274.732,116,Ben,0.8784,,1.0,0.0,0.059,0.071,0.9068,0.9589,0.8393,,False,
8241,274.766,116,Ben,0.8785,,1.0,0.0,0.0243,0.0691,0.9064,0.9596,0.8367,,False,
8242,274.799,116,Ben,0.8787,,1.0,0.0,0.0278,0.0648,0.9055,0.9618,0.8371,,False,
8243,274.832,116,Ben,0.8787,,1.0,0.0,0.0278,0.0667,0.9057,0.9614,0.8383,,False,
8244,274.866,116,Ben,0.8783,,1.0,0.0,0.0243,0.0611,0.9036,0.963,0.842,,False,
8245,274.899,116,Ben,0.8768,,1.0,0.0,0.0139,0.0564,0.8983,0.964,0.8495,,False,
8246,274.932,116,Ben,0.8773,,1.0,0.0,0.0521,0.0487,0.904,0.958,0.8528,,False,
8247,274.966,116,Ben,0.8764,,1.0,0.0,0.0417,0.054,0.9025,0.9564,0.847,,False,
8248,274.999,116,Ben,0.8770,,1.0,0.0,0.0451,0.046,0.9014,0.9607,0.8487,,False,
8249,275.032,116,Ben,0.8773,,1.0,0.0,0.0312,0.0407,0.901,0.9623,0.8486,,False,
8250,275.066,116,Ben,0.8772,,1.0,0.0,0.0208,0.0407,0.9021,0.9605,0.8468,,False,
8251,275.099,116,Ben,0.8771,,1.0,0.0,0.0243,0.0333,0.9008,0.9618,0.8474,,False,
8252,275.133,116,Ben,0.8775,,1.0,0.0,0.0208,0.0307,0.9028,0.9607,0.8506,,False,
8253,275.166,116,Ben,0.8758,,1.0,0.0,0.0208,0.03,0.9041,0.9515,0.8504,,False,
8254,275.199,116,Ben,0.8844,,1.0,0.0032,0.0903,0.0346,0.9223,0.9616,0.8489,,False,
8255,275.233,116,Ben,0.8799,,1.0,0.0035,0.0972,0.034,0.9164,0.9515,0.8481,,False,
8256,275.266,116,Ben,0.8791,,1.0,0.0069,0.0868,0.04,0.9149,0.9501,0.8464,,False,
8257,275.299,116,Ben,0.8786,,1.0,0.0035,0.0903,0.0433,0.9148,0.9484,0.8434,,False,
8258,275.333,116,Ben,0.8790,,1.0,0.0035,0.1076,0.0407,0.9107,0.9558,0.8466,,False,
8259,275.366,116,Ben,0.8781,,1.0,0.0104,0.1076,0.042,0.9104,0.9525,0.8491,,False,
8260,275.399,116,Ben,0.8781,,1.0,0.0035,0.1042,0.0307,0.9107,0.9519,0.8506,,False,
8261,275.433,116,Ben,0.8776,,1.0,0.0069,0.0868,0.0387,0.9103,0.9503,0.8576,,False,
8262,275.466,116,Ben,0.8769,,1.0,0.0069,0.0799,0.0308,0.9084,0.95,0.858,,False,
8263,275.499,116,Ben,0.8780,,1.0,0.0035,0.0729,0.0223,0.9092,0.9537,0.858,,False,
8264,275.533,116,Ben,0.8771,,1.0,0.0035,0.0556,0.0236,0.909,0.9501,0.849,,False,
8265,275.566,116,Ben,0.8777,,1.0,0.0104,0.0729,0.0308,0.9127,0.9476,0.8355,,False,
8266,275.599,116,Ben,0.8775,,1.0,0.0069,0.0556,0.0367,0.9139,0.9448,0.8292,,False,
8267,275.633,116,Ben,0.8795,,1.0,0.0,0.0556,0.0407,0.9176,0.9481,0.8308,,False,
8268,275.666,116,Ben,0.8821,,1.0,0.0,0.0417,0.0441,0.9218,0.9527,0.8328,,False,
8269,275.699,116,Ben,0.8778,,1.0,0.0,0.0521,0.0315,0.9135,0.9468,0.829,,False,
8270,275.733,116,Ben,0.8776,,1.0,0.0,0.0451,0.0387,0.9117,0.9486,0.8398,,False,
8271,275.766,116,Ben,0.8782,,1.0,0.0,0.0486,0.0407,0.9118,0.9507,0.8337,,False,
8272,275.799,116,Ben,0.8797,,1.0,0.0035,0.0556,0.0439,0.9119,0.957,0.8343,,False,
8273,275.833,116,Ben,0.8795,,1.0,0.0035,0.0486,0.0492,0.9104,0.958,0.8286,,False,
8274,275.866,116,Ben,0.8781,,1.0,0.0,0.0451,0.0551,0.9069,0.9573,0.8213,,False,
8275,275.899,116,Ben,0.8768,,1.0,0.0,0.0417,0.0505,0.9047,0.9551,0.8184,,False,
8276,275.933,116,Ben,0.8757,,1.0,0.0,0.0417,0.0511,0.9016,0.955,0.8183,,False,
8277,275.966,116,Ben,0.8751,,1.0,0.0069,0.0486,0.0466,0.8995,0.9554,0.8257,,False,
8278,275.999,116,Ben,0.8758,,1.0,0.0067,0.0486,0.0422,0.9026,0.9537,0.8294,,False,
8279,276.033,116,Ben,0.8738,,1.0,0.0069,0.0417,0.0391,0.8996,0.9498,0.8236,,False,
8280,276.066,116,Ben,0.8737,,1.0,0.0035,0.0347,0.0378,0.8944,0.9568,0.8302,,False,
8281,276.1,116,Ben,0.8710,,1.0,0.0,0.0278,0.0347,0.8858,0.9576,0.826,,False,
8282,276.133,116,Ben,0.8721,,1.0,0.0,0.0208,0.0432,0.8883,0.9585,0.8173,,False,
8283,276.166,116,Ben,0.8665,,1.0,0.0,0.0104,0.0474,0.8755,0.9536,0.8272,,False,
8284,276.2,116,Ben,0.8655,,1.0,0.0,0.0104,0.0469,0.8745,0.9507,0.813,,False,
8285,276.233,116,Ben,0.8623,,1.0,0.0,0.0104,0.0512,0.8672,0.9479,0.8184,,False,
8286,276.266,116,Ben,0.8620,,1.0,0.0,0.0104,0.0488,0.8676,0.9458,0.8117,,False,
8287,276.3,116,Ben,0.8619,,1.0,0.0,0.0,0.046,0.8694,0.9429,0.7947,,False,
8288,276.333,116,Ben,0.8644,,1.0,0.0,0.0069,0.0464,0.8762,0.9437,0.7921,,False,
8289,276.366,116,Ben,0.8677,,1.0,0.0,0.0278,0.0517,0.8841,0.9463,0.7886,,False,
8290,276.4,116,Ben,0.8699,,1.0,0.0,0.0729,0.0538,0.8885,0.9494,0.7989,,False,
8291,276.433,116,Ben,0.8738,,1.0,0.0417,0.0764,0.0573,0.8984,0.9515,0.7925,,False,
8292,276.466,116,Ben,0.8774,,1.0,0.0556,0.0208,0.0605,0.9171,0.94,0.7859,,False,
8293,276.5,116,Ben,0.8767,,1.0,0.0,0.0,0.0437,0.9254,0.9253,0.7883,,False,
8294,276.533,116,Ben,0.8757,,1.0,0.0044,0.0,0.0361,0.9252,0.9215,0.7823,,False,
8295,276.566,116,Ben,0.8787,,1.0,0.039,0.0,0.0432,0.9431,0.9084,0.7459,,False,
8296,276.6,116,Ben,0.8788,,1.0,0.024,0.0,0.0401,0.9436,0.9084,0.7421,,False,
8297,276.633,116,Ben,0.8774,,1.0,0.0036,0.0,0.0397,0.9364,0.9127,0.7464,,False,
8298,276.666,116,Ben,0.8793,,1.0,0.0,0.0,0.0482,0.9312,0.9278,0.7524,,False,
8299,276.7,116,Ben,0.8841,,1.0,0.0,0.0069,0.0441,0.9293,0.9506,0.7983,,False,
8300,276.733,116,Ben,0.8757,,1.0,0.0,0.0174,0.0584,0.9283,0.9172,0.8039,,False,
8301,276.766,116,Ben,0.8815,,1.0,0.0,0.0694,0.0812,0.9276,0.9423,0.8315,,False,
8302,276.8,116,Ben,0.8810,,1.0,0.0,0.0868,0.0982,0.9246,0.9442,0.8416,,False,
8303,276.833,116,Ben,0.8811,,1.0,0.0,0.0556,0.0924,0.9221,0.9481,0.8336,,False,
8304,276.866,116,Ben,0.8826,,1.0,0.0,0.0347,0.0862,0.9221,0.9546,0.8459,,False,
8305,276.9,116,Ben,0.8877,,1.0,0.0,0.0255,0.0933,0.9346,0.9581,0.8526,,False,
8306,276.933,116,Ben,0.8876,,1.0,0.0,0.0,0.0829,0.9363,0.9554,0.8518,,False,
8307,276.967,116,Ben,0.8896,,1.0,0.0,0.0,0.0779,0.9369,0.9629,0.8391,,False,
8308,277.0,116,Ben,0.8924,,1.0,0.0,0.0,0.0693,0.948,0.9586,0.8402,,False,
8309,277.033,116,Ben,0.8914,,1.0,0.0,0.0,0.0741,0.9422,0.9629,0.8047,,False,
8310,277.067,116,Ben,0.8928,,1.0,0.0,0.0,0.0638,0.9472,0.9614,0.8031,,False,
8311,277.1,116,Ben,0.8828,,1.0,0.002,0.0,0.0489,0.9207,0.9572,0.7885,,False,
8312,277.133,116,Ben,0.8838,,1.0,0.0587,0.0,0.0414,0.9283,0.9506,0.7741,,False,
8313,277.167,116,Ben,0.8849,,1.0,0.0729,0.0,0.0482,0.9305,0.9522,0.7546,,False,
8314,277.2,116,Ben,0.8899,,1.0,0.0661,0.0059,0.052,0.9449,0.9528,0.7626,,False,
8316,277.267,117,Ben,0.6761,,0.0,0.0798,0.0,0.0901,0.9096,0.8998,0.709,,False,
8317,277.3,117,Ben,0.7165,,0.0,0.0612,0.0,0.0938,0.8922,0.8883,0.7191,,False,
8320,277.4,116,Ben,0.7971,,1.0,0.0117,0.0139,0.0698,0.9053,0.9564,0.7709,,False,
8321,277.433,116,Ben,0.8842,,1.0,0.0,0.0035,0.0648,0.9243,0.9579,0.7672,,False,
8322,277.467,116,Ben,0.8881,,1.0,0.0,0.0104,0.0571,0.9357,0.9582,0.7564,,False,
8323,277.5,116,Ben,0.8899,,1.0,0.0,0.0174,0.0408,0.9407,0.9585,0.7567,,False,
8324,277.533,116,Ben,0.8827,,1.0,0.0,0.0104,0.0195,0.9222,0.9546,0.7556,,False,
8325,277.567,116,Ben,0.8690,,1.0,0.0,0.0,0.0243,0.891,0.9418,0.7496,,False,
8326,277.6,116,Ben,0.8680,,1.0,0.0,0.0,0.0193,0.8788,0.9551,0.7511,,False,
8327,277.633,116,Ben,0.8633,,1.0,0.0,0.0,0.014,0.8651,0.9548,0.8027,,False,
8328,277.667,116,Ben,0.8613,,1.0,0.0,0.0,0.0131,0.8714,0.9376,0.8081,,False,
8329,277.7,116,Ben,0.8659,,1.0,0.0,0.0,0.0025,0.8864,0.9356,0.8067,,False,
8330,277.733,116,Ben,0.8713,,1.0,0.0,0.0,0.006,0.8961,0.9443,0.8406,,False,
8331,277.767,116,Ben,0.8689,,1.0,0.0,0.0,0.0043,0.9037,0.9237,0.8808,,False,
8332,277.8,116,Ben,0.8687,,1.0,0.0,0.0,0.0028,0.9052,0.9206,0.8686,,False,
8333,277.833,116,Ben,0.8738,,1.0,0.0,0.0,0.0006,0.9086,0.937,0.8547,,False,
8334,277.867,116,Ben,0.8742,,1.0,0.0,0.0,0.0,0.903,0.9466,0.8405,,False,
8335,277.9,116,Ben,0.8799,,1.0,0.0,0.0,0.0006,0.9106,0.9595,0.8295,,False,
8337,277.967,116,Ben,0.8298,,1.0,0.0,0.0,0.0017,0.9239,0.9656,0.7845,,False,
8338,278.0,116,Ben,0.8871,,1.0,0.0,0.0,0.0062,0.9268,0.9667,0.7788,,False,
8339,278.034,116,Ben,0.8906,,1.0,0.0,0.0,0.0206,0.9335,0.9715,0.7898,,False,
8340,278.067,116,Ben,0.8914,,1.0,0.0,0.0,0.0223,0.9375,0.9695,0.7871,,False,
8341,278.1,116,Ben,0.8894,,1.0,0.0,0.0,0.0219,0.9338,0.9663,0.7841,,False,
8342,278.134,116,Ben,0.8910,,1.0,0.0,0.0,0.0178,0.9353,0.9709,0.7754,,False,
8343,278.167,116,Ben,0.8904,,1.0,0.0,0.0,0.0191,0.9318,0.9732,0.7899,,False,
8344,278.2,116,Ben,0.8931,,1.0,0.0,0.0,0.0181,0.9369,0.9772,0.7951,,False,
8345,278.234,116,Ben,0.8929,,1.0,0.0,0.0,0.0136,0.9355,0.9786,0.811,,False,
8346,278.267,116,Ben,0.8894,,1.0,0.0,0.0,0.0056,0.9328,0.9675,0.8365,,False,
8347,278.3,116,Ben,0.8870,,1.0,0.0,0.0,0.0082,0.9266,0.9665,0.8432,,False,
8348,278.334,116,Ben,0.8886,,1.0,0.0,0.0,0.0117,0.9291,0.9696,0.8323,,False,
8349,278.367,116,Ben,0.8897,,1.0,0.0,0.0,0.0193,0.933,0.9687,0.838,,False,
8350,278.4,116,Ben,0.8927,,1.0,0.0,0.0,0.0122,0.9387,0.9732,0.8251,,False,
8351,278.434,116,Ben,0.8920,,1.0,0.0,0.0,0.0076,0.9375,0.9719,0.8292,,False,
8352,278.467,116,Ben,0.8939,,1.0,0.0,0.0,0.0152,0.9395,0.9768,0.8102,,False,
8354,278.534,116,Ben,0.8353,,1.0,0.0,0.0,0.0106,0.9395,0.9702,0.8117,,False,
8355,278.567,116,Ben,0.8861,,1.0,0.0,0.0,0.01,0.9263,0.9631,0.8319,,False,
8357,278.634,116,Ben,0.8339,,1.0,0.0,0.0,0.0117,0.9387,0.9685,0.8227,,False,
8360,278.734,116,Ben,0.8391,,1.0,0.0,0.0,0.0128,0.9461,0.9822,0.7867,,False,
8361,278.767,116,Ben,0.8953,,1.0,0.0,0.0,0.0079,0.9455,0.9744,0.7975,,False,
8362,278.801,116,Ben,0.8995,,1.0,0.0,0.0,0.0075,0.952,0.9824,0.7866,,False,
8363,278.834,116,Ben,0.9010,,1.0,0.0,0.0,0.0148,0.9544,0.9853,0.7619,,False,
8364,278.867,116,Ben,0.8981,,1.0,0.0164,0.0,0.018,0.9459,0.9852,0.7701,,False,
8365,278.901,116,Ben,0.8953,,1.0,0.0,0.0,0.0106,0.9432,0.9774,0.7572,,False,
8366,278.934,116,Ben,0.8984,,1.0,0.0,0.0,0.004,0.9481,0.9835,0.7772,,False,
8369,279.034,116,Ben,0.8421,,1.0,0.0,0.0,0.0025,0.9563,0.9792,0.7687,,False,
8371,279.101,116,Ben,0.8424,,1.0,0.0,0.0,0.0207,0.9578,0.9842,0.7867,,False,
8372,279.134,116,Ben,0.9009,,1.0,0.0,0.0,0.0195,0.956,0.9827,0.7879,,False,
8373,279.167,116,Ben,0.8997,,1.0,0.0,0.0,0.0169,0.9519,0.9835,0.8005,,False,
8376,279.267,116,Ben,0.8376,,1.0,0.0295,0.0035,0.0236,0.9497,0.9794,0.7701,,False,
8377,279.301,116,Ben,0.8989,,1.0,0.0263,0.0,0.0289,0.9491,0.984,0.7889,,False,
8378,279.334,116,Ben,0.8994,,1.0,0.0,0.0,0.0214,0.9508,0.984,0.7937,,False,
8379,279.367,116,Ben,0.9011,,1.0,0.0,0.0,0.0139,0.9553,0.9845,0.7915,,False,
8380,279.401,116,Ben,0.9013,,1.0,0.0,0.0,0.0094,0.9563,0.984,0.7788,,False,
8381,279.434,116,Ben,0.9007,,1.0,0.0,0.0,0.0191,0.9535,0.9854,0.7713,,False,
8382,279.467,116,Ben,0.9012,,1.0,0.0,0.0,0.0205,0.9565,0.9835,0.7748,,False,
8384,279.534,116,Ben,0.8455,,1.0,0.0,0.0,0.0406,0.9562,0.9837,0.7762,,False,
8385,279.567,116,Ben,0.9010,,1.0,0.0,0.0,0.0441,0.9563,0.9828,0.7586,,False,
8386,279.601,116,Ben,0.9000,,1.0,0.0,0.0035,0.0447,0.954,0.9818,0.7534,,False,
8387,279.634,116,Ben,0.8995,,1.0,0.0,0.0,0.0382,0.9502,0.985,0.7616,,False,
8388,279.667,116,Ben,0.8975,,1.0,0.0,0.0069,0.0324,0.948,0.9798,0.7738,,False,
8389,279.701,116,Ben,0.8943,,1.0,0.0462,0.0,0.0397,0.9405,0.9773,0.7589,,False,
8390,279.734,116,Ben,0.8930,,1.0,0.0151,0.0,0.047,0.9377,0.9756,0.7537,,False,
8391,279.768,116,Ben,0.8958,,1.0,0.0,0.0,0.0344,0.9433,0.9797,0.7646,,False,
8393,279.834,117,fighter-117,0.6503,red_gloves,0.0,0.3146,0.0,0.0918,0.8654,0.7543,0.6918,fake_punch,True,fake_punch
8393,279.834,116,Ben,0.8409,,1.0,0.0,0.0,0.02,0.947,0.9784,0.7543,,False,
8394,279.868,116,Ben,0.8978,,1.0,0.0,0.0,0.0114,0.9506,0.9776,0.7471,,False,
8396,279.934,116,Ben,0.8442,,1.0,0.0,0.0,0.0108,0.9603,0.9818,0.7661,,False,
8397,279.968,116,Ben,0.9012,,1.0,0.0,0.0,0.0276,0.9566,0.9831,0.7876,,False,
8398,280.001,116,Ben,0.8994,,1.0,0.0,0.0,0.026,0.9524,0.9814,0.7704,,False,
8399,280.034,116,Ben,0.8984,,1.0,0.0,0.0,0.0276,0.9519,0.9781,0.7725,,False,
8400,280.068,116,Ben,0.8978,,1.0,0.0,0.0,0.026,0.9481,0.9809,0.7776,,False,
8401,280.101,116,Ben,0.8969,,1.0,0.0131,0.0,0.0523,0.9455,0.981,0.7646,,False,
8402,280.134,116,Ben,0.8957,,1.0,0.0,0.0,0.0483,0.9417,0.9814,0.7751,,False,
8403,280.168,117,fighter-117,0.6581,red_gloves,0.0,0.178,0.0,0.1079,0.8857,0.7605,0.6717,punch,True,punch
8403,280.168,116,Ben,0.8946,,1.0,0.0,0.0,0.0386,0.9432,0.9747,0.7659,,False,
8404,280.201,116,Ben,0.8951,,1.0,0.0,0.0,0.0288,0.9478,0.9702,0.7632,,False,
8408,280.334,116,Ben,0.8953,,1.0,0.0,0.0,0.0143,0.9469,0.9725,0.7811,,False,
8409,280.368,116,Ben,0.8956,,1.0,0.0,0.0,0.0133,0.9471,0.9732,0.7823,,False,
8410,280.401,116,Ben,0.8951,,1.0,0.0,0.0,0.0143,0.9461,0.9724,0.7754,,False,
8411,280.434,116,Ben,0.8947,,1.0,0.0,0.0,0.0168,0.945,0.9727,0.7837,,False,
8412,280.468,116,Ben,0.8937,,1.0,0.0,0.0,0.0173,0.9442,0.9695,0.7807,,False,
8413,280.501,116,Ben,0.8946,,1.0,0.0,0.0,0.0189,0.9455,0.9713,0.7895,,False,
8414,280.534,116,Ben,0.8943,,1.0,0.0065,0.0,0.0179,0.9455,0.9702,0.79,,False,
8415,280.568,117,fighter-117,0.6533,red_gloves,0.0,0.173,0.0104,0.0775,0.8815,0.7482,0.6821,punch,True,punch
8415,280.568,116,Ben,0.8946,,1.0,0.0196,0.0,0.02,0.9468,0.9697,0.7883,,False,
8416,280.601,116,Ben,0.8962,,1.0,0.0033,0.0,0.0173,0.9484,0.9739,0.7969,,False,
8417,280.634,116,Ben,0.8946,,1.0,0.0,0.0,0.0141,0.9471,0.969,0.7997,,False,
8419,280.701,116,Ben,0.8330,,1.0,0.0,0.0,0.0113,0.9433,0.968,0.8159,,False,
8420,280.735,116,Ben,0.8861,,1.0,0.0,0.0,0.0123,0.9294,0.9589,0.8068,,False,
8421,280.768,116,Ben,0.8816,,1.0,0.0,0.0,0.0123,0.9183,0.9556,0.8141,,False,
8422,280.801,116,Ben,0.8799,,1.0,0.0139,0.0,0.0099,0.911,0.959,0.8106,,False,
8423,280.835,116,Ben,0.8751,,1.0,0.0206,0.0,0.0097,0.8973,0.9583,0.7786,,False,
8424,280.868,116,Ben,0.8717,,1.0,0.0104,0.0,0.0048,0.8901,0.9545,0.7971,,False,
8428,281.001,118,Ben,0.5862,,0.0,0.0295,0.0,0.0672,0.9266,0.7342,0.879,,False,
8429,281.035,118,Ben,0.3775,not_competition_fighter,0.0,0.0,0.0,0.0,0.0,0.7396,0.0,,False,
8430,281.068,118,Ben,0.3770,not_competition_fighter,0.0,0.0,0.0,0.0,0.0,0.7376,0.0,,False,
8431,281.101,118,Ben,0.3781,not_competition_fighter,0.0,0.0,0.0,0.0,0.0,0.7421,0.0,,False,
8432,281.135,118,Ben,0.3792,not_competition_fighter,0.0,0.0,0.0,0.0,0.0,0.7468,0.0,,False,
8433,281.168,118,Ben,0.3808,not_competition_fighter,0.0,0.0,0.0,0.0,0.0,0.7534,0.0,,False,
8434,281.201,118,Ben,0.3764,not_competition_fighter,0.0,0.0,0.0,0.0,0.0,0.7352,0.0,,False,
8435,281.235,118,Ben,0.3788,not_competition_fighter,0.0,0.0,0.0,0.0,0.0,0.745,0.0,,False,
8436,281.268,118,Ben,0.3767,not_competition_fighter,0.0,0.0,0.0,0.0,0.0,0.7364,0.0,,False,
8437,281.301,118,Ben,0.3765,not_competition_fighter,0.0,0.0,0.0,0.0,0.0,0.7354,0.0,,False,
8438,281.335,118,Ben,0.3754,not_competition_fighter,0.0,0.0,0.0,0.0,0.0,0.7308,0.0,,False,
8439,281.368,118,Ben,0.3751,not_competition_fighter,0.0,0.0,0.0,0.0,0.0,0.7296,0.0,,False,
8440,281.401,118,Ben,0.3809,not_competition_fighter,0.0,0.0,0.0,0.0,0.0,0.7537,0.0,,False,
8441,281.435,118,Ben,0.3807,not_competition_fighter,0.0,0.0,0.0,0.0,0.0,0.7529,0.0,,False,
8442,281.468,118,Ben,0.3811,not_competition_fighter,0.0,0.0,0.0,0.0,0.0,0.7544,0.0,,False,
8443,281.501,118,Ben,0.3821,not_competition_fighter,0.0,0.0,0.0,0.0,0.0,0.7588,0.0,,False,
8444,281.535,118,Ben,0.3824,not_competition_fighter,0.0,0.0,0.0,0.0,0.0,0.7598,0.0,,False,
8445,281.568,118,Ben,0.3832,not_competition_fighter,0.0,0.0,0.0,0.0,0.0,0.7635,0.0,,False,
8446,281.602,118,Ben,0.3771,not_competition_fighter,0.0,0.0,0.0,0.0,0.0,0.738,0.0,,False,
8448,281.668,116,Ben,0.8268,,1.0,0.0,0.0,0.0197,0.9357,0.9616,0.7439,,False,
8449,281.702,116,Ben,0.8895,,1.0,0.0,0.0069,0.0164,0.9344,0.9658,0.7518,,False,
8450,281.735,116,Ben,0.8906,,1.0,0.0,0.0278,0.0184,0.937,0.9668,0.7587,,False,
8451,281.768,116,Ben,0.8915,,1.0,0.0,0.0069,0.0251,0.939,0.9675,0.765,,False,
8452,281.802,116,Ben,0.8917,,1.0,0.0,0.0,0.0466,0.9349,0.9742,0.7514,,False,
8453,281.835,116,Ben,0.8908,,1.0,0.0,0.0,0.0358,0.9355,0.9697,0.7516,,False,
8454,281.868,116,Ben,0.8829,,1.0,0.0,0.0,0.0596,0.917,0.9632,0.7378,,False,
8455,281.902,116,Ben,0.8799,,1.0,0.0,0.0,0.0373,0.9126,0.9569,0.7145,,False,
8456,281.935,116,Ben,0.8782,,1.0,0.0398,0.0,0.0374,0.914,0.9478,0.6897,,False,
8457,281.968,116,Ben,0.8813,,1.0,0.0705,0.0,0.0597,0.9286,0.9401,0.6717,,False,
8458,282.002,116,Ben,0.8813,,1.0,0.0691,0.0,0.0863,0.9187,0.954,0.7015,,False,
8459,282.035,116,Ben,0.8804,,1.0,0.0465,0.0,0.047,0.9074,0.9663,0.7212,,False,
8460,282.068,116,Ben,0.8812,,1.0,0.0,0.0,0.0513,0.9165,0.9567,0.7055,,False,
8461,282.102,116,Ben,0.8725,,1.0,0.0,0.0,0.0908,0.9067,0.9342,0.6703,,False,
8462,282.135,116,Ben,0.8695,,1.0,0.0,0.0,0.1072,0.9023,0.9279,0.6504,,False,
8463,282.168,116,Ben,0.8656,,1.0,0.0,0.0,0.0301,0.8916,0.9271,0.6314,,False,
8464,282.202,116,Ben,0.8515,,1.0,0.0,0.0,0.0171,0.8569,0.9173,0.6463,,False,
8465,282.235,116,Ben,0.8516,,1.0,0.0,0.0,0.0251,0.8537,0.9224,0.625,punch,False,
8466,282.268,116,Ben,0.8470,,1.0,0.0,0.0,0.0396,0.8512,0.9068,0.622,punch,False,
8467,282.302,116,Ben,0.8471,,1.0,0.0,0.0,0.0504,0.8494,0.9096,0.6293,,False,
8468,282.335,116,Ben,0.8461,,1.0,0.0508,0.0201,0.0876,0.8468,0.9091,0.6174,,False,
8477,282.635,116,Ben,0.7773,,1.0,0.016,0.0,0.1453,0.8637,0.803,0.6242,,False,
8478,282.669,116,Ben,0.8185,,1.0,0.0,0.0077,0.0925,0.8623,0.7721,0.6595,,False,
8479,282.702,116,Ben,0.8224,,1.0,0.0,0.0,0.0705,0.8679,0.7805,0.671,kick,False,
8480,282.735,116,Ben,0.8229,,1.0,0.0028,0.0,0.0627,0.8891,0.7524,0.676,kick,False,
8481,282.769,116,Ben,0.8308,,1.0,0.0,0.0,0.0446,0.9103,0.7556,0.6979,,False,
8482,282.802,116,Ben,0.8350,,1.0,0.0,0.0,0.0341,0.9246,0.7526,0.6927,,False,
8484,282.869,116,Ben,0.7866,,1.0,0.0,0.0,0.02,0.9154,0.7223,0.7122,,False,
8487,282.969,116,Ben,0.7604,,1.0,0.002,0.0,0.0013,0.9091,0.6606,0.7559,,False,
8489,283.035,118,Ben,0.5800,,0.0,0.0088,0.0,0.0964,0.8914,0.7382,0.8909,,False,
8490,283.069,118,Ben,0.6831,,0.0,0.0134,0.0,0.0758,0.8842,0.7603,0.8851,,False,
8491,283.102,118,Ben,0.6841,,0.0,0.0134,0.0,0.0572,0.8822,0.7675,0.894,,False,
8492,283.135,118,Ben,0.6761,,0.0,0.0134,0.0,0.0499,0.8805,0.7365,0.8753,,False,
8493,283.169,118,Ben,0.6770,,0.0,0.0411,0.0,0.0442,0.8815,0.7389,0.8751,,False,
8494,283.202,118,Ben,0.6778,,0.0,0.0136,0.0,0.039,0.886,0.7356,0.8783,,False,
8495,283.235,118,Ben,0.6785,,0.0,0.0382,0.0,0.0598,0.8876,0.7362,0.8737,,False,
8496,283.269,118,Ben,0.6774,,0.0,0.0417,0.0,0.0628,0.8856,0.7346,0.8682,,False,
8497,283.302,118,Ben,0.6601,,0.0,0.0312,0.0,0.1056,0.884,0.6646,0.8394,,False,
8498,283.335,118,Ben,0.6627,,0.0,0.051,0.0,0.1284,0.8807,0.6801,0.8533,,False,
8499,283.369,118,Ben,0.6664,,0.0,0.0667,0.0,0.1277,0.8773,0.7004,0.867,,False,
8500,283.402,118,Ben,0.6640,,0.0,0.0365,0.0,0.161,0.87,0.701,0.8429,,False,
8501,283.436,118,Ben,0.6665,,0.0,0.0375,0.0,0.1642,0.8711,0.7096,0.8299,,False,
8502,283.469,118,Ben,0.6737,,0.0,0.0556,0.0,0.1503,0.8857,0.7192,0.8326,,False,
8503,283.502,118,Ben,0.6748,,0.0,0.0444,0.0,0.1765,0.8868,0.7219,0.8211,,False,
8505,283.569,118,Ben,0.5818,,0.0,0.041,0.0,0.1673,0.8888,0.7301,0.8273,,False,
8506,283.602,118,Ben,0.6794,,0.0,0.0417,0.0,0.1667,0.8854,0.743,0.818,,False,
8507,283.636,118,Ben,0.6792,,0.0,0.0521,0.0,0.1648,0.8833,0.7455,0.8262,,False,
8511,283.769,117,Ben,0.7169,,1.0,0.0626,0.0,0.0,0.8834,0.5883,0.6114,,False,
8516,283.936,117,Ben,0.7546,,1.0,0.0754,0.0,0.0047,0.8924,0.5976,0.6295,,False,
8517,283.969,117,Ben,0.7964,,1.0,0.0582,0.0,0.014,0.8998,0.6269,0.6593,,False,
8518,284.002,117,Ben,0.7952,,1.0,0.0104,0.0,0.0287,0.9017,0.6191,0.6475,,False,
8519,284.036,117,Ben,0.7969,,1.0,0.0,0.0,0.0412,0.8987,0.6304,0.6532,,False,
8520,284.069,117,Ben,0.7999,,1.0,0.0,0.0,0.0561,0.8968,0.6459,0.6514,,False,
8521,284.102,117,Ben,0.7962,,1.0,0.0,0.0,0.073,0.8904,0.6393,0.643,,False,
8522,284.136,117,Ben,0.7959,,1.0,0.0,0.0,0.0697,0.8961,0.63,0.6325,,False,
8523,284.169,117,Ben,0.7874,,1.0,0.0,0.0,0.0901,0.8504,0.6595,0.6373,,False,
8524,284.202,117,Ben,0.7985,,1.0,0.029,0.0,0.11,0.8751,0.6709,0.6485,,False,
8525,284.236,117,Ben,0.7938,,1.0,0.0333,0.0,0.1087,0.8634,0.6675,0.6504,,False,
8526,284.269,117,Ben,0.7956,,1.0,0.0235,0.0,0.1036,0.8715,0.6638,0.6343,,False,
8527,284.302,117,Ben,0.7924,,1.0,0.0414,0.0,0.1052,0.8677,0.6558,0.6494,,False,
8528,284.336,117,Ben,0.6579,,0.0,0.0275,0.0,0.0983,0.8824,0.6579,0.6396,,False,
8529,284.369,117,Ben,0.6533,,0.0,0.0251,0.0,0.09,0.8785,0.6443,0.6284,,False,
8530,284.403,117,Ben,0.6521,,0.0,0.0094,0.0104,0.0817,0.8759,0.6428,0.6303,,False,
8531,284.436,117,Ben,0.6534,,0.0,0.0095,0.0035,0.0605,0.8857,0.6343,0.6287,,False,
8532,284.469,117,Ben,0.6540,,0.0,0.0081,0.0,0.0804,0.8734,0.6544,0.638,,False,
8533,284.503,117,Ben,0.6497,,0.0,0.0477,0.0,0.0419,0.8598,0.6556,0.665,,False,
8534,284.536,117,Ben,0.6484,red_gloves,0.0,0.1115,0.0,0.0692,0.8335,0.6875,0.83,,False,
8535,284.569,117,Ben,0.6541,red_gloves,0.0,0.186,0.0,0.0679,0.8255,0.7228,0.8479,,False,
8536,284.603,117,Ben,0.6539,red_gloves,0.0,0.1277,0.0,0.0574,0.8243,0.7233,0.8519,,False,
8537,284.636,117,Ben,0.6534,,0.0,0.0722,0.0,0.0527,0.8268,0.7179,0.8407,,False,
8538,284.669,117,Ben,0.6539,,0.0,0.0597,0.0,0.0429,0.8336,0.7105,0.8406,,False,
8539,284.703,117,Ben,0.6508,red_gloves,0.0,0.1264,0.0,0.0338,0.8224,0.7134,0.822,,False,
8540,284.736,117,Ben,0.6606,red_gloves,0.0,0.1292,0.0,0.0269,0.8429,0.725,0.8211,,False,
8541,284.769,117,Ben,0.6525,red_gloves,0.0,0.134,0.0,0.0161,0.8355,0.7018,0.8165,,False,
8542,284.803,117,Ben,0.6599,red_gloves,0.0,0.1583,0.0,0.0078,0.8373,0.7299,0.817,,False,
8543,284.836,117,Ben,0.6528,red_gloves,0.0,0.0938,0.0,0.0066,0.8271,0.7148,0.829,,False,
8544,284.869,117,Ben,0.6650,red_gloves,0.0,0.1194,0.0,0.015,0.8138,0.7845,0.8872,,False,
8545,284.903,117,Ben,0.6638,red_gloves,0.0,0.1229,0.0,0.0406,0.8093,0.7858,0.8977,,False,
8546,284.936,117,Ben,0.6642,red_gloves;exclude_reference,0.0,0.1851,0.0026,0.047,0.8064,0.7918,0.9071,,False,
8547,284.969,117,Ben,0.6621,red_gloves,0.0,0.1102,0.0051,0.0528,0.8069,0.7822,0.8949,,False,
8548,285.003,117,Ben,0.6678,red_gloves,0.0,0.107,0.0102,0.045,0.8203,0.7871,0.8916,,False,
8549,285.036,117,Ben,0.6711,red_gloves,0.0,0.0898,0.0077,0.0538,0.826,0.7929,0.8963,,False,
8550,285.069,117,Ben,0.6751,exclude_reference,0.0,0.0745,0.0153,0.0409,0.8272,0.8077,0.9038,,False,
8551,285.103,117,Ben,0.6792,exclude_reference,0.0,0.0783,0.0077,0.0295,0.8324,0.8174,0.9106,,False,
8557,285.303,117,Ben,0.6679,,0.0,0.0584,0.0,0.042,0.8918,0.7935,0.864,,False,
8558,285.336,117,Ben,0.6934,red_gloves,0.0,0.1039,0.0,0.0469,0.8893,0.7961,0.8656,,False,
8559,285.37,117,Ben,0.6840,,0.0,0.066,0.0,0.0422,0.8872,0.7598,0.8308,,False,
8560,285.403,117,Ben,0.6889,,0.0,0.0694,0.0,0.033,0.8967,0.7666,0.8283,,False,
8561,285.436,117,Ben,0.6855,,0.0,0.0406,0.0,0.0312,0.8921,0.7592,0.811,,False,
8562,285.47,117,Ben,0.6806,,0.0,0.0378,0.0,0.061,0.8897,0.7419,0.7897,,False,
8563,285.503,117,Ben,0.6736,,0.0,0.0303,0.0,0.0883,0.8914,0.7104,0.7337,,False,
8564,285.536,117,Ben,0.6679,red_gloves,0.0,0.2529,0.0,0.0973,0.9073,0.6641,0.6417,,False,
8565,285.57,117,Ben,0.6648,,0.0,0.0647,0.0,0.1022,0.8983,0.6642,0.6427,,False,
8566,285.603,117,Ben,0.6619,,0.0,0.0505,0.0,0.1246,0.8937,0.6587,0.6454,,False,
8567,285.636,117,Ben,0.6647,,0.0,0.0281,0.0035,0.1508,0.9023,0.6579,0.6429,,False,
8568,285.67,117,Ben,0.6697,,0.0,0.0199,0.0,0.1442,0.9104,0.6674,0.6511,,False,
8569,285.703,117,Ben,0.6731,,0.0,0.0353,0.0208,0.1357,0.9131,0.6777,0.6698,,False,
8570,285.736,117,Ben,0.6852,,0.0,0.0425,0.0,0.1086,0.905,0.7394,0.7369,,False,
8571,285.77,117,Ben,0.6862,,0.0,0.0748,0.0,0.1016,0.9173,0.7263,0.7334,,False,
8572,285.803,117,Ben,0.6921,,0.0,0.0196,0.0035,0.1133,0.9023,0.772,0.7598,,False,
8573,285.836,117,Ben,0.8400,,1.0,0.0077,0.0,0.126,0.9092,0.7955,0.772,,False,
8574,285.87,117,Ben,0.8376,,1.0,0.0355,0.0,0.1199,0.9096,0.7849,0.7665,,False,
8575,285.903,117,Ben,0.8377,,1.0,0.0164,0.0069,0.1208,0.9008,0.7975,0.7789,,False,
8576,285.936,117,Ben,0.8398,,1.0,0.0392,0.0,0.1063,0.8938,0.8162,0.7807,,False,
8577,285.97,117,Ben,0.8376,,1.0,0.0559,0.0,0.1169,0.8831,0.8221,0.8187,,False,
8578,286.003,117,Ben,0.8362,,1.0,0.0628,0.0,0.1044,0.8783,0.8234,0.825,,False,
8579,286.036,117,Ben,0.8332,,1.0,0.0511,0.0035,0.0943,0.8837,0.8032,0.8169,,False,
8587,286.303,119,Ben,0.7458,,1.0,0.0,0.0,0.0198,0.884,0.8733,0.6897,,False,
8588,286.337,119,Ben,0.8548,,1.0,0.0,0.0,0.0053,0.8885,0.8864,0.6362,,False,
8589,286.37,119,Ben,0.8465,,1.0,0.0,0.0,0.0094,0.8792,0.865,0.6669,,False,
8590,286.403,119,Ben,0.8431,,1.0,0.0,0.0,0.0236,0.8553,0.8847,0.6857,,False,
8591,286.437,119,Ben,0.8490,,1.0,0.0,0.0,0.0318,0.8684,0.8904,0.7061,,False,
8592,286.47,119,Ben,0.8546,,1.0,0.0521,0.0,0.0374,0.8681,0.9142,0.7335,,False,
8593,286.503,119,Ben,0.8554,,1.0,0.0,0.0,0.0343,0.862,0.9263,0.7421,,False,
8594,286.537,119,Ben,0.8570,,1.0,0.0,0.0,0.0406,0.852,0.9472,0.7908,,False,
8595,286.57,119,Ben,0.8637,,1.0,0.0,0.0,0.0354,0.87,0.9496,0.8196,,False,
8596,286.603,119,Ben,0.8630,,1.0,0.0,0.0,0.0313,0.8679,0.9497,0.8157,,False,
8597,286.637,119,Ben,0.8600,,1.0,0.0,0.0,0.0425,0.8585,0.9506,0.8298,,False,
8598,286.67,119,Ben,0.8595,,1.0,0.0139,0.0,0.038,0.8604,0.9457,0.8232,,False,
8599,286.703,119,Ben,0.8651,,1.0,0.0243,0.0,0.0533,0.8715,0.9535,0.8267,,False,
8600,286.737,119,Ben,0.8734,,1.0,0.0033,0.0,0.0536,0.8935,0.9568,0.8348,,False,
8601,286.77,119,Ben,0.8750,,1.0,0.0,0.0278,0.0656,0.8932,0.9639,0.8402,,False,
8602,286.803,119,Ben,0.8772,,1.0,0.0,0.0069,0.0847,0.8996,0.9638,0.8452,,False,
8603,286.837,119,Ben,0.8782,,1.0,0.0,0.0556,0.0959,0.9082,0.9558,0.8515,,False,
8604,286.87,119,Ben,0.8765,,1.0,0.0,0.0694,0.0921,0.917,0.9362,0.8293,,False,
8605,286.903,119,Ben,0.8518,,1.0,0.0,0.0451,0.0696,0.9031,0.853,0.7982,,False,
8614,287.204,119,Ben,0.7457,,1.0,0.0,0.0,0.0781,0.8809,0.9206,0.8045,,False,
8615,287.237,119,Ben,0.8653,,1.0,0.0,0.0,0.0937,0.8919,0.9253,0.802,,False,
8616,287.27,119,Ben,0.8664,,1.0,0.0,0.0,0.0849,0.8951,0.9251,0.7931,,False,
8617,287.304,119,Ben,0.8692,,1.0,0.0,0.0,0.0985,0.8989,0.9315,0.7874,,False,
8618,287.337,119,Ben,0.8689,,1.0,0.0,0.0,0.1205,0.9045,0.9225,0.7796,,False,
8619,287.37,119,Ben,0.8662,,1.0,0.0,0.0,0.1119,0.9068,0.9079,0.764,,False,
8620,287.404,119,Ben,0.8679,,1.0,0.0,0.0,0.0873,0.9074,0.9139,0.7674,,False,
8621,287.437,119,Ben,0.8673,,1.0,0.0,0.0,0.0929,0.9101,0.9078,0.7609,,False,
8622,287.47,119,Ben,0.8699,,1.0,0.0,0.0,0.0326,0.9078,0.9218,0.7815,,False,
8623,287.504,119,Ben,0.8666,,1.0,0.0,0.0,0.0294,0.8971,0.9231,0.8023,,False,
8624,287.537,119,Ben,0.8671,,1.0,0.0,0.0,0.0254,0.8995,0.922,0.7853,,False,
8625,287.57,119,Ben,0.8647,,1.0,0.0,0.0,0.0325,0.8994,0.9119,0.7764,,False,
8626,287.604,119,Ben,0.8691,,1.0,0.0,0.0,0.0373,0.9045,0.9231,0.7536,,False,
8627,287.637,119,Ben,0.8693,,1.0,0.0,0.0,0.0402,0.9002,0.9303,0.7546,,False,
8628,287.67,119,Ben,0.8747,,1.0,0.0,0.0,0.0444,0.9042,0.9469,0.7418,,False,
8629,287.704,119,Ben,0.8756,,1.0,0.0,0.0,0.0371,0.9076,0.9457,0.7415,,False,
8630,287.737,119,Ben,0.8785,,1.0,0.0,0.0,0.0431,0.9164,0.9454,0.7715,,False,
8631,287.77,119,Ben,0.8800,,1.0,0.0,0.0,0.0514,0.9189,0.9482,0.7532,,False,
8632,287.804,119,Ben,0.8835,,1.0,0.0,0.0,0.0679,0.9374,0.9364,0.7658,,False,
8633,287.837,119,Ben,0.8837,,1.0,0.0,0.0,0.0632,0.9375,0.9373,0.7722,,False,
8634,287.87,119,Ben,0.8885,,1.0,0.0243,0.0,0.062,0.9418,0.9513,0.7601,,False,
8635,287.904,119,Ben,0.8870,,1.0,0.0139,0.0,0.066,0.9379,0.9505,0.7618,,False,
8636,287.937,119,Ben,0.8875,,1.0,0.0174,0.0,0.0686,0.9401,0.9495,0.7726,,False,
8637,287.97,119,Ben,0.8845,,1.0,0.0,0.0,0.0627,0.9382,0.9398,0.7711,,False,
8638,288.004,119,Ben,0.8840,,1.0,0.0,0.0069,0.0637,0.9374,0.9385,0.761,,False,
8639,288.037,119,Ben,0.8850,,1.0,0.0,0.0347,0.0631,0.9389,0.9408,0.7519,,False,
8640,288.071,119,Ben,0.8822,,1.0,0.0,0.0417,0.0563,0.935,0.9344,0.7667,,False,
8641,288.104,119,Ben,0.8850,,1.0,0.0,0.0,0.0454,0.9466,0.9297,0.7591,,False,
8642,288.137,119,Ben,0.8879,,1.0,0.0,0.0,0.0404,0.9516,0.9349,0.7764,,False,
8643,288.171,119,Ben,0.8850,,1.0,0.0,0.0139,0.0354,0.9441,0.9332,0.7809,,False,
8644,288.204,119,Ben,0.8653,,1.0,0.0,0.0,0.0135,0.8994,0.9148,0.7837,,False,
8645,288.237,119,Ben,0.8686,,1.0,0.0,0.0,0.0136,0.9003,0.9269,0.797,,False,
8646,288.271,119,Ben,0.8604,,1.0,0.0,0.0,0.0077,0.8929,0.9034,0.7805,,False,
8647,288.304,119,Ben,0.8552,,1.0,0.0,0.0,0.0102,0.8814,0.8981,0.7845,,False,
8648,288.337,119,Ben,0.8569,,1.0,0.0062,0.0,0.0059,0.8789,0.9088,0.788,,False,
8649,288.371,119,Ben,0.8605,,1.0,0.0,0.0,0.0042,0.8834,0.9173,0.792,,False,
8650,288.404,119,Ben,0.8535,,1.0,0.0,0.0,0.0042,0.8781,0.8956,0.7821,,False,
8651,288.437,119,Ben,0.8562,,1.0,0.0,0.0,0.0034,0.8732,0.9139,0.8146,,False,
8652,288.471,119,Ben,0.8631,,1.0,0.0,0.0069,0.0076,0.8772,0.9369,0.8087,,False,
8653,288.504,119,Ben,0.8646,,1.0,0.0,0.0035,0.0042,0.8779,0.942,0.8185,,False,
8654,288.537,119,Ben,0.8611,,1.0,0.0062,0.0035,0.0068,0.8801,0.9246,0.8274,,False,
8655,288.571,119,Ben,0.8609,,1.0,0.0368,0.0035,0.0136,0.8806,0.923,0.8235,,False,
8656,288.604,119,Ben,0.8637,,1.0,0.0,0.0035,0.0121,0.8862,0.9268,0.8202,,False,
8657,288.637,119,Ben,0.8644,,1.0,0.0063,0.0035,0.0108,0.8857,0.9303,0.828,,False,
8658,288.671,119,Ben,0.8685,,1.0,0.0,0.0,0.0137,0.8912,0.9395,0.8259,,False,
8659,288.704,119,Ben,0.8722,,1.0,0.0,0.0,0.023,0.8875,0.9602,0.8253,,False,
8660,288.737,119,Ben,0.8744,,1.0,0.0,0.0,0.0262,0.8911,0.9643,0.8087,,False,
8661,288.771,119,Ben,0.8680,,1.0,0.0,0.0069,0.0232,0.8876,0.9424,0.8026,,False,
8662,288.804,119,Ben,0.8705,,1.0,0.0,0.0035,0.0316,0.8914,0.9475,0.8055,,False,
8663,288.837,119,Ben,0.8668,,1.0,0.0032,0.0069,0.04,0.8926,0.9306,0.7854,,False,
8664,288.871,119,Ben,0.8660,,1.0,0.0,0.0139,0.0434,0.8866,0.9357,0.7926,,False,
8665,288.904,119,Ben,0.8624,,1.0,0.0064,0.0069,0.0439,0.8774,0.9336,0.7854,,False,
8666,288.937,119,Ben,0.8570,,1.0,0.0,0.0035,0.0569,0.8688,0.9234,0.7738,,False,
8667,288.971,119,Ben,0.8573,,1.0,0.0032,0.0104,0.0651,0.8667,0.9276,0.7637,,False,
8668,289.004,119,Ben,0.8570,,1.0,0.0,0.0035,0.0665,0.8617,0.9334,0.757,,False,
8669,289.038,119,Ben,0.8556,,1.0,0.0,0.0069,0.0589,0.8543,0.9381,0.7721,,False,
8670,289.071,119,Ben,0.8524,,1.0,0.0,0.0035,0.0685,0.8489,0.9323,0.7631,,False,
8671,289.104,119,Ben,0.8419,,1.0,0.0,0.0,0.0688,0.84,0.9013,0.7635,,False,
8672,289.138,119,Ben,0.8439,,1.0,0.0,0.0,0.0573,0.8444,0.9032,0.772,,False,
8673,289.171,119,Ben,0.8424,,1.0,0.0,0.0,0.0602,0.8428,0.8995,0.7722,,False,
8674,289.204,119,Ben,0.8436,,1.0,0.0,0.0312,0.0752,0.8377,0.9114,0.7679,,False,
8675,289.238,119,Ben,0.8442,,1.0,0.0,0.0243,0.0699,0.8405,0.9101,0.7663,,False,
8676,289.271,119,Ben,0.8433,,1.0,0.0,0.0347,0.0739,0.8384,0.9094,0.7732,,False,
8677,289.304,119,Ben,0.8455,,1.0,0.0,0.0486,0.0749,0.8412,0.9145,0.7612,,False,
8678,289.338,119,Ben,0.8445,,1.0,0.0,0.0486,0.0643,0.8359,0.918,0.7726,,False,
8679,289.371,119,Ben,0.8436,,1.0,0.0,0.0278,0.0453,0.8298,0.9227,0.7736,,False,
8680,289.404,119,Ben,0.8486,,1.0,0.0089,0.0069,0.0446,0.839,0.9305,0.7784,,False,
8681,289.438,119,Ben,0.8523,,1.0,0.0,0.0069,0.0357,0.8416,0.9422,0.8056,,False,
8682,289.471,119,Ben,0.8551,,1.0,0.0,0.0,0.0187,0.8504,0.9414,0.8192,,False,
8683,289.504,119,Ben,0.8580,,1.0,0.0,0.0,0.0228,0.8637,0.9346,0.8203,,False,
8684,289.538,119,Ben,0.8570,,1.0,0.0,0.0,0.015,0.8676,0.9251,0.8147,,False,
8685,289.571,119,Ben,0.8596,,1.0,0.0,0.0,0.0258,0.8591,0.948,0.8016,,False,
8686,289.604,119,Ben,0.8599,,1.0,0.0,0.0,0.02,0.8601,0.9476,0.7746,,False,
8687,289.638,119,Ben,0.8577,,1.0,0.0,0.0,0.02,0.8606,0.9377,0.7749,,False,
8688,289.671,119,Ben,0.8566,,1.0,0.0,0.0,0.021,0.8623,0.9311,0.7589,,False,
8689,289.704,119,Ben,0.8584,,1.0,0.0,0.0,0.0293,0.8694,0.9283,0.7609,,False,
8690,289.738,119,Ben,0.8567,,1.0,0.0,0.0,0.0206,0.8659,0.9264,0.7656,,False,
8691,289.771,119,Ben,0.8604,,1.0,0.0,0.0,0.0295,0.8729,0.9319,0.7687,,False,
8692,289.804,119,Ben,0.8630,,1.0,0.0,0.0,0.0332,0.8728,0.9429,0.7756,,False,
8693,289.838,119,Ben,0.8659,,1.0,0.0,0.0035,0.0466,0.8819,0.9417,0.7766,,False,
8694,289.871,119,Ben,0.8679,,1.0,0.0,0.0,0.0463,0.8816,0.9506,0.7634,,False,
8695,289.905,119,Ben,0.8666,,1.0,0.0069,0.0035,0.0293,0.8792,0.9487,0.7744,,False,
8696,289.938,119,Ben,0.8665,,1.0,0.0174,0.0069,0.0396,0.8829,0.943,0.7678,,False,
8697,289.971,119,Ben,0.8682,,1.0,0.0208,0.0069,0.0271,0.8836,0.9491,0.7682,,False,
8698,290.005,119,Ben,0.8661,,1.0,0.0169,0.0069,0.041,0.8858,0.937,0.7904,,False,
8699,290.038,119,Ben,0.8652,,1.0,0.0102,0.0069,0.0382,0.8824,0.9382,0.7945,,False,
8700,290.071,119,Ben,0.8655,,1.0,0.0102,0.0139,0.0404,0.8872,0.9326,0.792,,False,
8701,290.105,119,Ben,0.8733,,1.0,0.0,0.0139,0.0603,0.8923,0.9579,0.8024,,False,
8702,290.138,119,Ben,0.8742,,1.0,0.0,0.0208,0.0496,0.8938,0.9596,0.8125,,False,
8703,290.171,119,Ben,0.8750,,1.0,0.0,0.0104,0.0456,0.8978,0.9574,0.8259,,False,
8704,290.205,119,Ben,0.8737,,1.0,0.0,0.0069,0.0351,0.8964,0.9539,0.8426,,False,
8705,290.238,119,Ben,0.8754,,1.0,0.0,0.0104,0.0296,0.898,0.9585,0.8587,,False,
8706,290.271,119,Ben,0.8740,,1.0,0.0,0.0104,0.0278,0.9,0.9502,0.873,,False,
8707,290.305,119,Ben,0.8833,,1.0,0.0,0.0035,0.0241,0.9205,0.9599,0.8774,,False,
8708,290.338,119,Ben,0.8842,,1.0,0.0,0.0035,0.0259,0.9316,0.9476,0.8685,,False,
8709,290.371,119,Ben,0.8841,,1.0,0.0,0.0035,0.0257,0.932,0.9469,0.8618,,False,
8710,290.405,119,Ben,0.8804,,1.0,0.0,0.0,0.0272,0.9294,0.9351,0.8581,,False,
8711,290.438,119,Ben,0.8805,,1.0,0.0,0.0,0.03,0.928,0.9376,0.8558,,False,
8712,290.471,119,Ben,0.8811,,1.0,0.0,0.0,0.0343,0.9266,0.9419,0.8435,,False,
8713,290.505,119,Ben,0.8804,,1.0,0.0,0.0,0.0318,0.9266,0.9389,0.8518,,False,
8714,290.538,119,Ben,0.8769,,1.0,0.0,0.0069,0.0291,0.925,0.9268,0.8472,,False,
8715,290.571,119,Ben,0.8750,,1.0,0.0,0.0,0.0231,0.9206,0.9249,0.8467,,False,
8716,290.605,119,Ben,0.8756,,1.0,0.0,0.0,0.0509,0.9203,0.9281,0.8387,,False,
8717,290.638,119,Ben,0.8739,,1.0,0.0,0.0,0.0523,0.9122,0.9324,0.858,,False,
8718,290.671,119,Ben,0.8742,,1.0,0.0,0.0,0.0773,0.9053,0.9435,0.8453,,False,
8719,290.705,119,Ben,0.8775,,1.0,0.0,0.0,0.0662,0.9208,0.9353,0.8236,,False,
8720,290.738,119,Ben,0.8828,,1.0,0.0126,0.0104,0.0449,0.9356,0.9361,0.8187,,False,
8721,290.771,119,Ben,0.8792,,1.0,0.0247,0.0,0.0513,0.9456,0.9071,0.7968,,False,
8722,290.805,119,Ben,0.8716,,1.0,0.0,0.0,0.0956,0.9384,0.8856,0.7961,,False,
8723,290.838,119,Ben,0.8701,,1.0,0.0149,0.0,0.08,0.9262,0.8966,0.7827,,False,
8724,290.872,119,Ben,0.8696,,1.0,0.024,0.0,0.0742,0.9281,0.892,0.7573,,False,
8726,290.938,122,Ben,0.6719,,0.0,0.0784,0.0,0.0291,0.8702,0.9661,0.7008,,False,
8736,291.272,122,Ben,0.6697,,0.0,0.0625,0.0104,0.1735,0.8815,0.9546,0.6838,,False,
8738,291.338,119,Ben,0.7832,,1.0,0.0703,0.0,0.0795,0.9065,0.9278,0.8057,,False,
8739,291.372,119,Ben,0.8682,,1.0,0.0,0.0243,0.0902,0.897,0.9301,0.8181,,False,
8740,291.405,119,Ben,0.7217,,0.0,0.0,0.0069,0.0839,0.8874,0.9167,0.8094,,False,
8741,291.438,119,Ben,0.7258,,0.0,0.0,0.0104,0.063,0.8892,0.9313,0.8085,,False,
8742,291.472,119,Ben,0.7235,,0.0,0.0,0.0,0.0895,0.8867,0.9251,0.8066,,False,
8743,291.505,119,Ben,0.7296,,0.0,0.0,0.0,0.1069,0.8983,0.9342,0.7904,,False,
8744,291.538,119,Ben,0.8713,,1.0,0.0,0.0,0.1436,0.9042,0.933,0.7818,,False,
8763,292.172,119,Ben,0.7928,,1.0,0.0,0.0035,0.1569,0.9321,0.9095,0.7956,,False,
8764,292.205,119,Ben,0.8729,,1.0,0.0,0.0,0.1007,0.9233,0.9126,0.8056,,False,
8765,292.239,119,Ben,0.8692,,1.0,0.0,0.0035,0.0594,0.9032,0.9255,0.8371,,False,
8766,292.272,119,Ben,0.8679,,1.0,0.0,0.0,0.0443,0.895,0.9317,0.839,,False,
8767,292.305,119,Ben,0.8672,,1.0,0.0,0.0,0.0361,0.894,0.9302,0.8463,,False,
8768,292.339,119,Ben,0.8649,,1.0,0.0,0.0,0.0476,0.8902,0.9258,0.852,,False,
8769,292.372,119,Ben,0.8667,,1.0,0.0,0.0,0.0415,0.8917,0.9315,0.8671,,False,
8770,292.405,119,Ben,0.8730,,1.0,0.0236,0.0,0.0442,0.9028,0.9418,0.8482,,False,
8771,292.439,119,Ben,0.8826,,1.0,0.0133,0.0,0.0511,0.9278,0.9466,0.8412,,False,
8772,292.472,119,Ben,0.8810,,1.0,0.0137,0.0,0.0496,0.9196,0.9515,0.8571,,False,
8773,292.505,119,Ben,0.8821,,1.0,0.0083,0.0,0.0589,0.9206,0.9544,0.8463,,False,
8774,292.539,119,Ben,0.8845,,1.0,0.0035,0.0,0.0626,0.9275,0.9547,0.8609,,False,
8775,292.572,119,Ben,0.8825,,1.0,0.0,0.0035,0.0632,0.9271,0.947,0.8602,,False,
8776,292.605,119,Ben,0.8831,,1.0,0.0,0.0,0.0529,0.9239,0.9542,0.8468,,False,
8777,292.639,119,Ben,0.8829,,1.0,0.0,0.0035,0.0603,0.9202,0.9586,0.8469,,False,
8778,292.672,119,Ben,0.8803,,1.0,0.0,0.0,0.0692,0.9136,0.957,0.8228,,False,
8779,292.706,119,Ben,0.8767,,1.0,0.0,0.0,0.0675,0.9029,0.9572,0.8222,,False,
8780,292.739,119,Ben,0.8739,,1.0,0.0,0.0,0.0721,0.8998,0.9498,0.8113,,False,
8781,292.772,119,Ben,0.8714,,1.0,0.0,0.0035,0.0512,0.8949,0.9466,0.7943,,False,
8782,292.806,119,Ben,0.8692,,1.0,0.0,0.0,0.0513,0.8981,0.9329,0.8096,,False,
8783,292.839,119,Ben,0.8751,,1.0,0.0,0.0069,0.0426,0.9115,0.9383,0.7965,,False,
8784,292.872,119,Ben,0.8767,,1.0,0.0,0.0035,0.0611,0.9365,0.9096,0.7539,,False,
8785,292.906,119,Ben,0.8745,,1.0,0.0,0.0,0.071,0.9428,0.8913,0.7712,,False,
8786,292.939,119,Ben,0.8738,,1.0,0.0,0.0,0.0799,0.9318,0.9042,0.745,,False,
8787,292.972,119,Ben,0.8736,,1.0,0.0,0.0035,0.0669,0.9274,0.9097,0.7319,,False,
8788,293.006,119,Ben,0.8769,,1.0,0.0104,0.0069,0.0656,0.9428,0.9013,0.7364,,False,
8789,293.039,119,Ben,0.8751,,1.0,0.0208,0.0069,0.0723,0.9396,0.8986,0.7641,,False,
8790,293.072,119,Ben,0.8814,face_mismatch,1.0,0.0069,0.0,0.0627,0.9325,0.912,0.7767,,False,
8791,293.106,119,Ben,0.8783,,1.0,0.0057,0.0035,0.0656,0.931,0.9241,0.8118,,False,
8793,293.172,122,Ben,0.6238,,0.0,0.0398,0.0035,0.0234,0.8274,0.7657,0.7454,,False,
